video_path,total_frames,failed_t1,passed_t1,failed_t2,passed_t2,fallback_triggered,selected_count,selected_indices,category,split,label
FaceForensics++_C23\DeepFakeDetection/01_02__meeting_serious__YVGY8LOK.mp4,1044,1043,1,0,1,True,1,[0],DeepFakeDetection,train,1
FaceForensics++_C23\DeepFakeDetection/01_02__outside_talking_still_laughing__YVGY8LOK.mp4,727,691,36,11,25,False,20,"[0, 716, 410, 470, 411, 195, 382, 19, 638, 525, 420, 466, 454, 453, 458, 634, 527, 609, 464, 646]",DeepFakeDetection,train,1
FaceForensics++_C23\Deepfakes/000_003.mp4,396,395,1,0,1,True,1,[0],Deepfakes,test,1
FaceForensics++_C23\Deepfakes/001_870.mp4,460,457,3,1,2,True,3,"[0, 369, 303]",Deepfakes,train,1
FaceForensics++_C23\Face2Face/000_003.mp4,303,302,1,0,1,True,1,[0],Face2Face,test,1
FaceForensics++_C23\Face2Face/001_870.mp4,604,600,4,1,3,True,4,"[0, 369, 549, 303]",Face2Face,train,1
FaceForensics++_C23\FaceShifter/000_003.mp4,396,395,1,0,1,True,1,[0],FaceShifter,test,1
FaceForensics++_C23\FaceShifter/001_870.mp4,460,457,3,1,2,True,3,"[0, 369, 303]",FaceShifter,train,1
FaceForensics++_C23\FaceSwap/000_003.mp4,303,302,1,0,1,True,1,[0],FaceSwap,test,1
FaceForensics++_C23\FaceSwap/001_870.mp4,460,457,3,1,2,True,3,"[0, 369, 303]",FaceSwap,train,1
FaceForensics++_C23\NeuralTextures/000_003.mp4,303,302,1,0,1,True,1,[0],NeuralTextures,test,1
FaceForensics++_C23\NeuralTextures/001_870.mp4,460,457,3,1,2,True,3,"[0, 369, 303]",NeuralTextures,train,1
FaceForensics++_C23\original/000.mp4,396,395,1,0,1,True,1,[0],original,test,0
FaceForensics++_C23\original/001.mp4,460,456,4,1,3,True,4,"[0, 369, 240, 303]",original,train,0
FaceForensics++_C23\DeepFakeDetection/01_02__talking_against_wall__YVGY8LOK.mp4,841,840,1,0,1,True,1,[0],DeepFakeDetection,train,1
FaceForensics++_C23\DeepFakeDetection/01_02__walk_down_hall_angry__YVGY8LOK.mp4,217,205,12,4,8,True,12,"[0, 215, 216, 206, 210, 208, 209, 207, 211, 212, 213, 214]",DeepFakeDetection,train,1
FaceForensics++_C23\DeepFakeDetection/01_02__walking_down_indoor_hall_disgust__YVGY8LOK.mp4,773,121,652,196,456,False,20,"[216, 218, 327, 209, 214, 200, 348, 224, 324, 215, 192, 219, 435, 322, 46, 276, 372, 213, 193, 704]",DeepFakeDetection,train,1
FaceForensics++_C23\DeepFakeDetection/01_03__hugging_happy__ISF9SP4G.mp4,605,414,191,57,134,False,20,"[0, 365, 357, 368, 259, 586, 234, 233, 323, 54, 481, 321, 237, 392, 488, 325, 395, 226, 487, 421]",DeepFakeDetection,train,1
FaceForensics++_C23\DeepFakeDetection/01_03__kitchen_pan__JZUXXFRB.mp4,455,237,218,66,152,False,20,"[16, 15, 11, 10, 9, 32, 20, 0, 36, 8, 24, 14, 34, 12, 4, 2, 28, 6, 18, 33]",DeepFakeDetection,train,1
FaceForensics++_C23\DeepFakeDetection/01_03__podium_speech_happy__480LQD1C.mp4,898,897,1,0,1,True,1,[0],DeepFakeDetection,train,1
FaceForensics++_C23\DeepFakeDetection/01_03__talking_against_wall__JZUXXFRB.mp4,843,842,1,0,1,True,1,[0],DeepFakeDetection,train,1
FaceForensics++_C23\DeepFakeDetection/01_04__hugging_happy__GBC7ZGDP.mp4,538,339,199,60,139,False,20,"[0, 327, 319, 287, 214, 291, 324, 447, 318, 328, 213, 336, 332, 433, 431, 205, 233, 427, 52, 211]",DeepFakeDetection,train,1
FaceForensics++_C23\DeepFakeDetection/01_04__meeting_serious__0XUW13RW.mp4,1045,1044,1,0,1,True,1,[0],DeepFakeDetection,train,1
FaceForensics++_C23\DeepFakeDetection/01_04__talking_angry_couch__0XUW13RW.mp4,1465,1461,4,1,3,True,4,"[0, 1269, 1025, 1402]",DeepFakeDetection,train,1
FaceForensics++_C23\DeepFakeDetection/01_04__walk_down_hall_angry__GBC7ZGDP.mp4,224,212,12,4,8,True,12,"[0, 222, 223, 213, 216, 217, 218, 215, 214, 219, 220, 221]",DeepFakeDetection,train,1
FaceForensics++_C23\DeepFakeDetection/01_09__talking_angry_couch__P70H1JB0.mp4,1463,1460,3,1,2,True,3,"[1265, 0, 406]",DeepFakeDetection,train,1
FaceForensics++_C23\DeepFakeDetection/01_11__hugging_happy__4OJNJLOO.mp4,579,389,190,57,133,False,20,"[0, 250, 342, 352, 327, 349, 227, 560, 226, 546, 464, 315, 51, 377, 307, 528, 230, 8, 458, 258]",DeepFakeDetection,train,1
FaceForensics++_C23\DeepFakeDetection/01_11__meeting_serious__9OM3VE0Y.mp4,1045,1044,1,0,1,True,1,[0],DeepFakeDetection,train,1
FaceForensics++_C23\DeepFakeDetection/01_11__meeting_serious__FCNL2OVP.mp4,1045,1044,1,0,1,True,1,[0],DeepFakeDetection,train,1
FaceForensics++_C23\DeepFakeDetection/01_11__outside_talking_pan_laughing__WIZ7GKOD.mp4,506,237,269,81,188,False,20,"[289, 330, 284, 259, 308, 282, 331, 352, 309, 353, 310, 316, 351, 317, 144, 312, 197, 128, 386, 311]",DeepFakeDetection,train,1
FaceForensics++_C23\DeepFakeDetection/01_11__secret_conversation__4OJNJLOO.mp4,901,898,3,1,2,True,3,"[0, 896, 897]",DeepFakeDetection,train,1
FaceForensics++_C23\DeepFakeDetection/01_11__talking_against_wall__4OJNJLOO.mp4,839,838,1,0,1,True,1,[0],DeepFakeDetection,train,1
FaceForensics++_C23\DeepFakeDetection/01_11__talking_against_wall__9229VVZ3.mp4,843,842,1,0,1,True,1,[0],DeepFakeDetection,train,1
FaceForensics++_C23\DeepFakeDetection/01_11__talking_against_wall__UQ0BOBNO.mp4,842,841,1,0,1,True,1,[0],DeepFakeDetection,train,1
FaceForensics++_C23\DeepFakeDetection/01_11__walking_outside_cafe_disgusted__FAFWDR4W.mp4,240,216,24,7,17,True,20,"[49, 217, 38, 222, 220, 221, 226, 239, 223, 224, 228, 225, 0, 237, 238, 236, 227, 230, 229, 235]",DeepFakeDetection,train,1
FaceForensics++_C23\DeepFakeDetection/01_12__outside_talking_pan_laughing__TNI7KUZ6.mp4,292,126,166,50,116,False,20,"[197, 159, 153, 168, 167, 155, 186, 166, 85, 199, 98, 118, 184, 185, 121, 209, 68, 211, 72, 64]",DeepFakeDetection,train,1
FaceForensics++_C23\DeepFakeDetection/01_12__outside_talking_still_laughing__TNI7KUZ6.mp4,361,307,54,16,38,False,20,"[0, 76, 168, 358, 3, 163, 95, 120, 74, 336, 266, 89, 90, 167, 94, 260, 209, 111, 91, 166]",DeepFakeDetection,train,1
FaceForensics++_C23\DeepFakeDetection/01_15__exit_phone_room__02HILKYO.mp4,208,205,3,1,2,True,3,"[206, 0, 207]",DeepFakeDetection,train,1
FaceForensics++_C23\DeepFakeDetection/01_15__kitchen_still__02HILKYO.mp4,551,545,6,2,4,True,6,"[0, 279, 258, 275, 262, 274]",DeepFakeDetection,train,1
FaceForensics++_C23\DeepFakeDetection/01_15__meeting_serious__02HILKYO.mp4,1045,1044,1,0,1,True,1,[0],DeepFakeDetection,train,1
FaceForensics++_C23\DeepFakeDetection/01_15__outside_talking_pan_laughing__02HILKYO.mp4,510,247,263,79,184,False,20,"[264, 320, 289, 341, 340, 361, 328, 327, 321, 394, 201, 500, 322, 132, 323, 136, 503, 402, 396, 414]",DeepFakeDetection,train,1
FaceForensics++_C23\DeepFakeDetection/01_20__hugging_happy__FW94AIMJ.mp4,540,366,174,52,122,False,20,"[0, 317, 349, 289, 324, 437, 210, 316, 197, 211, 47, 497, 287, 208, 212, 522, 203, 290, 351, 206]",DeepFakeDetection,train,1
FaceForensics++_C23\DeepFakeDetection/01_20__kitchen_pan__6UBMLXK3.mp4,471,253,218,66,152,False,20,"[15, 8, 14, 0, 10, 20, 32, 36, 24, 34, 9, 31, 22, 38, 30, 33, 28, 12, 16, 40]",DeepFakeDetection,train,1
FaceForensics++_C23\DeepFakeDetection/01_20__outside_talking_pan_laughing__OTGHOG4Z.mp4,504,239,265,80,185,False,20,"[263, 316, 286, 288, 358, 336, 335, 357, 356, 324, 323, 317, 390, 201, 318, 394, 136, 319, 132, 389]",DeepFakeDetection,train,1
FaceForensics++_C23\DeepFakeDetection/01_20__outside_talking_still_laughing__FW94AIMJ.mp4,727,689,38,12,26,False,20,"[0, 200, 236, 273, 412, 203, 469, 237, 632, 419, 523, 382, 628, 466, 462, 525, 451, 464, 452, 636]",DeepFakeDetection,train,1
FaceForensics++_C23\DeepFakeDetection/01_20__walk_down_hall_angry__FW94AIMJ.mp4,225,213,12,4,8,True,12,"[0, 223, 224, 218, 216, 214, 217, 215, 219, 220, 221, 222]",DeepFakeDetection,train,1
FaceForensics++_C23\DeepFakeDetection/01_21__talking_angry_couch__03X7CELV.mp4,1466,1463,3,1,2,True,3,"[0, 1272, 1404]",DeepFakeDetection,train,1
FaceForensics++_C23\DeepFakeDetection/01_21__walk_down_hall_angry__03X7CELV.mp4,225,213,12,4,8,True,12,"[0, 223, 224, 218, 214, 217, 216, 219, 215, 220, 221, 222]",DeepFakeDetection,train,1
FaceForensics++_C23\DeepFakeDetection/01_26__outside_talking_pan_laughing__ZMEJ535O.mp4,472,224,248,75,173,False,20,"[269, 295, 317, 267, 244, 335, 296, 336, 304, 190, 194, 303, 297, 141, 366, 358, 298, 354, 128, 299]",DeepFakeDetection,train,1
FaceForensics++_C23\DeepFakeDetection/01_27__hugging_happy__ZYCZ30C0.mp4,596,409,187,56,131,False,20,"[0, 230, 351, 359, 222, 229, 52, 478, 320, 386, 349, 500, 318, 544, 186, 390, 233, 262, 576, 234]",DeepFakeDetection,train,1
FaceForensics++_C23\DeepFakeDetection/01_27__meeting_serious__ZYCZ30C0.mp4,1045,1044,1,0,1,True,1,[0],DeepFakeDetection,train,1
FaceForensics++_C23\DeepFakeDetection/01_27__outside_talking_pan_laughing__S2YCUY48.mp4,511,245,266,80,186,False,20,"[316, 261, 288, 358, 286, 337, 200, 324, 323, 317, 318, 500, 132, 319, 390, 382, 398, 378, 136, 392]",DeepFakeDetection,train,1
FaceForensics++_C23\DeepFakeDetection/01_27__outside_talking_still_laughing__ZYCZ30C0.mp4,737,701,36,11,25,False,20,"[0, 417, 725, 476, 415, 193, 26, 645, 532, 426, 530, 459, 460, 470, 462, 641, 651, 471, 649, 469]",DeepFakeDetection,train,1
FaceForensics++_C23\DeepFakeDetection/01_27__walking_outside_cafe_disgusted__ZYCZ30C0.mp4,225,197,28,9,19,True,20,"[50, 40, 201, 28, 39, 204, 203, 223, 206, 208, 205, 224, 0, 210, 211, 209, 207, 222, 212, 220]",DeepFakeDetection,train,1
FaceForensics++_C23\DeepFakeDetection/02_01__outside_talking_still_laughing__YVGY8LOK.mp4,810,791,19,6,13,True,19,"[0, 362, 398, 382, 782, 365, 778, 776, 383, 780, 399, 361, 500, 483, 784, 381, 777, 785, 783]",DeepFakeDetection,train,1
FaceForensics++_C23\DeepFakeDetection/02_01__secret_conversation__YVGY8LOK.mp4,641,637,4,1,3,True,4,"[41, 228, 0, 393]",DeepFakeDetection,train,1
FaceForensics++_C23\DeepFakeDetection/02_01__walking_down_indoor_hall_disgust__YVGY8LOK.mp4,821,124,697,209,488,False,20,"[216, 218, 436, 209, 327, 214, 200, 348, 324, 215, 224, 192, 219, 322, 46, 757, 372, 217, 276, 758]",DeepFakeDetection,train,1
FaceForensics++_C23\DeepFakeDetection/02_01__walking_outside_cafe_disgusted__YVGY8LOK.mp4,499,469,30,9,21,False,20,"[470, 487, 488, 485, 489, 472, 0, 481, 486, 480, 479, 478, 483, 474, 471, 482, 484, 496, 476, 473]",DeepFakeDetection,train,1
FaceForensics++_C23\DeepFakeDetection/02_03__walking_down_street_outside_angry__QH3Y0IG0.mp4,458,432,26,8,18,True,20,"[434, 457, 448, 450, 451, 453, 455, 433, 454, 456, 444, 452, 447, 449, 436, 446, 435, 442, 438, 445]",DeepFakeDetection,train,1
FaceForensics++_C23\DeepFakeDetection/02_03__walking_outside_cafe_disgusted__QH3Y0IG0.mp4,499,469,30,9,21,False,20,"[470, 487, 488, 485, 489, 472, 481, 496, 0, 480, 486, 483, 479, 482, 478, 474, 471, 484, 476, 473]",DeepFakeDetection,train,1
FaceForensics++_C23\DeepFakeDetection/02_04__podium_speech_happy__8CH7R4LW.mp4,1075,1074,1,0,1,True,1,[0],DeepFakeDetection,train,1
FaceForensics++_C23\DeepFakeDetection/02_06__exit_phone_room__HZAXM70B.mp4,261,247,14,4,10,True,14,"[256, 255, 251, 250, 254, 252, 253, 257, 249, 248, 258, 0, 259, 260]",DeepFakeDetection,train,1
FaceForensics++_C23\DeepFakeDetection/02_06__podium_speech_happy__N8OSN8P6.mp4,1076,1075,1,0,1,True,1,[0],DeepFakeDetection,train,1
FaceForensics++_C23\DeepFakeDetection/02_06__podium_speech_happy__SU4OQCS9.mp4,1076,1075,1,0,1,True,1,[0],DeepFakeDetection,train,1
FaceForensics++_C23\DeepFakeDetection/02_06__talking_angry_couch__GH8TGTBS.mp4,1278,1248,30,9,21,False,20,"[0, 1092, 1093, 847, 850, 1052, 832, 1097, 831, 1248, 221, 1250, 1247, 1249, 1252, 1251, 1264, 1265, 1266, 1268]",DeepFakeDetection,train,1
FaceForensics++_C23\DeepFakeDetection/02_06__talking_angry_couch__J1W9R0NG.mp4,1269,1237,32,10,22,False,20,"[0, 1085, 1086, 1137, 844, 1046, 857, 847, 1089, 829, 828, 1240, 1238, 221, 1239, 1243, 1242, 1241, 1255, 1256]",DeepFakeDetection,train,1
FaceForensics++_C23\DeepFakeDetection/02_06__talking_angry_couch__MKZTXQ2T.mp4,1279,1249,30,9,21,False,20,"[0, 1092, 1093, 849, 862, 852, 834, 1097, 1248, 833, 221, 1250, 1249, 1251, 1252, 1253, 1265, 1266, 1270, 1269]",DeepFakeDetection,train,1
FaceForensics++_C23\DeepFakeDetection/02_06__walk_down_hall_angry__0M6JNS5D.mp4,227,218,9,3,6,True,9,"[0, 225, 224, 220, 219, 221, 222, 226, 223]",DeepFakeDetection,train,1
FaceForensics++_C23\DeepFakeDetection/02_06__walking_and_outside_surprised__N8OSN8P6.mp4,792,0,792,238,554,False,20,"[25, 37, 21, 49, 29, 33, 35, 36, 19, 140, 105, 38, 24, 50, 39, 34, 53, 51, 23, 28]",DeepFakeDetection,train,1
FaceForensics++_C23\DeepFakeDetection/02_06__walking_down_indoor_hall_disgust__U6MDWIHG.mp4,821,123,698,210,488,False,20,"[216, 218, 436, 327, 209, 214, 200, 324, 348, 224, 215, 192, 219, 322, 46, 757, 758, 372, 217, 276]",DeepFakeDetection,train,1
FaceForensics++_C23\DeepFakeDetection/02_07__exit_phone_room__9NVRE2KQ.mp4,273,260,13,4,9,True,13,"[269, 268, 264, 270, 267, 263, 265, 266, 271, 262, 261, 0, 272]",DeepFakeDetection,train,1
FaceForensics++_C23\DeepFakeDetection/02_07__hugging_happy__1JCLEEBQ.mp4,678,570,108,33,75,False,20,"[0, 508, 38, 39, 536, 37, 342, 534, 532, 535, 506, 44, 507, 537, 538, 533, 341, 340, 514, 540]",DeepFakeDetection,train,1
FaceForensics++_C23\DeepFakeDetection/02_07__meeting_serious__1JCLEEBQ.mp4,985,984,1,0,1,True,1,[0],DeepFakeDetection,train,1
FaceForensics++_C23\DeepFakeDetection/02_07__outside_talking_pan_laughing__O4SXNLRL.mp4,633,458,175,53,122,False,20,"[12, 0, 11, 10, 8, 16, 4, 2, 14, 6, 1, 3, 20, 9, 5, 18, 19, 17, 15, 24]",DeepFakeDetection,train,1
FaceForensics++_C23\DeepFakeDetection/02_07__secret_conversation__0IYV5DQ5.mp4,648,644,4,1,3,True,4,"[224, 41, 0, 388]",DeepFakeDetection,train,1
FaceForensics++_C23\DeepFakeDetection/02_07__walk_down_hall_angry__U7DEOZNV.mp4,208,199,9,3,6,True,9,"[0, 206, 205, 201, 200, 202, 203, 207, 204]",DeepFakeDetection,train,1
FaceForensics++_C23\DeepFakeDetection/02_07__walking_and_outside_surprised__1VMZUH1W.mp4,991,0,991,297,694,False,20,"[25, 37, 228, 21, 49, 29, 33, 35, 185, 36, 19, 38, 105, 24, 39, 50, 34, 23, 53, 51]",DeepFakeDetection,train,1
FaceForensics++_C23\DeepFakeDetection/02_07__walking_down_street_outside_angry__O4SXNLRL.mp4,484,459,25,8,17,True,20,"[462, 460, 478, 474, 475, 477, 461, 483, 482, 480, 476, 481, 479, 471, 470, 464, 463, 472, 466, 473]",DeepFakeDetection,train,1
FaceForensics++_C23\DeepFakeDetection/02_09__exit_phone_room__HIH8YA82.mp4,265,247,18,6,12,True,18,"[256, 255, 251, 257, 250, 254, 252, 253, 258, 249, 264, 248, 0, 259, 263, 260, 262, 261]",DeepFakeDetection,train,1
FaceForensics++_C23\DeepFakeDetection/02_09__kitchen_pan__9TDCEK1Q.mp4,573,269,304,91,213,False,20,"[148, 440, 168, 140, 442, 152, 164, 147, 144, 149, 141, 167, 143, 156, 150, 154, 166, 160, 142, 139]",DeepFakeDetection,train,1
FaceForensics++_C23\DeepFakeDetection/02_09__kitchen_pan__HIH8YA82.mp4,576,272,304,91,213,False,20,"[148, 168, 443, 164, 147, 152, 140, 144, 149, 146, 446, 166, 150, 142, 154, 167, 156, 160, 153, 143]",DeepFakeDetection,train,1
FaceForensics++_C23\DeepFakeDetection/02_09__outside_talking_pan_laughing__6KUOFMZW.mp4,621,451,170,51,119,False,20,"[12, 0, 11, 10, 8, 16, 4, 2, 6, 14, 3, 9, 20, 5, 1, 24, 19, 18, 15, 17]",DeepFakeDetection,train,1
FaceForensics++_C23\DeepFakeDetection/02_09__podium_speech_happy__9TDCEK1Q.mp4,1075,1074,1,0,1,True,1,[0],DeepFakeDetection,train,1
FaceForensics++_C23\DeepFakeDetection/02_09__talking_angry_couch__6KUOFMZW.mp4,1277,1249,28,9,19,True,20,"[0, 1093, 1094, 861, 848, 862, 851, 1098, 833, 832, 1250, 1249, 221, 1254, 1252, 1251, 1253, 1266, 1267, 1270]",DeepFakeDetection,train,1
FaceForensics++_C23\DeepFakeDetection/02_09__walk_down_hall_angry__6KUOFMZW.mp4,208,199,9,3,6,True,9,"[0, 206, 205, 201, 200, 202, 203, 207, 204]",DeepFakeDetection,train,1
FaceForensics++_C23\DeepFakeDetection/02_09__walking_down_street_outside_angry__6KUOFMZW.mp4,457,432,25,8,17,True,20,"[434, 448, 450, 451, 456, 433, 453, 455, 454, 452, 444, 449, 436, 447, 446, 435, 442, 438, 445, 437]",DeepFakeDetection,train,1
FaceForensics++_C23\DeepFakeDetection/02_11__meeting_serious__NZJ1YEWE.mp4,985,984,1,0,1,True,1,[0],DeepFakeDetection,train,1
FaceForensics++_C23\DeepFakeDetection/02_12__podium_speech_happy__9D2ZHEKW.mp4,1058,1057,1,0,1,True,1,[0],DeepFakeDetection,train,1
FaceForensics++_C23\DeepFakeDetection/02_12__walking_and_outside_surprised__9D2ZHEKW.mp4,918,0,918,276,642,False,20,"[49, 211, 37, 45, 21, 33, 53, 172, 25, 35, 36, 19, 48, 34, 50, 98, 51, 57, 102, 38]",DeepFakeDetection,train,1
FaceForensics++_C23\DeepFakeDetection/02_13__exit_phone_room__CP5HFV3K.mp4,258,246,12,4,8,True,12,"[255, 250, 254, 253, 249, 251, 252, 248, 256, 247, 257, 0]",DeepFakeDetection,train,1
FaceForensics++_C23\DeepFakeDetection/02_13__hugging_happy__PLNVLO74.mp4,677,568,109,33,76,False,20,"[0, 38, 500, 540, 39, 536, 538, 37, 537, 44, 516, 510, 539, 345, 344, 534, 535, 509, 541, 548]",DeepFakeDetection,train,1
FaceForensics++_C23\DeepFakeDetection/02_13__kitchen_pan__2YSYT2N3.mp4,567,272,295,89,206,False,20,"[438, 437, 144, 143, 140, 148, 136, 160, 142, 156, 141, 135, 158, 162, 152, 139, 145, 149, 147, 137]",DeepFakeDetection,train,1
FaceForensics++_C23\DeepFakeDetection/02_13__meeting_serious__CP5HFV3K.mp4,985,984,1,0,1,True,1,[0],DeepFakeDetection,train,1
FaceForensics++_C23\DeepFakeDetection/02_13__outside_talking_pan_laughing__2YSYT2N3.mp4,633,460,173,52,121,False,20,"[12, 0, 11, 8, 10, 4, 16, 2, 14, 3, 9, 20, 6, 1, 5, 18, 24, 19, 15, 17]",DeepFakeDetection,train,1
FaceForensics++_C23\DeepFakeDetection/02_13__outside_talking_still_laughing__CP5HFV3K.mp4,812,796,16,5,11,True,16,"[0, 363, 382, 383, 397, 362, 396, 778, 381, 782, 786, 784, 780, 779, 785, 787]",DeepFakeDetection,train,1
FaceForensics++_C23\DeepFakeDetection/02_13__podium_speech_happy__2YSYT2N3.mp4,1075,1074,1,0,1,True,1,[0],DeepFakeDetection,train,1
FaceForensics++_C23\DeepFakeDetection/02_13__secret_conversation__CP5HFV3K.mp4,33,29,4,1,3,True,4,"[27, 17, 0, 14]",DeepFakeDetection,train,1
FaceForensics++_C23\DeepFakeDetection/02_13__secret_conversation__PLNVLO74.mp4,640,635,5,2,3,True,5,"[44, 201, 234, 0, 396]",DeepFakeDetection,train,1
FaceForensics++_C23\DeepFakeDetection/02_13__walking_and_outside_surprised__CP5HFV3K.mp4,788,0,788,237,551,False,20,"[25, 37, 21, 49, 29, 33, 35, 185, 36, 19, 38, 105, 24, 39, 50, 23, 34, 53, 51, 31]",DeepFakeDetection,train,1
FaceForensics++_C23\DeepFakeDetection/02_14__outside_talking_pan_laughing__3IUBEKCT.mp4,634,457,177,53,124,False,20,"[12, 0, 11, 10, 8, 16, 4, 2, 14, 3, 9, 6, 20, 1, 18, 5, 24, 19, 15, 17]",DeepFakeDetection,train,1
FaceForensics++_C23\DeepFakeDetection/02_15__exit_phone_room__I8G2LWD1.mp4,262,247,15,5,10,True,15,"[255, 251, 250, 252, 254, 253, 256, 249, 261, 260, 248, 0, 257, 259, 258]",DeepFakeDetection,train,1
FaceForensics++_C23\DeepFakeDetection/02_15__exit_phone_room__MZWH8ATN.mp4,259,247,12,4,8,True,12,"[256, 255, 251, 250, 254, 252, 253, 257, 249, 248, 0, 258]",DeepFakeDetection,train,1
FaceForensics++_C23\DeepFakeDetection/02_15__hugging_happy__MZWH8ATN.mp4,679,570,109,33,76,False,20,"[0, 532, 504, 38, 39, 37, 536, 338, 534, 512, 533, 531, 535, 505, 530, 339, 337, 511, 44, 540]",DeepFakeDetection,train,1
FaceForensics++_C23\DeepFakeDetection/02_15__hugging_happy__XNJIS4S3.mp4,678,567,111,33,78,False,20,"[0, 540, 38, 39, 37, 512, 544, 500, 346, 542, 348, 502, 541, 520, 538, 539, 513, 543, 347, 501]",DeepFakeDetection,train,1
FaceForensics++_C23\DeepFakeDetection/02_15__kitchen_still__XNJIS4S3.mp4,855,854,1,0,1,True,1,[0],DeepFakeDetection,train,1
FaceForensics++_C23\DeepFakeDetection/02_15__meeting_serious__MZWH8ATN.mp4,985,984,1,0,1,True,1,[0],DeepFakeDetection,train,1
FaceForensics++_C23\DeepFakeDetection/02_15__outside_talking_pan_laughing__I8G2LWD1.mp4,632,456,176,53,123,False,20,"[12, 0, 11, 10, 8, 16, 4, 2, 9, 14, 3, 6, 20, 1, 5, 24, 15, 18, 19, 17]",DeepFakeDetection,train,1
FaceForensics++_C23\DeepFakeDetection/02_15__outside_talking_pan_laughing__SB6PMCO0.mp4,627,445,182,55,127,False,20,"[12, 0, 11, 10, 8, 16, 14, 4, 2, 20, 9, 3, 1, 6, 24, 5, 18, 15, 19, 17]",DeepFakeDetection,train,1
FaceForensics++_C23\DeepFakeDetection/02_15__podium_speech_happy__MZWH8ATN.mp4,1076,1075,1,0,1,True,1,[0],DeepFakeDetection,train,1
FaceForensics++_C23\DeepFakeDetection/02_15__secret_conversation__MZWH8ATN.mp4,38,34,4,1,3,True,4,"[32, 22, 19, 0]",DeepFakeDetection,train,1
FaceForensics++_C23\DeepFakeDetection/02_15__talking_against_wall__HTG660F8.mp4,990,989,1,0,1,True,1,[0],DeepFakeDetection,train,1
FaceForensics++_C23\DeepFakeDetection/02_15__talking_angry_couch__HTG660F8.mp4,1280,1250,30,9,21,False,20,"[0, 1093, 1094, 849, 863, 852, 1098, 834, 1250, 833, 1249, 221, 1254, 1251, 1252, 1253, 1266, 1267, 1270, 1268]",DeepFakeDetection,train,1
FaceForensics++_C23\DeepFakeDetection/02_15__talking_angry_couch__I8G2LWD1.mp4,1278,1247,31,9,22,False,20,"[0, 1091, 1092, 850, 847, 1093, 1096, 671, 832, 221, 1248, 831, 1247, 1250, 1249, 1252, 1251, 1264, 1265, 1266]",DeepFakeDetection,train,1
FaceForensics++_C23\DeepFakeDetection/02_15__walk_down_hall_angry__TN2CWM3K.mp4,208,199,9,3,6,True,9,"[0, 206, 205, 201, 200, 207, 202, 203, 204]",DeepFakeDetection,train,1
FaceForensics++_C23\DeepFakeDetection/02_15__walking_and_outside_surprised__HTG660F8.mp4,995,0,995,299,696,False,20,"[25, 37, 230, 21, 185, 49, 29, 250, 33, 35, 36, 19, 38, 105, 24, 39, 50, 34, 23, 31]",DeepFakeDetection,train,1
FaceForensics++_C23\DeepFakeDetection/02_15__walking_and_outside_surprised__I8G2LWD1.mp4,982,0,982,295,687,False,20,"[25, 37, 229, 21, 49, 29, 33, 35, 185, 36, 19, 38, 105, 24, 39, 50, 34, 23, 53, 51]",DeepFakeDetection,train,1
FaceForensics++_C23\DeepFakeDetection/02_15__walking_and_outside_surprised__MZWH8ATN.mp4,776,0,776,233,543,False,20,"[25, 37, 21, 49, 29, 33, 35, 185, 36, 19, 38, 105, 24, 39, 50, 23, 34, 26, 51, 69]",DeepFakeDetection,train,1
FaceForensics++_C23\DeepFakeDetection/02_15__walking_outside_cafe_disgusted__MZWH8ATN.mp4,517,487,30,9,21,False,20,"[0, 504, 505, 507, 506, 499, 500, 490, 498, 502, 514, 488, 496, 497, 501, 492, 503, 489, 494, 491]",DeepFakeDetection,train,1
FaceForensics++_C23\DeepFakeDetection/02_18__exit_phone_room__OXMEEFUQ.mp4,259,247,12,4,8,True,12,"[256, 255, 251, 250, 254, 252, 253, 257, 249, 248, 258, 0]",DeepFakeDetection,train,1
FaceForensics++_C23\DeepFakeDetection/02_18__outside_talking_pan_laughing__OXMEEFUQ.mp4,637,460,177,53,124,False,20,"[12, 0, 11, 8, 10, 16, 4, 2, 14, 3, 6, 9, 20, 1, 5, 24, 15, 18, 19, 17]",DeepFakeDetection,train,1
FaceForensics++_C23\DeepFakeDetection/02_18__secret_conversation__B95S4G6F.mp4,632,628,4,1,3,True,4,"[38, 218, 0, 383]",DeepFakeDetection,train,1
FaceForensics++_C23\DeepFakeDetection/02_18__walk_down_hall_angry__B95S4G6F.mp4,227,218,9,3,6,True,9,"[0, 225, 224, 220, 221, 222, 219, 226, 223]",DeepFakeDetection,train,1
FaceForensics++_C23\DeepFakeDetection/02_18__walking_down_street_outside_angry__21JTDDEL.mp4,458,432,26,8,18,True,20,"[434, 457, 448, 450, 451, 433, 453, 455, 454, 452, 456, 444, 449, 435, 436, 447, 446, 438, 442, 445]",DeepFakeDetection,train,1
FaceForensics++_C23\DeepFakeDetection/02_21__kitchen_pan__Z0XHPQAR.mp4,574,273,301,90,211,False,20,"[148, 444, 168, 164, 446, 152, 147, 149, 150, 140, 144, 166, 146, 167, 156, 154, 160, 142, 153, 165]",DeepFakeDetection,train,1
FaceForensics++_C23\DeepFakeDetection/02_21__talking_angry_couch__Z0XHPQAR.mp4,1269,1237,32,10,22,False,20,"[0, 1083, 1084, 851, 839, 682, 1088, 1098, 825, 842, 824, 221, 1238, 1240, 1239, 1255, 1243, 1242, 1241, 1256]",DeepFakeDetection,train,1
FaceForensics++_C23\DeepFakeDetection/02_25__talking_against_wall__Z7FQ69VP.mp4,990,989,1,0,1,True,1,[0],DeepFakeDetection,train,1
FaceForensics++_C23\DeepFakeDetection/02_27__hugging_happy__GVFLSZD5.mp4,685,575,110,33,77,False,20,"[0, 540, 38, 39, 512, 37, 544, 500, 502, 542, 539, 541, 538, 520, 348, 543, 513, 349, 501, 519]",DeepFakeDetection,train,1
FaceForensics++_C23\DeepFakeDetection/02_27__walk_down_hall_angry__78M8S6M6.mp4,208,199,9,3,6,True,9,"[0, 206, 205, 201, 200, 207, 202, 203, 204]",DeepFakeDetection,train,1
FaceForensics++_C23\DeepFakeDetection/02_27__walking_down_indoor_hall_disgust__YQX5Z8GN.mp4,821,123,698,210,488,False,20,"[216, 436, 218, 209, 327, 214, 200, 348, 324, 224, 215, 219, 192, 322, 46, 757, 372, 276, 758, 217]",DeepFakeDetection,train,1
FaceForensics++_C23\DeepFakeDetection/02_27__walking_down_street_outside_angry__3L1MLH3D.mp4,514,488,26,8,18,True,20,"[500, 490, 503, 504, 507, 505, 506, 513, 509, 508, 510, 511, 512, 489, 501, 502, 492, 491, 498, 494]",DeepFakeDetection,train,1
FaceForensics++_C23\DeepFakeDetection/03_01__meeting_serious__JZUXXFRB.mp4,959,958,1,0,1,True,1,[0],DeepFakeDetection,train,1
FaceForensics++_C23\DeepFakeDetection/03_01__outside_talking_still_laughing__JZUXXFRB.mp4,939,937,2,1,1,True,2,"[0, 492]",DeepFakeDetection,train,1
FaceForensics++_C23\DeepFakeDetection/03_01__podium_speech_happy__JZUXXFRB.mp4,839,838,1,0,1,True,1,[0],DeepFakeDetection,train,1
FaceForensics++_C23\DeepFakeDetection/03_01__walking_and_outside_surprised__JZUXXFRB.mp4,1082,6,1076,323,753,False,20,"[12, 72, 250, 14, 15, 20, 10, 112, 11, 13, 148, 19, 5, 9, 18, 40, 68, 28, 21, 116]",DeepFakeDetection,train,1
FaceForensics++_C23\DeepFakeDetection/03_02__secret_conversation__GYX5OFTD.mp4,18,12,6,2,4,True,6,"[1, 3, 6, 14, 9, 0]",DeepFakeDetection,train,1
FaceForensics++_C23\DeepFakeDetection/03_04__outside_talking_pan_laughing__T04P6ELC.mp4,713,598,115,35,80,False,20,"[0, 13, 20, 18, 28, 24, 19, 44, 32, 40, 21, 23, 22, 48, 50, 39, 56, 42, 26, 46]",DeepFakeDetection,train,1
FaceForensics++_C23\DeepFakeDetection/03_04__talking_angry_couch__T04P6ELC.mp4,1453,1448,5,2,3,True,5,"[0, 254, 294, 293, 16]",DeepFakeDetection,train,1
FaceForensics++_C23\DeepFakeDetection/03_06__exit_phone_room__1IXGY2FK.mp4,530,528,2,1,1,True,2,"[0, 529]",DeepFakeDetection,train,1
FaceForensics++_C23\DeepFakeDetection/03_06__hugging_happy__2XWC5JED.mp4,814,532,282,85,197,False,20,"[0, 144, 140, 572, 142, 368, 166, 224, 143, 367, 141, 168, 268, 275, 204, 677, 708, 167, 244, 227]",DeepFakeDetection,train,1
FaceForensics++_C23\DeepFakeDetection/03_06__meeting_serious__83ABVHC3.mp4,960,959,1,0,1,True,1,[0],DeepFakeDetection,train,1
FaceForensics++_C23\DeepFakeDetection/03_06__podium_speech_happy__83ABVHC3.mp4,839,838,1,0,1,True,1,[0],DeepFakeDetection,train,1
FaceForensics++_C23\DeepFakeDetection/03_07__exit_phone_room__6PHZRQ4H.mp4,543,541,2,1,1,True,2,"[0, 542]",DeepFakeDetection,train,1
FaceForensics++_C23\DeepFakeDetection/03_07__hugging_happy__BKLOCI1M.mp4,815,532,283,85,198,False,20,"[0, 144, 572, 142, 368, 140, 166, 754, 367, 143, 168, 141, 224, 268, 677, 275, 618, 167, 708, 244]",DeepFakeDetection,train,1
FaceForensics++_C23\DeepFakeDetection/03_07__kitchen_pan__WPT3Z2KN.mp4,533,282,251,75,176,False,20,"[32, 36, 40, 450, 34, 33, 13, 24, 28, 31, 26, 76, 68, 35, 44, 30, 25, 38, 48, 20]",DeepFakeDetection,train,1
FaceForensics++_C23\DeepFakeDetection/03_07__talking_against_wall__PWXXULHR.mp4,910,909,1,0,1,True,1,[0],DeepFakeDetection,train,1
FaceForensics++_C23\DeepFakeDetection/03_07__walk_down_hall_angry__6PHZRQ4H.mp4,446,429,17,5,12,True,17,"[430, 431, 438, 439, 432, 434, 433, 440, 437, 435, 441, 445, 442, 436, 444, 443, 0]",DeepFakeDetection,train,1
FaceForensics++_C23\DeepFakeDetection/03_07__walk_down_hall_angry__IFSURI9X.mp4,446,429,17,5,12,True,17,"[431, 430, 438, 439, 432, 440, 434, 433, 437, 435, 436, 442, 445, 441, 444, 443, 0]",DeepFakeDetection,train,1
FaceForensics++_C23\DeepFakeDetection/03_07__walking_down_indoor_hall_disgust__PWXXULHR.mp4,974,63,911,273,638,False,20,"[871, 579, 540, 554, 870, 876, 555, 600, 553, 837, 571, 700, 836, 835, 831, 834, 548, 592, 552, 740]",DeepFakeDetection,train,1
FaceForensics++_C23\DeepFakeDetection/03_07__walking_outside_cafe_disgusted__CDSNLDQ8.mp4,650,623,27,8,19,True,20,"[128, 124, 126, 122, 123, 127, 125, 647, 632, 631, 646, 648, 636, 649, 645, 633, 634, 644, 638, 643]",DeepFakeDetection,train,1
FaceForensics++_C23\DeepFakeDetection/03_07__walking_outside_cafe_disgusted__IFSURI9X.mp4,664,636,28,9,19,True,20,"[136, 140, 141, 138, 137, 139, 135, 644, 660, 661, 659, 658, 646, 645, 662, 648, 663, 647, 650, 649]",DeepFakeDetection,train,1
FaceForensics++_C23\DeepFakeDetection/03_07__walking_outside_cafe_disgusted__PWXXULHR.mp4,711,684,27,8,19,True,20,"[184, 188, 189, 186, 185, 187, 183, 692, 708, 709, 706, 710, 707, 694, 693, 696, 695, 698, 705, 704]",DeepFakeDetection,train,1
FaceForensics++_C23\DeepFakeDetection/03_09__kitchen_pan__8DTEGQ54.mp4,533,281,252,76,176,False,20,"[32, 40, 450, 28, 36, 34, 13, 33, 31, 24, 26, 30, 44, 27, 29, 68, 25, 35, 48, 20]",DeepFakeDetection,train,1
FaceForensics++_C23\DeepFakeDetection/03_09__outside_talking_still_laughing__RCETIXYL.mp4,940,938,2,1,1,True,2,"[0, 494]",DeepFakeDetection,train,1
FaceForensics++_C23\DeepFakeDetection/03_09__secret_conversation__RCETIXYL.mp4,795,794,1,0,1,True,1,[0],DeepFakeDetection,train,1
FaceForensics++_C23\DeepFakeDetection/03_11__exit_phone_room__P08VGHTA.mp4,532,530,2,1,1,True,2,"[0, 531]",DeepFakeDetection,train,1
FaceForensics++_C23\DeepFakeDetection/03_11__talking_against_wall__P08VGHTA.mp4,910,909,1,0,1,True,1,[0],DeepFakeDetection,train,1
FaceForensics++_C23\DeepFakeDetection/03_11__walk_down_hall_angry__P08VGHTA.mp4,437,420,17,5,12,True,17,"[421, 422, 429, 423, 430, 431, 428, 425, 424, 426, 427, 436, 433, 432, 435, 434, 0]",DeepFakeDetection,train,1
FaceForensics++_C23\DeepFakeDetection/03_13__exit_phone_room__GBYWJW06.mp4,532,530,2,1,1,True,2,"[0, 531]",DeepFakeDetection,train,1
FaceForensics++_C23\DeepFakeDetection/03_13__kitchen_pan__GBYWJW06.mp4,533,281,252,76,176,False,20,"[32, 36, 450, 40, 34, 28, 24, 13, 33, 26, 31, 44, 30, 35, 27, 29, 48, 25, 68, 20]",DeepFakeDetection,train,1
FaceForensics++_C23\DeepFakeDetection/03_13__meeting_serious__GBYWJW06.mp4,958,957,1,0,1,True,1,[0],DeepFakeDetection,train,1
FaceForensics++_C23\DeepFakeDetection/03_13__meeting_serious__T3MZOI8X.mp4,960,959,1,0,1,True,1,[0],DeepFakeDetection,train,1
FaceForensics++_C23\DeepFakeDetection/03_13__outside_talking_still_laughing__GBYWJW06.mp4,940,937,3,1,2,True,3,"[0, 766, 494]",DeepFakeDetection,train,1
FaceForensics++_C23\DeepFakeDetection/03_13__talking_against_wall__GBYWJW06.mp4,910,909,1,0,1,True,1,[0],DeepFakeDetection,train,1
FaceForensics++_C23\DeepFakeDetection/03_14__exit_phone_room__H0VQHGS3.mp4,529,527,2,1,1,True,2,"[0, 528]",DeepFakeDetection,train,1
FaceForensics++_C23\DeepFakeDetection/03_14__meeting_serious__KJ221YN0.mp4,960,959,1,0,1,True,1,[0],DeepFakeDetection,train,1
FaceForensics++_C23\DeepFakeDetection/03_14__meeting_serious__PLCQJM81.mp4,960,959,1,0,1,True,1,[0],DeepFakeDetection,train,1
FaceForensics++_C23\DeepFakeDetection/03_14__podium_speech_happy__Q9NSXM88.mp4,839,838,1,0,1,True,1,[0],DeepFakeDetection,train,1
FaceForensics++_C23\DeepFakeDetection/03_14__talking_against_wall__ZC2KYASW.mp4,910,909,1,0,1,True,1,[0],DeepFakeDetection,train,1
FaceForensics++_C23\DeepFakeDetection/03_14__walk_down_hall_angry__P1L5PF4I.mp4,456,439,17,5,12,True,17,"[441, 440, 448, 442, 449, 447, 443, 450, 444, 445, 446, 452, 451, 455, 454, 453, 0]",DeepFakeDetection,train,1
FaceForensics++_C23\DeepFakeDetection/03_14__walking_down_indoor_hall_disgust__KJ221YN0.mp4,1455,217,1238,372,866,False,20,"[1060, 1035, 1352, 1052, 1036, 1357, 1351, 1034, 1031, 1021, 1318, 1317, 1316, 1234, 1315, 1074, 1026, 1312, 1220, 1037]",DeepFakeDetection,train,1
FaceForensics++_C23\DeepFakeDetection/03_14__walking_down_street_outside_angry__H0VQHGS3.mp4,943,922,21,6,15,True,20,"[922, 924, 926, 942, 925, 930, 927, 928, 934, 940, 931, 929, 932, 938, 933, 941, 935, 939, 936, 937]",DeepFakeDetection,train,1
FaceForensics++_C23\DeepFakeDetection/03_15__kitchen_pan__AIOM1U5V.mp4,534,281,253,76,177,False,20,"[32, 36, 450, 40, 28, 34, 33, 24, 13, 26, 31, 30, 27, 44, 35, 29, 68, 48, 38, 20]",DeepFakeDetection,train,1
FaceForensics++_C23\DeepFakeDetection/03_15__kitchen_pan__DNUJD8M2.mp4,533,282,251,75,176,False,20,"[32, 36, 40, 450, 34, 28, 33, 24, 13, 31, 26, 35, 30, 44, 29, 76, 68, 38, 27, 20]",DeepFakeDetection,train,1
FaceForensics++_C23\DeepFakeDetection/03_15__meeting_serious__DNUJD8M2.mp4,960,959,1,0,1,True,1,[0],DeepFakeDetection,train,1
FaceForensics++_C23\DeepFakeDetection/03_15__meeting_serious__OY4I7ZU8.mp4,960,959,1,0,1,True,1,[0],DeepFakeDetection,train,1
FaceForensics++_C23\DeepFakeDetection/03_15__outside_talking_pan_laughing__Y11NT1YX.mp4,713,602,111,33,78,False,20,"[0, 13, 20, 28, 18, 19, 24, 32, 44, 40, 22, 27, 48, 21, 42, 26, 23, 56, 50, 46]",DeepFakeDetection,train,1
FaceForensics++_C23\DeepFakeDetection/03_15__outside_talking_still_laughing__DNUJD8M2.mp4,943,941,2,1,1,True,2,"[0, 496]",DeepFakeDetection,train,1
FaceForensics++_C23\DeepFakeDetection/03_15__podium_speech_happy__DG8ITQO3.mp4,839,838,1,0,1,True,1,[0],DeepFakeDetection,train,1
FaceForensics++_C23\DeepFakeDetection/03_18__kitchen_pan__22UBC0BS.mp4,533,282,251,75,176,False,20,"[32, 36, 450, 40, 33, 34, 13, 24, 31, 28, 26, 30, 35, 38, 68, 44, 25, 48, 27, 29]",DeepFakeDetection,train,1
FaceForensics++_C23\DeepFakeDetection/03_18__walking_and_outside_surprised__8HNSXOBW.mp4,764,1,763,229,534,False,20,"[12, 48, 16, 32, 68, 92, 13, 14, 0, 10, 5, 47, 52, 42, 28, 64, 56, 15, 2, 11]",DeepFakeDetection,train,1
FaceForensics++_C23\DeepFakeDetection/03_18__walking_outside_cafe_disgusted__22UBC0BS.mp4,710,683,27,8,19,True,20,"[188, 184, 186, 182, 183, 187, 185, 692, 707, 691, 708, 706, 696, 705, 709, 693, 694, 704, 698, 703]",DeepFakeDetection,train,1
FaceForensics++_C23\DeepFakeDetection/03_20__kitchen_still__Z6V05FXO.mp4,955,947,8,3,5,True,8,"[0, 387, 388, 390, 389, 391, 392, 393]",DeepFakeDetection,train,1
FaceForensics++_C23\DeepFakeDetection/03_20__walk_down_hall_angry__61SVZ2J7.mp4,456,439,17,5,12,True,17,"[441, 440, 448, 449, 447, 442, 445, 443, 444, 450, 455, 452, 446, 454, 451, 453, 0]",DeepFakeDetection,train,1
FaceForensics++_C23\DeepFakeDetection/03_21__exit_phone_room__YCSEBZO4.mp4,543,541,2,1,1,True,2,"[0, 542]",DeepFakeDetection,train,1
FaceForensics++_C23\DeepFakeDetection/03_21__kitchen_pan__YCSEBZO4.mp4,533,281,252,76,176,False,20,"[32, 36, 40, 450, 28, 34, 33, 13, 31, 24, 35, 44, 26, 30, 76, 68, 48, 20, 29, 27]",DeepFakeDetection,train,1
FaceForensics++_C23\DeepFakeDetection/03_21__meeting_serious__V53E3RVB.mp4,960,959,1,0,1,True,1,[0],DeepFakeDetection,train,1
FaceForensics++_C23\DeepFakeDetection/03_21__secret_conversation__YCSEBZO4.mp4,796,795,1,0,1,True,1,[0],DeepFakeDetection,train,1
FaceForensics++_C23\DeepFakeDetection/03_26__kitchen_pan__WBSXBL82.mp4,531,282,249,75,174,False,20,"[32, 36, 40, 450, 34, 28, 33, 31, 24, 13, 35, 30, 44, 26, 29, 48, 76, 27, 20, 38]",DeepFakeDetection,train,1
FaceForensics++_C23\DeepFakeDetection/03_26__kitchen_still__WBSXBL82.mp4,955,947,8,3,5,True,8,"[0, 387, 388, 390, 389, 391, 392, 393]",DeepFakeDetection,train,1
FaceForensics++_C23\DeepFakeDetection/03_26__talking_against_wall__WBSXBL82.mp4,910,909,1,0,1,True,1,[0],DeepFakeDetection,train,1
FaceForensics++_C23\DeepFakeDetection/03_26__walk_down_hall_angry__WBSXBL82.mp4,438,421,17,5,12,True,17,"[423, 422, 430, 424, 431, 426, 429, 425, 427, 428, 432, 434, 437, 433, 436, 435, 0]",DeepFakeDetection,train,1
FaceForensics++_C23\DeepFakeDetection/03_27__walk_down_hall_angry__IL675GCI.mp4,446,429,17,5,12,True,17,"[430, 431, 438, 432, 439, 437, 433, 440, 434, 436, 435, 442, 445, 441, 444, 443, 0]",DeepFakeDetection,train,1
FaceForensics++_C23\DeepFakeDetection/03_27__walking_and_outside_surprised__KWGI1LSZ.mp4,1108,7,1101,330,771,False,20,"[12, 14, 8, 10, 20, 80, 11, 88, 124, 120, 160, 13, 32, 24, 9, 36, 5, 156, 22, 21]",DeepFakeDetection,train,1
FaceForensics++_C23\DeepFakeDetection/03_27__walking_down_indoor_hall_disgust__IL675GCI.mp4,1447,214,1233,370,863,False,20,"[1027, 1052, 1344, 1305, 1044, 1028, 1249, 1026, 1349, 1343, 1023, 1013, 1310, 1066, 1308, 1309, 1306, 1307, 1018, 1029]",DeepFakeDetection,train,1
FaceForensics++_C23\DeepFakeDetection/04_01__exit_phone_room__0XUW13RW.mp4,382,361,21,6,15,True,20,"[0, 364, 362, 363, 380, 366, 365, 381, 368, 378, 379, 374, 367, 372, 369, 370, 376, 377, 373, 375]",DeepFakeDetection,train,1
FaceForensics++_C23\DeepFakeDetection/04_01__kitchen_pan__GBC7ZGDP.mp4,481,239,242,73,169,False,20,"[56, 52, 60, 48, 54, 88, 72, 58, 84, 55, 57, 0, 68, 64, 70, 80, 59, 53, 61, 74]",DeepFakeDetection,train,1
FaceForensics++_C23\DeepFakeDetection/04_01__kitchen_still__6I623VU9.mp4,840,839,1,0,1,True,1,[0],DeepFakeDetection,train,1
FaceForensics++_C23\DeepFakeDetection/04_01__kitchen_still__GBC7ZGDP.mp4,840,839,1,0,1,True,1,[0],DeepFakeDetection,train,1
FaceForensics++_C23\DeepFakeDetection/04_01__outside_talking_still_laughing__0XUW13RW.mp4,810,809,1,0,1,True,1,[0],DeepFakeDetection,train,1
FaceForensics++_C23\DeepFakeDetection/04_01__outside_talking_still_laughing__6I623VU9.mp4,810,809,1,0,1,True,1,[0],DeepFakeDetection,train,1
FaceForensics++_C23\DeepFakeDetection/04_01__secret_conversation__6I623VU9.mp4,862,861,1,0,1,True,1,[0],DeepFakeDetection,train,1
FaceForensics++_C23\DeepFakeDetection/04_01__walk_down_hall_angry__GBC7ZGDP.mp4,182,158,24,7,17,True,20,"[160, 165, 166, 169, 168, 167, 164, 163, 159, 170, 171, 161, 173, 172, 174, 162, 175, 181, 180, 177]",DeepFakeDetection,train,1
FaceForensics++_C23\DeepFakeDetection/04_01__walking_down_street_outside_angry__GBC7ZGDP.mp4,453,418,35,11,24,False,20,"[424, 418, 428, 422, 420, 425, 417, 421, 419, 423, 430, 429, 0, 432, 431, 452, 434, 450, 433, 442]",DeepFakeDetection,train,1
FaceForensics++_C23\DeepFakeDetection/04_06__kitchen_still__ZK95PQDE.mp4,840,839,1,0,1,True,1,[0],DeepFakeDetection,train,1
FaceForensics++_C23\DeepFakeDetection/04_07__exit_phone_room__ITC0C48B.mp4,328,307,21,6,15,True,20,"[308, 310, 0, 309, 326, 312, 311, 327, 324, 325, 314, 313, 322, 318, 320, 323, 315, 316, 321, 319]",DeepFakeDetection,train,1
FaceForensics++_C23\DeepFakeDetection/04_07__kitchen_pan__XRK7FGZX.mp4,481,239,242,73,169,False,20,"[56, 52, 60, 72, 88, 48, 58, 54, 84, 68, 57, 70, 64, 0, 80, 55, 76, 50, 44, 53]",DeepFakeDetection,train,1
FaceForensics++_C23\DeepFakeDetection/04_07__outside_talking_still_laughing__QKCCFKBT.mp4,810,809,1,0,1,True,1,[0],DeepFakeDetection,train,1
FaceForensics++_C23\DeepFakeDetection/04_07__outside_talking_still_laughing__XRK7FGZX.mp4,810,809,1,0,1,True,1,[0],DeepFakeDetection,train,1
FaceForensics++_C23\DeepFakeDetection/04_12__walking_down_street_outside_angry__96TQKDFJ.mp4,453,417,36,11,25,False,20,"[426, 424, 418, 422, 428, 420, 419, 417, 425, 423, 421, 430, 429, 0, 432, 431, 452, 434, 442, 433]",DeepFakeDetection,train,1
FaceForensics++_C23\DeepFakeDetection/04_13__podium_speech_happy__00T3UYOR.mp4,932,931,1,0,1,True,1,[0],DeepFakeDetection,train,1
FaceForensics++_C23\DeepFakeDetection/04_13__secret_conversation__00T3UYOR.mp4,861,860,1,0,1,True,1,[0],DeepFakeDetection,train,1
FaceForensics++_C23\DeepFakeDetection/04_13__walking_down_street_outside_angry__00T3UYOR.mp4,434,399,35,11,24,False,20,"[406, 398, 410, 402, 405, 404, 0, 409, 400, 401, 399, 403, 411, 412, 418, 433, 413, 414, 424, 422]",DeepFakeDetection,train,1
FaceForensics++_C23\DeepFakeDetection/04_13__walking_outside_cafe_disgusted__00T3UYOR.mp4,367,345,22,7,15,True,20,"[346, 347, 349, 348, 350, 351, 354, 352, 353, 355, 366, 356, 365, 364, 357, 358, 361, 360, 363, 359]",DeepFakeDetection,train,1
FaceForensics++_C23\DeepFakeDetection/04_18__kitchen_still__NAXINA1N.mp4,840,839,1,0,1,True,1,[0],DeepFakeDetection,train,1
FaceForensics++_C23\DeepFakeDetection/04_21__outside_talking_still_laughing__5Y31RZP8.mp4,810,809,1,0,1,True,1,[0],DeepFakeDetection,train,1
FaceForensics++_C23\DeepFakeDetection/04_21__talking_angry_couch__5Y31RZP8.mp4,1380,1322,58,18,40,False,20,"[0, 1100, 1184, 32, 1180, 1101, 1182, 1186, 1164, 1185, 1183, 1181, 1168, 1166, 1178, 1172, 1179, 1170, 328, 1165]",DeepFakeDetection,train,1
FaceForensics++_C23\DeepFakeDetection/04_21__walking_down_street_outside_angry__5Y31RZP8.mp4,471,436,35,11,24,False,20,"[442, 438, 446, 436, 435, 440, 441, 437, 443, 439, 447, 448, 450, 0, 470, 449, 452, 468, 460, 454]",DeepFakeDetection,train,1
FaceForensics++_C23\DeepFakeDetection/04_26__kitchen_pan__MS2MLJP1.mp4,480,238,242,73,169,False,20,"[56, 52, 88, 60, 48, 72, 54, 84, 0, 58, 80, 176, 57, 55, 68, 64, 76, 70, 53, 59]",DeepFakeDetection,train,1
FaceForensics++_C23\DeepFakeDetection/04_26__outside_talking_pan_laughing__WX836VLY.mp4,787,661,126,38,88,False,20,"[0, 4, 1, 3, 2, 30, 28, 26, 48, 60, 44, 92, 29, 58, 56, 50, 94, 59, 76, 27]",DeepFakeDetection,train,1
FaceForensics++_C23\DeepFakeDetection/04_26__outside_talking_still_laughing__WX836VLY.mp4,810,809,1,0,1,True,1,[0],DeepFakeDetection,train,1
FaceForensics++_C23\DeepFakeDetection/04_26__walking_outside_cafe_disgusted__MS2MLJP1.mp4,378,354,24,7,17,True,20,"[358, 359, 360, 361, 362, 363, 364, 365, 376, 366, 375, 367, 368, 377, 372, 373, 371, 369, 370, 374]",DeepFakeDetection,train,1
FaceForensics++_C23\DeepFakeDetection/04_27__walking_outside_cafe_disgusted__2CCI2ND1.mp4,379,354,25,8,17,True,20,"[358, 359, 360, 361, 362, 363, 365, 364, 366, 367, 377, 376, 368, 369, 378, 373, 372, 370, 371, 374]",DeepFakeDetection,train,1
FaceForensics++_C23\DeepFakeDetection/05_08__exit_phone_room__YN1Q9TER.mp4,417,397,20,6,14,True,20,"[398, 400, 399, 402, 401, 406, 410, 404, 414, 403, 416, 412, 407, 411, 413, 409, 408, 415, 405, 0]",DeepFakeDetection,val,1
FaceForensics++_C23\DeepFakeDetection/05_08__talking_against_wall__PRBCE28Z.mp4,835,834,1,0,1,True,1,[0],DeepFakeDetection,val,1
FaceForensics++_C23\DeepFakeDetection/05_16__exit_phone_room__B62WCGUN.mp4,405,385,20,6,14,True,20,"[386, 388, 387, 0, 390, 394, 389, 398, 402, 392, 404, 400, 399, 391, 395, 396, 397, 401, 393, 403]",DeepFakeDetection,val,1
FaceForensics++_C23\DeepFakeDetection/05_16__kitchen_still__053HPS1G.mp4,875,874,1,0,1,True,1,[0],DeepFakeDetection,val,1
FaceForensics++_C23\DeepFakeDetection/05_16__kitchen_still__B62WCGUN.mp4,875,874,1,0,1,True,1,[0],DeepFakeDetection,val,1
FaceForensics++_C23\DeepFakeDetection/05_16__walk_down_hall_angry__OSXCUOHX.mp4,420,405,15,5,10,True,15,"[1, 0, 408, 410, 407, 412, 409, 411, 417, 415, 414, 416, 413, 419, 418]",DeepFakeDetection,val,1
FaceForensics++_C23\DeepFakeDetection/05_16__walk_down_hall_angry__U9WZI5LK.mp4,420,405,15,5,10,True,15,"[1, 0, 408, 410, 407, 409, 412, 411, 419, 417, 415, 414, 416, 413, 418]",DeepFakeDetection,val,1
FaceForensics++_C23\DeepFakeDetection/05_16__walking_down_street_outside_angry__OSXCUOHX.mp4,630,619,11,3,8,True,11,"[0, 624, 626, 625, 622, 627, 623, 621, 620, 619, 618]",DeepFakeDetection,val,1
FaceForensics++_C23\DeepFakeDetection/05_17__hugging_happy__YTJYYDO9.mp4,816,740,76,23,53,False,20,"[624, 0, 626, 650, 625, 649, 660, 646, 664, 652, 647, 700, 656, 662, 659, 701, 661, 651, 112, 663]",DeepFakeDetection,val,1
FaceForensics++_C23\DeepFakeDetection/05_17__walking_down_street_outside_angry__M3H96PDQ.mp4,655,644,11,3,8,True,11,"[0, 650, 649, 651, 652, 648, 646, 647, 644, 645, 643]",DeepFakeDetection,val,1
FaceForensics++_C23\DeepFakeDetection/05_17__walking_outside_cafe_disgusted__C4VHXZFY.mp4,609,591,18,6,12,True,18,"[0, 592, 596, 594, 595, 593, 598, 608, 597, 607, 605, 600, 602, 599, 604, 601, 606, 603]",DeepFakeDetection,val,1
FaceForensics++_C23\DeepFakeDetection/05_28__exit_phone_room__U9LRLJ6N.mp4,405,385,20,6,14,True,20,"[386, 388, 387, 0, 390, 389, 394, 398, 392, 400, 395, 404, 396, 391, 397, 402, 403, 399, 401, 393]",DeepFakeDetection,val,1
FaceForensics++_C23\DeepFakeDetection/05_28__hugging_happy__VR9127O1.mp4,819,744,75,23,52,False,20,"[624, 0, 626, 650, 649, 660, 625, 646, 664, 652, 647, 656, 700, 661, 659, 701, 662, 651, 120, 663]",DeepFakeDetection,val,1
FaceForensics++_C23\DeepFakeDetection/05_28__kitchen_still__W3J028UG.mp4,875,874,1,0,1,True,1,[0],DeepFakeDetection,val,1
FaceForensics++_C23\DeepFakeDetection/05_28__walking_outside_cafe_disgusted__2DK5X0Y0.mp4,623,605,18,7,11,True,18,"[608, 606, 610, 607, 609, 622, 612, 620, 611, 0, 619, 621, 614, 618, 613, 617, 615, 616]",DeepFakeDetection,val,1
FaceForensics++_C23\DeepFakeDetection/06_02__podium_speech_happy__N8OSN8P6.mp4,1255,1233,22,7,15,True,20,"[0, 1242, 1240, 1245, 1243, 1239, 1241, 1244, 1236, 1234, 1237, 1253, 1238, 1235, 1247, 1246, 1248, 1250, 1249, 1251]",DeepFakeDetection,train,1
FaceForensics++_C23\DeepFakeDetection/06_02__walk_down_hall_angry__37DH75GQ.mp4,301,280,21,6,15,True,20,"[0, 299, 286, 288, 284, 285, 289, 292, 287, 290, 282, 283, 281, 294, 293, 291, 300, 296, 298, 295]",DeepFakeDetection,train,1
FaceForensics++_C23\DeepFakeDetection/06_02__walking_down_indoor_hall_disgust__GH8TGTBS.mp4,1291,146,1145,344,801,False,20,"[630, 124, 138, 184, 628, 1047, 629, 1023, 640, 123, 843, 1062, 646, 634, 1045, 1019, 639, 122, 159, 631]",DeepFakeDetection,train,1
FaceForensics++_C23\DeepFakeDetection/06_03__talking_against_wall__4I8LRXWF.mp4,845,844,1,0,1,True,1,[0],DeepFakeDetection,train,1
FaceForensics++_C23\DeepFakeDetection/06_04__outside_talking_still_laughing__ZK95PQDE.mp4,669,666,3,1,2,True,3,"[0, 422, 592]",DeepFakeDetection,train,1
FaceForensics++_C23\DeepFakeDetection/06_04__walking_outside_cafe_disgusted__ZK95PQDE.mp4,315,296,19,6,13,True,19,"[300, 302, 299, 301, 303, 304, 305, 306, 307, 308, 1, 310, 312, 309, 0, 314, 313, 311, 26]",DeepFakeDetection,train,1
FaceForensics++_C23\DeepFakeDetection/06_07__exit_phone_room__NMGYPBXE.mp4,260,251,9,3,6,True,9,"[4, 0, 253, 254, 255, 256, 257, 259, 258]",DeepFakeDetection,train,1
FaceForensics++_C23\DeepFakeDetection/06_07__kitchen_pan__NMGYPBXE.mp4,689,437,252,76,176,False,20,"[0, 28, 48, 30, 56, 4, 32, 29, 8, 27, 12, 36, 16, 44, 47, 26, 31, 49, 52, 46]",DeepFakeDetection,train,1
FaceForensics++_C23\DeepFakeDetection/06_07__outside_talking_pan_laughing__NMGYPBXE.mp4,623,547,76,23,53,False,20,"[0, 28, 26, 29, 27, 33, 37, 38, 34, 43, 64, 42, 72, 62, 63, 76, 68, 80, 75, 65]",DeepFakeDetection,train,1
FaceForensics++_C23\DeepFakeDetection/06_07__talking_against_wall__NMGYPBXE.mp4,845,844,1,0,1,True,1,[0],DeepFakeDetection,train,1
FaceForensics++_C23\DeepFakeDetection/06_07__walking_down_street_outside_angry__NMGYPBXE.mp4,565,550,15,5,10,True,15,"[0, 564, 559, 558, 560, 561, 556, 557, 562, 554, 551, 552, 553, 555, 563]",DeepFakeDetection,train,1
FaceForensics++_C23\DeepFakeDetection/06_07__walking_outside_cafe_disgusted__NMGYPBXE.mp4,342,325,17,5,12,True,17,"[326, 327, 328, 329, 330, 331, 332, 333, 334, 335, 0, 336, 339, 337, 341, 338, 340]",DeepFakeDetection,train,1
FaceForensics++_C23\DeepFakeDetection/06_11__kitchen_still__C8C4FW99.mp4,915,914,1,0,1,True,1,[0],DeepFakeDetection,train,1
FaceForensics++_C23\DeepFakeDetection/06_11__walking_and_outside_surprised__C8C4FW99.mp4,977,32,945,284,661,False,20,"[250, 180, 176, 40, 248, 0, 84, 32, 36, 16, 179, 249, 17, 177, 39, 20, 5, 48, 8, 174]",DeepFakeDetection,train,1
FaceForensics++_C23\DeepFakeDetection/06_11__walking_outside_cafe_disgusted__MX659QU8.mp4,315,293,22,7,15,True,20,"[298, 300, 297, 299, 301, 302, 303, 304, 305, 306, 1, 308, 310, 307, 0, 312, 314, 309, 311, 313]",DeepFakeDetection,train,1
FaceForensics++_C23\DeepFakeDetection/06_12__outside_talking_pan_laughing__3K21NFNM.mp4,586,499,87,26,61,False,20,"[0, 28, 29, 26, 27, 33, 37, 38, 34, 64, 42, 43, 72, 120, 80, 76, 63, 96, 62, 68]",DeepFakeDetection,train,1
FaceForensics++_C23\DeepFakeDetection/06_12__outside_talking_still_laughing__3K21NFNM.mp4,680,677,3,1,2,True,3,"[0, 520, 600]",DeepFakeDetection,train,1
FaceForensics++_C23\DeepFakeDetection/06_12__podium_speech_happy__0VR4Y891.mp4,1239,1217,22,7,15,True,20,"[0, 1223, 1226, 1227, 1219, 1229, 1224, 1225, 1220, 1218, 1231, 1228, 1222, 1221, 1237, 1233, 1232, 1230, 1234, 1235]",DeepFakeDetection,train,1
FaceForensics++_C23\DeepFakeDetection/06_12__podium_speech_happy__3K21NFNM.mp4,1246,1224,22,7,15,True,20,"[0, 1233, 1235, 1236, 1231, 1232, 1230, 1244, 1234, 1229, 1225, 1227, 1238, 1226, 1228, 1237, 1239, 1240, 1241, 1242]",DeepFakeDetection,train,1
FaceForensics++_C23\DeepFakeDetection/06_12__walking_and_outside_surprised__3K21NFNM.mp4,978,32,946,284,662,False,20,"[250, 176, 180, 40, 254, 0, 248, 178, 175, 84, 179, 32, 16, 5, 39, 20, 36, 17, 249, 174]",DeepFakeDetection,train,1
FaceForensics++_C23\DeepFakeDetection/06_14__outside_talking_pan_laughing__8U9ULZDT.mp4,621,539,82,25,57,False,20,"[0, 28, 29, 26, 27, 38, 34, 33, 37, 43, 64, 72, 42, 76, 63, 80, 62, 111, 68, 124]",DeepFakeDetection,train,1
FaceForensics++_C23\DeepFakeDetection/06_14__walking_and_outside_surprised__8U9ULZDT.mp4,977,33,944,283,661,False,20,"[172, 176, 243, 0, 40, 174, 32, 171, 175, 36, 17, 16, 20, 5, 170, 19, 8, 173, 194, 38]",DeepFakeDetection,train,1
FaceForensics++_C23\DeepFakeDetection/06_14__walking_down_indoor_hall_disgust__8U9ULZDT.mp4,1358,156,1202,361,841,False,20,"[630, 124, 138, 184, 628, 629, 1291, 640, 123, 646, 1129, 122, 634, 1135, 1103, 639, 1113, 1109, 631, 618]",DeepFakeDetection,train,1
FaceForensics++_C23\DeepFakeDetection/06_15__exit_phone_room__QRCD27P8.mp4,262,253,9,3,6,True,9,"[5, 0, 255, 256, 257, 259, 258, 261, 260]",DeepFakeDetection,train,1
FaceForensics++_C23\DeepFakeDetection/06_15__kitchen_pan__E98QYYXO.mp4,688,437,251,75,176,False,20,"[0, 28, 4, 48, 30, 8, 32, 56, 29, 1, 16, 44, 27, 36, 47, 12, 49, 52, 26, 7]",DeepFakeDetection,train,1
FaceForensics++_C23\DeepFakeDetection/06_15__kitchen_still__QRCD27P8.mp4,915,914,1,0,1,True,1,[0],DeepFakeDetection,train,1
FaceForensics++_C23\DeepFakeDetection/06_15__outside_talking_still_laughing__E98QYYXO.mp4,746,744,2,1,1,True,2,"[0, 450]",DeepFakeDetection,train,1
FaceForensics++_C23\DeepFakeDetection/06_15__outside_talking_still_laughing__QRCD27P8.mp4,720,717,3,1,2,True,3,"[0, 631, 180]",DeepFakeDetection,train,1
FaceForensics++_C23\DeepFakeDetection/06_15__walking_and_outside_surprised__QRCD27P8.mp4,986,33,953,286,667,False,20,"[250, 180, 176, 248, 0, 40, 254, 84, 36, 177, 249, 32, 16, 251, 5, 17, 20, 178, 179, 174]",DeepFakeDetection,train,1
FaceForensics++_C23\DeepFakeDetection/06_15__walking_down_indoor_hall_disgust__QRCD27P8.mp4,1357,158,1199,360,839,False,20,"[630, 124, 138, 184, 1102, 628, 629, 640, 868, 646, 123, 1128, 1134, 1290, 880, 634, 639, 1112, 1103, 1288]",DeepFakeDetection,train,1
FaceForensics++_C23\DeepFakeDetection/06_18__kitchen_still__XJ76YU5A.mp4,915,914,1,0,1,True,1,[0],DeepFakeDetection,train,1
FaceForensics++_C23\DeepFakeDetection/06_18__outside_talking_pan_laughing__DEA1TCLN.mp4,625,542,83,25,58,False,20,"[0, 28, 29, 26, 27, 38, 33, 34, 39, 37, 64, 43, 42, 72, 63, 68, 76, 62, 112, 65]",DeepFakeDetection,train,1
FaceForensics++_C23\DeepFakeDetection/06_18__outside_talking_still_laughing__M36D0OJT.mp4,661,658,3,1,2,True,3,"[0, 500, 586]",DeepFakeDetection,train,1
FaceForensics++_C23\DeepFakeDetection/06_18__podium_speech_happy__5HNHMK6G.mp4,1255,1233,22,7,15,True,20,"[0, 1245, 1242, 1239, 1240, 1244, 1241, 1243, 1238, 1234, 1253, 1236, 1247, 1246, 1235, 1237, 1248, 1250, 1249, 1251]",DeepFakeDetection,train,1
FaceForensics++_C23\DeepFakeDetection/06_18__podium_speech_happy__DEA1TCLN.mp4,1255,1233,22,7,15,True,20,"[0, 1245, 1239, 1240, 1242, 1253, 1241, 1244, 1238, 1243, 1236, 1235, 1237, 1247, 1234, 1246, 1248, 1249, 1250, 1251]",DeepFakeDetection,train,1
FaceForensics++_C23\DeepFakeDetection/06_18__talking_angry_couch__DEA1TCLN.mp4,1181,1171,10,3,7,True,10,"[0, 589, 1094, 1095, 1052, 1062, 1061, 1051, 1180, 1179]",DeepFakeDetection,train,1
FaceForensics++_C23\DeepFakeDetection/06_18__walk_down_hall_angry__LH0KWJKM.mp4,301,280,21,6,15,True,20,"[0, 299, 286, 284, 285, 288, 289, 287, 290, 282, 292, 283, 281, 291, 293, 300, 294, 296, 295, 298]",DeepFakeDetection,train,1
FaceForensics++_C23\DeepFakeDetection/06_18__walking_down_indoor_hall_disgust__DEA1TCLN.mp4,1290,146,1144,343,801,False,20,"[124, 629, 138, 184, 1046, 1022, 630, 628, 842, 123, 1061, 627, 585, 637, 1018, 1044, 649, 122, 625, 1041]",DeepFakeDetection,train,1
FaceForensics++_C23\DeepFakeDetection/06_18__walking_down_street_outside_angry__MVXBDKGB.mp4,549,533,16,5,11,True,16,"[0, 548, 542, 541, 543, 544, 547, 540, 536, 534, 539, 538, 537, 535, 546, 545]",DeepFakeDetection,train,1
FaceForensics++_C23\DeepFakeDetection/06_20__kitchen_pan__6SUW7063.mp4,686,435,251,75,176,False,20,"[28, 0, 48, 36, 40, 26, 44, 52, 4, 56, 8, 46, 27, 32, 16, 30, 24, 60, 12, 47]",DeepFakeDetection,train,1
FaceForensics++_C23\DeepFakeDetection/06_25__outside_talking_pan_laughing__MI9BDQ7M.mp4,593,507,86,26,60,False,20,"[0, 28, 26, 27, 29, 38, 39, 37, 34, 33, 42, 68, 61, 43, 65, 64, 51, 71, 70, 66]",DeepFakeDetection,train,1
FaceForensics++_C23\DeepFakeDetection/06_25__talking_angry_couch__MI9BDQ7M.mp4,1177,1166,11,3,8,True,11,"[0, 586, 943, 1090, 1091, 1048, 1058, 1057, 1047, 1176, 1175]",DeepFakeDetection,train,1
FaceForensics++_C23\DeepFakeDetection/06_25__walking_and_outside_surprised__MI9BDQ7M.mp4,976,32,944,283,661,False,20,"[176, 248, 180, 249, 0, 40, 32, 175, 36, 178, 179, 17, 16, 174, 19, 20, 5, 38, 8, 28]",DeepFakeDetection,train,1
FaceForensics++_C23\DeepFakeDetection/06_26__kitchen_pan__L5BVR5L9.mp4,687,437,250,75,175,False,20,"[28, 0, 30, 48, 29, 4, 8, 32, 56, 27, 16, 12, 60, 36, 47, 44, 52, 26, 31, 46]",DeepFakeDetection,train,1
FaceForensics++_C23\DeepFakeDetection/06_26__kitchen_still__L5BVR5L9.mp4,915,914,1,0,1,True,1,[0],DeepFakeDetection,train,1
FaceForensics++_C23\DeepFakeDetection/06_26__talking_against_wall__L5BVR5L9.mp4,845,844,1,0,1,True,1,[0],DeepFakeDetection,train,1
FaceForensics++_C23\DeepFakeDetection/06_26__talking_angry_couch__L5BVR5L9.mp4,1178,1167,11,3,8,True,11,"[0, 586, 1092, 420, 1091, 1048, 1058, 1049, 1176, 1059, 1177]",DeepFakeDetection,train,1
FaceForensics++_C23\DeepFakeDetection/06_27__outside_talking_still_laughing__SZWVBWY4.mp4,739,738,1,0,1,True,1,[0],DeepFakeDetection,train,1
FaceForensics++_C23\DeepFakeDetection/06_27__talking_angry_couch__JOG5PB18.mp4,1180,1170,10,3,7,True,10,"[0, 589, 1094, 1093, 1060, 1051, 1050, 1061, 1179, 1178]",DeepFakeDetection,train,1
FaceForensics++_C23\DeepFakeDetection/06_27__walking_and_outside_surprised__O7L5Z9U8.mp4,1002,35,967,290,677,False,20,"[250, 180, 176, 254, 248, 40, 0, 84, 177, 179, 16, 32, 36, 39, 44, 178, 174, 249, 17, 20]",DeepFakeDetection,train,1
FaceForensics++_C23\DeepFakeDetection/06_27__walking_and_outside_surprised__SZWVBWY4.mp4,997,35,962,289,673,False,20,"[250, 180, 176, 248, 40, 0, 254, 84, 177, 179, 32, 249, 174, 16, 178, 36, 39, 44, 5, 17]",DeepFakeDetection,train,1
FaceForensics++_C23\DeepFakeDetection/06_27__walking_outside_cafe_disgusted__VN14WY2N.mp4,317,297,20,6,14,True,20,"[301, 302, 300, 303, 304, 305, 306, 307, 308, 2, 309, 0, 311, 310, 313, 315, 312, 314, 27, 316]",DeepFakeDetection,train,1
FaceForensics++_C23\DeepFakeDetection/07_02__exit_phone_room__1KPVZAAP.mp4,387,376,11,3,8,True,11,"[377, 378, 379, 0, 380, 384, 383, 381, 385, 382, 386]",DeepFakeDetection,train,1
FaceForensics++_C23\DeepFakeDetection/07_02__hugging_happy__O4SXNLRL.mp4,684,603,81,24,57,False,20,"[584, 189, 180, 439, 389, 438, 254, 349, 603, 433, 78, 679, 427, 118, 79, 82, 317, 310, 119, 265]",DeepFakeDetection,train,1
FaceForensics++_C23\DeepFakeDetection/07_02__kitchen_pan__O4SXNLRL.mp4,545,301,244,73,171,False,20,"[12, 13, 4, 11, 8, 0, 6, 7, 32, 28, 20, 24, 2, 36, 458, 26, 27, 16, 10, 31]",DeepFakeDetection,train,1
FaceForensics++_C23\DeepFakeDetection/07_02__talking_against_wall__34PVT42V.mp4,734,733,1,0,1,True,1,[0],DeepFakeDetection,train,1
FaceForensics++_C23\DeepFakeDetection/07_02__talking_angry_couch__1H07DFQJ.mp4,1567,1566,1,0,1,True,1,[0],DeepFakeDetection,train,1
FaceForensics++_C23\DeepFakeDetection/07_02__walk_down_hall_angry__O4SXNLRL.mp4,552,551,1,0,1,True,1,[0],DeepFakeDetection,train,1
FaceForensics++_C23\DeepFakeDetection/07_02__walking_down_street_outside_angry__O4SXNLRL.mp4,580,556,24,7,17,True,20,"[579, 578, 576, 577, 557, 574, 575, 573, 558, 559, 572, 571, 560, 570, 569, 561, 562, 568, 566, 567]",DeepFakeDetection,train,1
FaceForensics++_C23\DeepFakeDetection/07_03__hugging_happy__7NGMD8FT.mp4,729,644,85,26,59,False,20,"[466, 197, 188, 618, 262, 364, 263, 465, 409, 638, 187, 88, 363, 87, 276, 90, 329, 331, 118, 319]",DeepFakeDetection,train,1
FaceForensics++_C23\DeepFakeDetection/07_03__hugging_happy__WPT3Z2KN.mp4,752,668,84,25,59,False,20,"[199, 208, 639, 657, 380, 484, 274, 273, 379, 331, 91, 287, 90, 93, 344, 121, 0, 94, 124, 96]",DeepFakeDetection,train,1
FaceForensics++_C23\DeepFakeDetection/07_03__kitchen_pan__WPT3Z2KN.mp4,545,301,244,73,171,False,20,"[11, 0, 5, 8, 4, 7, 9, 19, 27, 6, 23, 3, 10, 2, 123, 22, 28, 454, 29, 1]",DeepFakeDetection,train,1
FaceForensics++_C23\DeepFakeDetection/07_03__outside_talking_pan_laughing__6PHZRQ4H.mp4,702,620,82,25,57,False,20,"[0, 1, 32, 500, 34, 33, 54, 27, 26, 104, 94, 508, 502, 132, 501, 106, 96, 92, 105, 112]",DeepFakeDetection,train,1
FaceForensics++_C23\DeepFakeDetection/07_03__outside_talking_pan_laughing__IFSURI9X.mp4,703,624,79,24,55,False,20,"[0, 1, 32, 500, 33, 34, 54, 501, 27, 104, 94, 132, 504, 502, 112, 508, 96, 92, 106, 105]",DeepFakeDetection,train,1
FaceForensics++_C23\DeepFakeDetection/07_03__outside_talking_still_laughing__IFSURI9X.mp4,852,849,3,1,2,True,3,"[0, 850, 849]",DeepFakeDetection,train,1
FaceForensics++_C23\DeepFakeDetection/07_03__podium_speech_happy__6PHZRQ4H.mp4,1079,1077,2,1,1,True,2,"[0, 1073]",DeepFakeDetection,train,1
FaceForensics++_C23\DeepFakeDetection/07_03__secret_conversation__IFSURI9X.mp4,684,680,4,1,3,True,4,"[0, 9, 10, 8]",DeepFakeDetection,train,1
FaceForensics++_C23\DeepFakeDetection/07_03__talking_against_wall__IFSURI9X.mp4,743,742,1,0,1,True,1,[0],DeepFakeDetection,train,1
FaceForensics++_C23\DeepFakeDetection/07_03__talking_angry_couch__WPT3Z2KN.mp4,1544,1543,1,0,1,True,1,[0],DeepFakeDetection,train,1
FaceForensics++_C23\DeepFakeDetection/07_03__walk_down_hall_angry__W3MXGEU9.mp4,568,567,1,0,1,True,1,[0],DeepFakeDetection,train,1
FaceForensics++_C23\DeepFakeDetection/07_03__walking_outside_cafe_disgusted__F0YYEA5W.mp4,477,464,13,5,8,True,13,"[0, 475, 476, 466, 469, 471, 465, 467, 470, 472, 473, 468, 474]",DeepFakeDetection,train,1
FaceForensics++_C23\DeepFakeDetection/07_04__exit_phone_room__QKCCFKBT.mp4,395,382,13,4,9,True,13,"[384, 383, 385, 386, 0, 387, 391, 388, 389, 392, 390, 393, 394]",DeepFakeDetection,train,1
FaceForensics++_C23\DeepFakeDetection/07_04__kitchen_pan__XRK7FGZX.mp4,549,299,250,75,175,False,20,"[14, 13, 6, 8, 4, 29, 0, 10, 33, 25, 12, 9, 37, 23, 129, 455, 28, 2, 34, 27]",DeepFakeDetection,train,1
FaceForensics++_C23\DeepFakeDetection/07_04__kitchen_still__M2NBCLFR.mp4,814,812,2,1,1,True,2,"[0, 524]",DeepFakeDetection,train,1
FaceForensics++_C23\DeepFakeDetection/07_04__outside_talking_still_laughing__XRK7FGZX.mp4,855,852,3,1,2,True,3,"[853, 0, 852]",DeepFakeDetection,train,1
FaceForensics++_C23\DeepFakeDetection/07_06__kitchen_pan__NMGYPBXE.mp4,532,295,237,71,166,False,20,"[12, 13, 6, 0, 8, 4, 10, 28, 29, 24, 9, 11, 27, 20, 2, 16, 25, 22, 32, 36]",DeepFakeDetection,train,1
FaceForensics++_C23\DeepFakeDetection/07_06__outside_talking_still_laughing__NMGYPBXE.mp4,855,852,3,1,2,True,3,"[853, 0, 852]",DeepFakeDetection,train,1
FaceForensics++_C23\DeepFakeDetection/07_06__walking_down_street_outside_angry__NMGYPBXE.mp4,563,539,24,7,17,True,20,"[561, 562, 559, 560, 558, 557, 540, 556, 541, 554, 543, 542, 555, 553, 544, 552, 551, 546, 545, 550]",DeepFakeDetection,train,1
FaceForensics++_C23\DeepFakeDetection/07_09__outside_talking_still_laughing__N9CWME71.mp4,857,854,3,1,2,True,3,"[0, 855, 854]",DeepFakeDetection,train,1
FaceForensics++_C23\DeepFakeDetection/07_09__secret_conversation__N9CWME71.mp4,634,632,2,1,1,True,2,"[0, 4]",DeepFakeDetection,train,1
FaceForensics++_C23\DeepFakeDetection/07_09__walk_down_hall_angry__N9CWME71.mp4,560,558,2,1,1,True,2,"[0, 557]",DeepFakeDetection,train,1
FaceForensics++_C23\DeepFakeDetection/07_12__outside_talking_pan_laughing__0VN0A2T3.mp4,510,392,118,36,82,False,20,"[0, 1, 32, 22, 24, 31, 30, 48, 25, 39, 51, 49, 47, 72, 84, 108, 65, 50, 53, 82]",DeepFakeDetection,train,1
FaceForensics++_C23\DeepFakeDetection/07_12__outside_talking_still_laughing__0VN0A2T3.mp4,613,605,8,3,5,True,8,"[534, 602, 385, 611, 0, 212, 610, 207]",DeepFakeDetection,train,1
FaceForensics++_C23\DeepFakeDetection/07_12__talking_against_wall__0VN0A2T3.mp4,311,309,2,1,1,True,2,"[2, 0]",DeepFakeDetection,train,1
FaceForensics++_C23\DeepFakeDetection/07_13__walking_outside_cafe_disgusted__RVQCPCJF.mp4,422,409,13,4,9,True,13,"[3, 0, 420, 413, 412, 421, 415, 411, 417, 419, 416, 414, 418]",DeepFakeDetection,train,1
FaceForensics++_C23\DeepFakeDetection/07_14__exit_phone_room__P9QFO50U.mp4,395,382,13,4,9,True,13,"[383, 384, 0, 385, 386, 389, 387, 393, 388, 391, 394, 390, 392]",DeepFakeDetection,train,1
FaceForensics++_C23\DeepFakeDetection/07_14__outside_talking_pan_laughing__P9QFO50U.mp4,703,619,84,25,59,False,20,"[0, 1, 32, 500, 28, 33, 34, 54, 27, 26, 501, 94, 104, 132, 92, 504, 502, 112, 506, 96]",DeepFakeDetection,train,1
FaceForensics++_C23\DeepFakeDetection/07_14__podium_speech_happy__VOX29AK0.mp4,1076,1074,2,1,1,True,2,"[0, 1070]",DeepFakeDetection,train,1
FaceForensics++_C23\DeepFakeDetection/07_14__talking_against_wall__P9QFO50U.mp4,759,758,1,0,1,True,1,[0],DeepFakeDetection,train,1
FaceForensics++_C23\DeepFakeDetection/07_14__walking_down_street_outside_angry__VOX29AK0.mp4,557,533,24,7,17,True,20,"[556, 555, 553, 554, 551, 550, 534, 552, 535, 536, 537, 548, 549, 547, 546, 538, 540, 539, 543, 544]",DeepFakeDetection,train,1
FaceForensics++_C23\DeepFakeDetection/07_15__hugging_happy__9Z2MLKVX.mp4,723,639,84,25,59,False,20,"[612, 466, 196, 583, 580, 187, 262, 464, 631, 465, 367, 411, 261, 366, 88, 274, 318, 332, 118, 87]",DeepFakeDetection,train,1
FaceForensics++_C23\DeepFakeDetection/07_15__outside_talking_still_laughing__KM6M2TBT.mp4,859,856,3,1,2,True,3,"[857, 0, 856]",DeepFakeDetection,train,1
FaceForensics++_C23\DeepFakeDetection/07_15__walking_down_street_outside_angry__NYPO7U50.mp4,564,540,24,7,17,True,20,"[562, 563, 560, 561, 558, 559, 541, 557, 555, 542, 556, 543, 544, 554, 553, 545, 552, 546, 550, 551]",DeepFakeDetection,train,1
FaceForensics++_C23\DeepFakeDetection/07_20__outside_talking_pan_laughing__KV6Q7D6C.mp4,704,622,82,25,57,False,20,"[0, 1, 32, 500, 28, 34, 33, 54, 27, 94, 104, 502, 508, 501, 132, 112, 92, 504, 105, 96]",DeepFakeDetection,train,1
FaceForensics++_C23\DeepFakeDetection/07_20__talking_against_wall__KV6Q7D6C.mp4,744,743,1,0,1,True,1,[0],DeepFakeDetection,train,1
FaceForensics++_C23\DeepFakeDetection/07_21__exit_phone_room__K7KXUHMU.mp4,403,392,11,3,8,True,11,"[393, 394, 0, 395, 396, 397, 401, 399, 400, 398, 402]",DeepFakeDetection,train,1
FaceForensics++_C23\DeepFakeDetection/07_21__outside_talking_still_laughing__K7KXUHMU.mp4,834,831,3,1,2,True,3,"[831, 832, 0]",DeepFakeDetection,train,1
FaceForensics++_C23\DeepFakeDetection/07_21__secret_conversation__CRGVSDBI.mp4,391,387,4,1,3,True,4,"[0, 323, 10, 13]",DeepFakeDetection,train,1
FaceForensics++_C23\DeepFakeDetection/07_21__talking_against_wall__MKU99DVX.mp4,652,651,1,0,1,True,1,[0],DeepFakeDetection,train,1
FaceForensics++_C23\DeepFakeDetection/07_21__walking_down_street_outside_angry__K7KXUHMU.mp4,531,506,25,8,17,True,20,"[530, 528, 507, 529, 527, 508, 524, 509, 525, 526, 510, 511, 523, 522, 521, 512, 520, 514, 513, 518]",DeepFakeDetection,train,1
FaceForensics++_C23\DeepFakeDetection/07_25__exit_phone_room__IKMKYKPG.mp4,390,377,13,4,9,True,13,"[378, 379, 380, 381, 382, 383, 0, 387, 384, 386, 388, 385, 389]",DeepFakeDetection,train,1
FaceForensics++_C23\DeepFakeDetection/07_25__walk_down_hall_angry__PAE9HCA8.mp4,432,429,3,1,2,True,3,"[0, 430, 431]",DeepFakeDetection,train,1
FaceForensics++_C23\DeepFakeDetection/07_25__walking_down_street_outside_angry__IKMKYKPG.mp4,552,528,24,7,17,True,20,"[551, 550, 548, 549, 547, 546, 545, 529, 530, 543, 531, 544, 532, 542, 541, 533, 540, 534, 539, 536]",DeepFakeDetection,train,1
FaceForensics++_C23\DeepFakeDetection/07_26__walk_down_hall_angry__FGNGC2GT.mp4,543,542,1,0,1,True,1,[0],DeepFakeDetection,train,1
FaceForensics++_C23\DeepFakeDetection/07_26__walking_down_street_outside_angry__FGNGC2GT.mp4,541,517,24,7,17,True,20,"[539, 540, 537, 538, 536, 518, 535, 534, 520, 519, 532, 533, 521, 531, 522, 530, 523, 524, 529, 528]",DeepFakeDetection,train,1
FaceForensics++_C23\DeepFakeDetection/07_27__walking_down_street_outside_angry__3RH5PR6S.mp4,579,555,24,7,17,True,20,"[577, 578, 575, 576, 574, 573, 572, 556, 570, 557, 571, 558, 559, 569, 568, 560, 567, 561, 564, 566]",DeepFakeDetection,train,1
FaceForensics++_C23\DeepFakeDetection/08_05__kitchen_still__LVIZ2X8P.mp4,881,880,1,0,1,True,1,[0],DeepFakeDetection,val,1
FaceForensics++_C23\DeepFakeDetection/08_05__walk_down_hall_angry__FBICSP2C.mp4,276,259,17,5,12,True,17,"[275, 0, 260, 274, 261, 262, 263, 264, 266, 265, 267, 268, 271, 269, 270, 273, 272]",DeepFakeDetection,val,1
FaceForensics++_C23\DeepFakeDetection/08_05__walk_down_hall_angry__PRBCE28Z.mp4,228,212,16,5,11,True,16,"[227, 209, 212, 226, 215, 216, 218, 217, 219, 220, 0, 221, 222, 223, 225, 224]",DeepFakeDetection,val,1
FaceForensics++_C23\DeepFakeDetection/08_16__podium_speech_happy__8Q7JCS95.mp4,1071,1049,22,7,15,True,20,"[320, 0, 770, 44, 45, 42, 43, 41, 139, 147, 137, 138, 1063, 1061, 1062, 1064, 1066, 1065, 1067, 1068]",DeepFakeDetection,val,1
FaceForensics++_C23\DeepFakeDetection/08_16__talking_against_wall__8Q7JCS95.mp4,1022,1019,3,1,2,True,3,"[752, 0, 141]",DeepFakeDetection,val,1
FaceForensics++_C23\DeepFakeDetection/08_17__kitchen_pan__JZYRLJ8T.mp4,577,341,236,71,165,False,20,"[124, 128, 24, 126, 125, 120, 127, 132, 116, 119, 80, 118, 25, 130, 129, 160, 123, 58, 26, 211]",DeepFakeDetection,val,1
FaceForensics++_C23\DeepFakeDetection/08_17__kitchen_still__ZCEYWYTC.mp4,915,914,1,0,1,True,1,[0],DeepFakeDetection,val,1
FaceForensics++_C23\DeepFakeDetection/08_17__walk_down_hall_angry__QOX5NWIJ.mp4,245,226,19,6,13,True,19,"[210, 205, 0, 244, 243, 229, 230, 232, 235, 231, 236, 233, 234, 237, 240, 242, 238, 239, 241]",DeepFakeDetection,val,1
FaceForensics++_C23\DeepFakeDetection/08_28__kitchen_pan__LVT0XNQG.mp4,581,340,241,72,169,False,20,"[24, 128, 126, 120, 127, 132, 58, 122, 121, 129, 25, 57, 119, 124, 130, 118, 214, 125, 26, 68]",DeepFakeDetection,val,1
FaceForensics++_C23\DeepFakeDetection/08_28__outside_talking_pan_laughing__8BC35RFU.mp4,591,226,365,110,255,False,20,"[0, 250, 252, 1, 4, 2, 254, 8, 251, 255, 256, 3, 277, 6, 5, 12, 276, 257, 219, 7]",DeepFakeDetection,val,1
FaceForensics++_C23\DeepFakeDetection/08_28__outside_talking_still_laughing__8BC35RFU.mp4,736,696,40,12,28,False,20,"[572, 575, 655, 306, 262, 0, 669, 207, 235, 675, 236, 240, 237, 238, 104, 115, 239, 7, 103, 31]",DeepFakeDetection,val,1
FaceForensics++_C23\DeepFakeDetection/09_01__talking_against_wall__O8HNNX43.mp4,975,968,7,2,5,True,7,"[152, 154, 150, 151, 149, 153, 0]",DeepFakeDetection,train,1
FaceForensics++_C23\DeepFakeDetection/09_01__walk_down_hall_angry__6TSGVLHA.mp4,335,326,9,3,6,True,9,"[330, 334, 327, 328, 329, 331, 332, 333, 0]",DeepFakeDetection,train,1
FaceForensics++_C23\DeepFakeDetection/09_02__exit_phone_room__6KUOFMZW.mp4,339,335,4,1,3,True,4,"[338, 334, 337, 0]",DeepFakeDetection,train,1
FaceForensics++_C23\DeepFakeDetection/09_02__walk_down_hall_angry__6KUOFMZW.mp4,307,299,8,3,5,True,8,"[306, 300, 303, 301, 302, 304, 305, 0]",DeepFakeDetection,train,1
FaceForensics++_C23\DeepFakeDetection/09_02__walking_down_street_outside_angry__6KUOFMZW.mp4,387,372,15,5,10,True,15,"[386, 384, 385, 382, 383, 0, 381, 374, 380, 373, 378, 375, 379, 376, 377]",DeepFakeDetection,train,1
FaceForensics++_C23\DeepFakeDetection/09_02__walking_down_street_outside_angry__9TDCEK1Q.mp4,425,410,15,5,10,True,15,"[424, 422, 423, 421, 420, 419, 418, 0, 412, 411, 416, 413, 414, 417, 415]",DeepFakeDetection,train,1
FaceForensics++_C23\DeepFakeDetection/09_03__kitchen_pan__8DTEGQ54.mp4,663,444,219,66,153,False,20,"[20, 24, 19, 23, 22, 52, 36, 50, 28, 16, 60, 48, 44, 32, 51, 26, 56, 8, 18, 46]",DeepFakeDetection,train,1
FaceForensics++_C23\DeepFakeDetection/09_03__talking_against_wall__8DTEGQ54.mp4,975,968,7,2,5,True,7,"[154, 152, 150, 151, 149, 153, 0]",DeepFakeDetection,train,1
FaceForensics++_C23\DeepFakeDetection/09_03__talking_angry_couch__RCETIXYL.mp4,1318,1316,2,1,1,True,2,"[0, 1043]",DeepFakeDetection,train,1
FaceForensics++_C23\DeepFakeDetection/09_07__kitchen_pan__N9CWME71.mp4,656,438,218,66,152,False,20,"[20, 24, 19, 23, 22, 52, 28, 50, 48, 16, 18, 60, 36, 32, 44, 51, 21, 8, 56, 26]",DeepFakeDetection,train,1
FaceForensics++_C23\DeepFakeDetection/09_11__talking_against_wall__INNOT5UE.mp4,975,968,7,2,5,True,7,"[154, 152, 150, 151, 149, 153, 0]",DeepFakeDetection,train,1
FaceForensics++_C23\DeepFakeDetection/09_13__exit_phone_room__YP7MGDQ6.mp4,312,308,4,1,3,True,4,"[311, 306, 309, 0]",DeepFakeDetection,train,1
FaceForensics++_C23\DeepFakeDetection/09_13__kitchen_pan__21H6XSPE.mp4,647,430,217,65,152,False,20,"[22, 19, 21, 24, 48, 20, 28, 23, 40, 49, 16, 32, 46, 56, 47, 18, 44, 36, 52, 26]",DeepFakeDetection,train,1
FaceForensics++_C23\DeepFakeDetection/09_13__outside_talking_pan_laughing__6K90KFOQ.mp4,723,496,227,68,159,False,20,"[0, 4, 1, 2, 8, 3, 12, 6, 5, 7, 10, 9, 16, 11, 20, 14, 13, 19, 18, 15]",DeepFakeDetection,train,1
FaceForensics++_C23\DeepFakeDetection/09_13__outside_talking_pan_laughing__LPT427RY.mp4,707,485,222,67,155,False,20,"[0, 4, 8, 1, 500, 6, 12, 3, 2, 5, 7, 9, 10, 16, 11, 20, 14, 13, 19, 15]",DeepFakeDetection,train,1
FaceForensics++_C23\DeepFakeDetection/09_13__outside_talking_still_laughing__NDMHWBT1.mp4,818,790,28,9,19,True,20,"[0, 133, 136, 61, 135, 29, 1, 30, 146, 32, 31, 266, 36, 12, 5, 14, 7, 11, 13, 8]",DeepFakeDetection,train,1
FaceForensics++_C23\DeepFakeDetection/09_13__walk_down_hall_angry__BVZGDFD8.mp4,308,298,10,3,7,True,10,"[306, 299, 302, 300, 301, 303, 304, 307, 305, 0]",DeepFakeDetection,train,1
FaceForensics++_C23\DeepFakeDetection/09_13__walking_down_street_outside_angry__NDMHWBT1.mp4,408,393,15,5,10,True,15,"[406, 407, 405, 404, 402, 0, 394, 403, 401, 396, 395, 400, 398, 399, 397]",DeepFakeDetection,train,1
FaceForensics++_C23\DeepFakeDetection/09_14__outside_talking_still_laughing__FRY0IZ4R.mp4,855,833,22,7,15,True,20,"[0, 67, 34, 36, 1, 37, 9, 38, 10, 13, 14, 11, 12, 41, 16, 17, 15, 500, 730, 729]",DeepFakeDetection,train,1
FaceForensics++_C23\DeepFakeDetection/09_14__talking_angry_couch__6TEK3ZX0.mp4,1324,1322,2,1,1,True,2,"[0, 1048]",DeepFakeDetection,train,1
FaceForensics++_C23\DeepFakeDetection/09_18__outside_talking_pan_laughing__3VP8836C.mp4,733,505,228,69,159,False,20,"[0, 4, 500, 1, 8, 2, 12, 3, 6, 5, 10, 7, 9, 16, 11, 20, 13, 19, 18, 14]",DeepFakeDetection,train,1
FaceForensics++_C23\DeepFakeDetection/09_18__walking_down_street_outside_angry__3VP8836C.mp4,408,393,15,5,10,True,15,"[406, 407, 405, 404, 402, 0, 394, 403, 401, 395, 396, 400, 398, 399, 397]",DeepFakeDetection,train,1
FaceForensics++_C23\DeepFakeDetection/09_20__kitchen_pan__98NUQ3E6.mp4,652,434,218,66,152,False,20,"[20, 24, 23, 19, 22, 28, 48, 52, 16, 18, 50, 49, 32, 44, 51, 60, 36, 59, 40, 56]",DeepFakeDetection,train,1
FaceForensics++_C23\DeepFakeDetection/09_20__outside_talking_still_laughing__MKEWB4SM.mp4,853,826,27,8,19,True,20,"[0, 36, 70, 10, 39, 1, 9, 13, 40, 14, 41, 44, 18, 17, 15, 20, 16, 45, 21, 19]",DeepFakeDetection,train,1
FaceForensics++_C23\DeepFakeDetection/09_20__podium_speech_happy__O5X0AWR9.mp4,1023,1019,4,1,3,True,4,"[0, 641, 642, 658]",DeepFakeDetection,train,1
FaceForensics++_C23\DeepFakeDetection/09_20__podium_speech_happy__RAGUKRMK.mp4,1023,1021,2,1,1,True,2,"[0, 658]",DeepFakeDetection,train,1
FaceForensics++_C23\DeepFakeDetection/09_20__talking_angry_couch__0IRM5ADD.mp4,1324,1322,2,1,1,True,2,"[0, 1048]",DeepFakeDetection,train,1
FaceForensics++_C23\DeepFakeDetection/09_20__talking_angry_couch__98NUQ3E6.mp4,1317,1315,2,1,1,True,2,"[0, 1042]",DeepFakeDetection,train,1
FaceForensics++_C23\DeepFakeDetection/09_20__walk_down_hall_angry__MKEWB4SM.mp4,309,300,9,3,6,True,9,"[308, 304, 301, 302, 303, 305, 306, 307, 0]",DeepFakeDetection,train,1
FaceForensics++_C23\DeepFakeDetection/09_25__talking_angry_couch__5041ODBN.mp4,1297,1295,2,1,1,True,2,"[0, 1023]",DeepFakeDetection,train,1
FaceForensics++_C23\DeepFakeDetection/09_25__walking_down_street_outside_angry__5041ODBN.mp4,408,393,15,5,10,True,15,"[406, 407, 405, 404, 402, 0, 394, 403, 401, 396, 400, 395, 398, 399, 397]",DeepFakeDetection,train,1
FaceForensics++_C23\DeepFakeDetection/09_26__exit_phone_room__XXGYLT82.mp4,337,333,4,1,3,True,4,"[336, 332, 335, 0]",DeepFakeDetection,train,1
FaceForensics++_C23\DeepFakeDetection/09_26__talking_against_wall__C3K20JOL.mp4,975,968,7,2,5,True,7,"[154, 152, 150, 153, 149, 151, 0]",DeepFakeDetection,train,1
FaceForensics++_C23\DeepFakeDetection/09_26__walk_down_hall_angry__QSE5A0GF.mp4,336,327,9,3,6,True,9,"[335, 331, 328, 330, 329, 332, 333, 334, 0]",DeepFakeDetection,train,1
FaceForensics++_C23\DeepFakeDetection/09_27__walking_down_street_outside_angry__RC9KATOO.mp4,387,372,15,5,10,True,15,"[386, 384, 385, 382, 383, 0, 381, 374, 373, 380, 378, 375, 379, 376, 377]",DeepFakeDetection,train,1
FaceForensics++_C23\DeepFakeDetection/10_19__kitchen_still__IDX76N5R.mp4,874,872,2,1,1,True,2,"[397, 0]",DeepFakeDetection,test,1
FaceForensics++_C23\DeepFakeDetection/10_19__outside_talking_still_laughing__O2IKR6YM.mp4,760,752,8,3,5,True,8,"[0, 754, 759, 757, 758, 756, 753, 755]",DeepFakeDetection,test,1
FaceForensics++_C23\DeepFakeDetection/10_19__walking_down_street_outside_angry__IDX76N5R.mp4,849,835,14,4,10,True,14,"[0, 847, 846, 840, 826, 828, 842, 845, 841, 827, 829, 843, 844, 830]",DeepFakeDetection,test,1
FaceForensics++_C23\DeepFakeDetection/10_22__exit_phone_room__G48B2EQ2.mp4,293,283,10,3,7,True,10,"[0, 285, 284, 292, 288, 287, 286, 291, 289, 290]",DeepFakeDetection,test,1
FaceForensics++_C23\DeepFakeDetection/10_22__kitchen_pan__EHARPYBT.mp4,670,463,207,62,145,False,20,"[60, 36, 58, 40, 34, 42, 35, 59, 52, 32, 44, 56, 57, 50, 48, 54, 37, 38, 24, 28]",DeepFakeDetection,test,1
FaceForensics++_C23\DeepFakeDetection/10_22__kitchen_pan__PUJR4HJ1.mp4,672,462,210,63,147,False,20,"[60, 58, 36, 59, 44, 61, 40, 52, 38, 48, 10, 56, 32, 42, 37, 24, 43, 35, 34, 55]",DeepFakeDetection,test,1
FaceForensics++_C23\DeepFakeDetection/10_22__kitchen_still__EHARPYBT.mp4,867,866,1,0,1,True,1,[0],DeepFakeDetection,test,1
FaceForensics++_C23\DeepFakeDetection/10_22__outside_talking_pan_laughing__8YQ2EUQP.mp4,741,479,262,79,183,False,20,"[0, 4, 2, 8, 1, 6, 3, 5, 7, 12, 10, 9, 16, 20, 17, 18, 11, 14, 15, 32]",DeepFakeDetection,test,1
FaceForensics++_C23\DeepFakeDetection/10_22__outside_talking_pan_laughing__G48B2EQ2.mp4,738,471,267,80,187,False,20,"[0, 4, 2, 8, 6, 1, 3, 5, 7, 12, 10, 9, 18, 16, 20, 14, 11, 22, 15, 24]",DeepFakeDetection,test,1
FaceForensics++_C23\DeepFakeDetection/10_22__podium_speech_happy__EHARPYBT.mp4,953,951,2,1,1,True,2,"[0, 901]",DeepFakeDetection,test,1
FaceForensics++_C23\DeepFakeDetection/10_23__kitchen_pan__GYY4VANY.mp4,669,465,204,61,143,False,20,"[60, 36, 40, 58, 34, 59, 42, 35, 56, 32, 37, 44, 52, 57, 0, 48, 50, 38, 24, 54]",DeepFakeDetection,test,1
FaceForensics++_C23\DeepFakeDetection/10_23__outside_talking_pan_laughing__CU6SNBFZ.mp4,737,470,267,80,187,False,20,"[0, 4, 2, 8, 6, 1, 3, 7, 5, 12, 10, 9, 16, 11, 20, 14, 15, 17, 36, 22]",DeepFakeDetection,test,1
FaceForensics++_C23\DeepFakeDetection/10_23__outside_talking_pan_laughing__ZHJO34DY.mp4,741,478,263,79,184,False,20,"[0, 4, 8, 2, 6, 3, 1, 12, 5, 7, 10, 9, 16, 11, 20, 14, 19, 15, 36, 17]",DeepFakeDetection,test,1
FaceForensics++_C23\DeepFakeDetection/10_23__talking_against_wall__W02WYPCX.mp4,981,978,3,1,2,True,3,"[0, 980, 978]",DeepFakeDetection,test,1
FaceForensics++_C23\DeepFakeDetection/10_24__exit_phone_room__356HPS7R.mp4,223,212,11,3,8,True,11,"[0, 214, 213, 216, 222, 215, 218, 220, 217, 221, 219]",DeepFakeDetection,test,1
FaceForensics++_C23\DeepFakeDetection/11_01__podium_speech_happy__WIZ7GKOD.mp4,1176,1174,2,1,1,True,2,"[0, 1157]",DeepFakeDetection,train,1
FaceForensics++_C23\DeepFakeDetection/11_01__secret_conversation__WIZ7GKOD.mp4,66,62,4,1,3,True,4,"[0, 44, 26, 59]",DeepFakeDetection,train,1
FaceForensics++_C23\DeepFakeDetection/11_01__talking_against_wall__4OJNJLOO.mp4,880,879,1,0,1,True,1,[0],DeepFakeDetection,train,1
FaceForensics++_C23\DeepFakeDetection/11_01__talking_against_wall__EKE2KNRE.mp4,880,879,1,0,1,True,1,[0],DeepFakeDetection,train,1
FaceForensics++_C23\DeepFakeDetection/11_01__talking_angry_couch__LL4RUKZA.mp4,1590,1577,13,4,9,True,13,"[0, 1084, 1130, 1129, 358, 1584, 1582, 1585, 1583, 1586, 1588, 1589, 1587]",DeepFakeDetection,train,1
FaceForensics++_C23\DeepFakeDetection/11_03__outside_talking_pan_laughing__P08VGHTA.mp4,688,240,448,135,313,False,20,"[0, 250, 500, 4, 8, 274, 285, 1, 306, 12, 6, 16, 298, 293, 314, 322, 5, 450, 504, 3]",DeepFakeDetection,train,1
FaceForensics++_C23\DeepFakeDetection/11_03__talking_against_wall__P08VGHTA.mp4,880,879,1,0,1,True,1,[0],DeepFakeDetection,train,1
FaceForensics++_C23\DeepFakeDetection/11_03__walking_outside_cafe_disgusted__P08VGHTA.mp4,711,599,112,34,78,False,20,"[368, 282, 47, 350, 274, 51, 266, 384, 43, 326, 314, 290, 41, 284, 28, 45, 330, 338, 288, 272]",DeepFakeDetection,train,1
FaceForensics++_C23\DeepFakeDetection/11_04__talking_angry_couch__JRQWOV1G.mp4,1590,1577,13,4,9,True,13,"[0, 1250, 1128, 1127, 356, 1584, 1582, 1585, 1583, 1586, 1588, 1589, 1587]",DeepFakeDetection,train,1
FaceForensics++_C23\DeepFakeDetection/11_06__outside_talking_pan_laughing__C8C4FW99.mp4,686,240,446,134,312,False,20,"[0, 500, 250, 4, 8, 274, 285, 504, 1, 314, 306, 5, 298, 6, 16, 12, 322, 293, 450, 7]",DeepFakeDetection,train,1
FaceForensics++_C23\DeepFakeDetection/11_06__outside_talking_pan_laughing__MX659QU8.mp4,683,241,442,133,309,False,20,"[0, 500, 4, 8, 270, 310, 281, 1, 302, 294, 12, 318, 289, 5, 6, 16, 2, 268, 10, 446]",DeepFakeDetection,train,1
FaceForensics++_C23\DeepFakeDetection/11_06__outside_talking_still_laughing__C8C4FW99.mp4,738,596,142,43,99,False,20,"[0, 3, 250, 354, 239, 235, 183, 135, 376, 310, 241, 133, 478, 297, 240, 311, 574, 452, 481, 1]",DeepFakeDetection,train,1
FaceForensics++_C23\DeepFakeDetection/11_07__exit_phone_room__PGC20QSY.mp4,765,723,42,13,29,False,20,"[734, 753, 752, 754, 751, 745, 746, 735, 738, 736, 750, 755, 749, 740, 737, 756, 747, 742, 100, 743]",DeepFakeDetection,train,1
FaceForensics++_C23\DeepFakeDetection/11_07__kitchen_still__R7R86Z62.mp4,786,785,1,0,1,True,1,[0],DeepFakeDetection,train,1
FaceForensics++_C23\DeepFakeDetection/11_13__outside_talking_still_laughing__61T622EK.mp4,735,586,149,45,104,False,20,"[0, 3, 374, 250, 270, 67, 338, 310, 353, 243, 430, 183, 241, 684, 366, 361, 297, 240, 311, 373]",DeepFakeDetection,train,1
FaceForensics++_C23\DeepFakeDetection/11_13__talking_angry_couch__61T622EK.mp4,1542,1526,16,5,11,True,16,"[0, 1049, 166, 1084, 1090, 1089, 345, 344, 1536, 1534, 1537, 1535, 1538, 1540, 1541, 1539]",DeepFakeDetection,train,1
FaceForensics++_C23\DeepFakeDetection/11_18__secret_conversation__PT4YKO2R.mp4,65,61,4,1,3,True,4,"[0, 43, 58, 25]",DeepFakeDetection,train,1
FaceForensics++_C23\DeepFakeDetection/11_18__walking_outside_cafe_disgusted__R1NMCHKG.mp4,739,625,114,34,80,False,20,"[69, 67, 77, 374, 306, 73, 298, 71, 703, 338, 309, 63, 308, 314, 56, 392, 354, 300, 296, 75]",DeepFakeDetection,train,1
FaceForensics++_C23\DeepFakeDetection/11_21__kitchen_pan__T7DK03O1.mp4,686,402,284,85,199,False,20,"[4, 16, 0, 56, 12, 20, 14, 60, 28, 32, 15, 58, 8, 6, 18, 13, 30, 34, 36, 19]",DeepFakeDetection,train,1
FaceForensics++_C23\DeepFakeDetection/11_21__kitchen_still__N6YQW2AP.mp4,774,773,1,0,1,True,1,[0],DeepFakeDetection,train,1
FaceForensics++_C23\DeepFakeDetection/11_21__podium_speech_happy__T7DK03O1.mp4,1181,1180,1,0,1,True,1,[0],DeepFakeDetection,train,1
FaceForensics++_C23\DeepFakeDetection/11_26__kitchen_still__7C0VKV43.mp4,787,786,1,0,1,True,1,[0],DeepFakeDetection,train,1
FaceForensics++_C23\DeepFakeDetection/11_26__walk_down_hall_angry__7C0VKV43.mp4,718,710,8,3,5,True,8,"[711, 0, 712, 713, 714, 715, 716, 717]",DeepFakeDetection,train,1
FaceForensics++_C23\DeepFakeDetection/12_02__podium_speech_happy__9D2ZHEKW.mp4,973,962,11,3,8,True,11,"[0, 70, 964, 965, 967, 968, 969, 966, 970, 972, 971]",DeepFakeDetection,train,1
FaceForensics++_C23\DeepFakeDetection/12_06__hugging_happy__3K21NFNM.mp4,889,730,159,48,111,False,20,"[100, 168, 450, 184, 108, 104, 266, 342, 165, 452, 322, 167, 196, 588, 102, 170, 366, 169, 451, 190]",DeepFakeDetection,train,1
FaceForensics++_C23\DeepFakeDetection/12_06__outside_talking_pan_laughing__0VR4Y891.mp4,825,372,453,136,317,False,20,"[250, 254, 294, 253, 302, 265, 264, 0, 564, 592, 288, 263, 466, 604, 273, 303, 576, 274, 568, 624]",DeepFakeDetection,train,1
FaceForensics++_C23\DeepFakeDetection/12_06__outside_talking_still_laughing__3K21NFNM.mp4,772,737,35,11,24,False,20,"[434, 750, 281, 291, 751, 754, 139, 749, 747, 748, 745, 752, 766, 163, 744, 746, 753, 765, 105, 0]",DeepFakeDetection,train,1
FaceForensics++_C23\DeepFakeDetection/12_06__podium_speech_happy__0VR4Y891.mp4,971,962,9,3,6,True,9,"[0, 70, 965, 964, 968, 967, 966, 970, 969]",DeepFakeDetection,train,1
FaceForensics++_C23\DeepFakeDetection/12_06__walk_down_hall_angry__3K21NFNM.mp4,393,374,19,6,13,True,19,"[369, 391, 376, 392, 378, 381, 380, 382, 377, 383, 379, 384, 386, 385, 387, 389, 388, 390, 0]",DeepFakeDetection,train,1
FaceForensics++_C23\DeepFakeDetection/12_06__walking_and_outside_surprised__3K21NFNM.mp4,778,15,763,229,534,False,20,"[322, 321, 318, 294, 290, 320, 745, 330, 326, 426, 749, 334, 323, 346, 350, 302, 310, 298, 316, 342]",DeepFakeDetection,train,1
FaceForensics++_C23\DeepFakeDetection/12_06__walking_down_street_outside_angry__F3I4PDYF.mp4,526,504,22,7,15,True,20,"[0, 505, 506, 508, 525, 507, 524, 509, 510, 523, 520, 522, 512, 519, 511, 518, 515, 513, 514, 516]",DeepFakeDetection,train,1
FaceForensics++_C23\DeepFakeDetection/12_07__outside_talking_pan_laughing__KAG65PEE.mp4,831,378,453,136,317,False,20,"[250, 254, 572, 253, 600, 0, 264, 263, 306, 596, 305, 598, 612, 584, 632, 568, 602, 608, 556, 580]",DeepFakeDetection,train,1
FaceForensics++_C23\DeepFakeDetection/12_07__outside_talking_still_laughing__KAG65PEE.mp4,767,732,35,11,24,False,20,"[670, 282, 435, 667, 750, 292, 142, 166, 106, 752, 0, 751, 765, 761, 763, 4, 12, 764, 766, 8]",DeepFakeDetection,train,1
FaceForensics++_C23\DeepFakeDetection/12_07__walking_down_indoor_hall_disgust__KAG65PEE.mp4,1263,119,1144,343,801,False,20,"[360, 857, 297, 356, 345, 305, 348, 361, 347, 320, 855, 309, 293, 340, 301, 1047, 307, 296, 856, 861]",DeepFakeDetection,train,1
FaceForensics++_C23\DeepFakeDetection/12_13__podium_speech_happy__BFH4F0N8.mp4,972,962,10,3,7,True,10,"[0, 70, 964, 965, 967, 968, 966, 969, 970, 971]",DeepFakeDetection,train,1
FaceForensics++_C23\DeepFakeDetection/12_13__podium_speech_happy__N8IGC93J.mp4,972,963,9,3,6,True,9,"[0, 964, 965, 968, 967, 966, 969, 970, 971]",DeepFakeDetection,train,1
FaceForensics++_C23\DeepFakeDetection/12_13__secret_conversation__DJ7MF331.mp4,481,478,3,1,2,True,3,"[450, 277, 0]",DeepFakeDetection,train,1
FaceForensics++_C23\DeepFakeDetection/12_13__walk_down_hall_angry__6G44TDN4.mp4,403,385,18,6,12,True,18,"[380, 388, 387, 402, 392, 390, 394, 393, 391, 389, 395, 396, 397, 398, 400, 399, 401, 0]",DeepFakeDetection,train,1
FaceForensics++_C23\DeepFakeDetection/12_13__walking_and_outside_surprised__DJ7MF331.mp4,768,16,752,226,526,False,20,"[322, 326, 318, 330, 290, 346, 294, 323, 334, 321, 302, 740, 728, 314, 324, 298, 342, 426, 286, 320]",DeepFakeDetection,train,1
FaceForensics++_C23\DeepFakeDetection/12_14__outside_talking_pan_laughing__Z7EWFA0P.mp4,825,370,455,137,318,False,20,"[250, 254, 256, 264, 312, 265, 266, 596, 0, 568, 592, 259, 564, 251, 604, 580, 620, 304, 594, 303]",DeepFakeDetection,train,1
FaceForensics++_C23\DeepFakeDetection/12_14__walk_down_hall_angry__Z7EWFA0P.mp4,402,385,17,5,12,True,17,"[380, 401, 392, 394, 388, 387, 390, 393, 391, 389, 395, 396, 397, 398, 399, 400, 0]",DeepFakeDetection,train,1
FaceForensics++_C23\DeepFakeDetection/12_15__hugging_happy__N0SRODQD.mp4,885,728,157,47,110,False,20,"[450, 188, 168, 104, 97, 98, 449, 322, 163, 100, 166, 584, 167, 165, 106, 182, 341, 102, 189, 183]",DeepFakeDetection,train,1
FaceForensics++_C23\DeepFakeDetection/12_15__kitchen_pan__N0SRODQD.mp4,684,408,276,83,193,False,20,"[68, 72, 76, 71, 70, 69, 64, 73, 67, 74, 75, 66, 62, 36, 60, 63, 65, 84, 77, 44]",DeepFakeDetection,train,1
FaceForensics++_C23\DeepFakeDetection/12_15__kitchen_still__RK17XFJ9.mp4,714,710,4,1,3,True,4,"[0, 670, 666, 657]",DeepFakeDetection,train,1
FaceForensics++_C23\DeepFakeDetection/12_15__outside_talking_still_laughing__RK17XFJ9.mp4,777,742,35,11,24,False,20,"[564, 284, 439, 294, 750, 751, 141, 752, 166, 754, 762, 753, 758, 770, 105, 0, 756, 757, 760, 759]",DeepFakeDetection,train,1
FaceForensics++_C23\DeepFakeDetection/12_15__talking_angry_couch__N0SRODQD.mp4,1261,1250,11,3,8,True,11,"[736, 0, 1035, 1044, 386, 391, 461, 737, 1194, 459, 453]",DeepFakeDetection,train,1
FaceForensics++_C23\DeepFakeDetection/12_15__talking_angry_couch__RK17XFJ9.mp4,1263,1249,14,4,10,True,14,"[1043, 0, 468, 1051, 742, 392, 467, 462, 478, 741, 1198, 743, 1195, 463]",DeepFakeDetection,train,1
FaceForensics++_C23\DeepFakeDetection/12_15__walking_and_outside_surprised__N0SRODQD.mp4,782,15,767,230,537,False,20,"[322, 318, 326, 330, 321, 290, 323, 426, 294, 346, 334, 742, 302, 320, 298, 317, 350, 342, 314, 324]",DeepFakeDetection,train,1
FaceForensics++_C23\DeepFakeDetection/12_15__walking_down_street_outside_angry__N0SRODQD.mp4,552,530,22,7,15,True,20,"[0, 532, 531, 551, 534, 533, 535, 550, 536, 549, 548, 546, 537, 538, 547, 539, 545, 544, 540, 541]",DeepFakeDetection,train,1
FaceForensics++_C23\DeepFakeDetection/12_18__outside_talking_pan_laughing__IKH1LBBY.mp4,828,380,448,135,313,False,20,"[250, 254, 568, 266, 264, 596, 265, 255, 0, 594, 608, 592, 564, 580, 598, 4, 600, 604, 304, 303]",DeepFakeDetection,train,1
FaceForensics++_C23\DeepFakeDetection/12_18__talking_against_wall__IKH1LBBY.mp4,867,866,1,0,1,True,1,[0],DeepFakeDetection,train,1
FaceForensics++_C23\DeepFakeDetection/12_18__walking_outside_cafe_disgusted__IKH1LBBY.mp4,570,566,4,1,3,True,4,"[0, 64, 60, 58]",DeepFakeDetection,train,1
FaceForensics++_C23\DeepFakeDetection/12_20__outside_talking_pan_laughing__GHPWDH3C.mp4,828,374,454,136,318,False,20,"[250, 252, 253, 251, 274, 568, 592, 564, 262, 604, 596, 0, 628, 594, 304, 606, 600, 580, 620, 624]",DeepFakeDetection,train,1
FaceForensics++_C23\DeepFakeDetection/12_20__secret_conversation__B0X1CGG2.mp4,5,2,3,1,2,True,3,"[0, 4, 2]",DeepFakeDetection,train,1
FaceForensics++_C23\DeepFakeDetection/12_20__talking_against_wall__GHPWDH3C.mp4,865,864,1,0,1,True,1,[0],DeepFakeDetection,train,1
FaceForensics++_C23\DeepFakeDetection/12_20__walking_outside_cafe_disgusted__B0X1CGG2.mp4,661,630,31,9,22,False,20,"[0, 59, 64, 62, 624, 636, 635, 639, 637, 640, 638, 652, 642, 641, 646, 648, 647, 645, 650, 643]",DeepFakeDetection,train,1
FaceForensics++_C23\DeepFakeDetection/12_21__kitchen_pan__ME7E3R1D.mp4,678,401,277,83,194,False,20,"[72, 68, 76, 69, 71, 75, 70, 74, 64, 73, 66, 67, 62, 60, 63, 36, 84, 56, 80, 65]",DeepFakeDetection,train,1
FaceForensics++_C23\DeepFakeDetection/12_21__outside_talking_still_laughing__J54W3PV1.mp4,769,735,34,10,24,False,20,"[433, 281, 750, 291, 754, 139, 164, 762, 752, 103, 765, 0, 767, 763, 751, 743, 744, 766, 4, 742]",DeepFakeDetection,train,1
FaceForensics++_C23\DeepFakeDetection/12_21__talking_against_wall__J54W3PV1.mp4,865,864,1,0,1,True,1,[0],DeepFakeDetection,train,1
FaceForensics++_C23\DeepFakeDetection/12_25__walk_down_hall_angry__I2X1XTCC.mp4,391,373,18,6,12,True,18,"[366, 370, 376, 390, 379, 378, 389, 381, 383, 377, 382, 380, 384, 386, 385, 387, 388, 0]",DeepFakeDetection,train,1
FaceForensics++_C23\DeepFakeDetection/12_25__walking_and_outside_surprised__FQE07ND1.mp4,564,12,552,166,386,False,20,"[216, 208, 200, 500, 212, 196, 224, 214, 220, 422, 228, 552, 556, 217, 236, 240, 211, 192, 198, 215]",DeepFakeDetection,train,1
FaceForensics++_C23\DeepFakeDetection/12_25__walking_outside_cafe_disgusted__0SA36BZ5.mp4,685,652,33,10,23,False,20,"[88, 1, 0, 83, 87, 85, 658, 660, 659, 662, 661, 664, 663, 668, 666, 670, 672, 669, 671, 665]",DeepFakeDetection,train,1
FaceForensics++_C23\DeepFakeDetection/12_25__walking_outside_cafe_disgusted__G26LG5N7.mp4,650,614,36,11,25,False,20,"[80, 0, 1, 87, 82, 612, 611, 605, 614, 624, 623, 625, 626, 627, 628, 640, 629, 630, 634, 636]",DeepFakeDetection,train,1
FaceForensics++_C23\DeepFakeDetection/12_26__podium_speech_happy__BFBNM8FR.mp4,976,966,10,3,7,True,10,"[0, 967, 970, 968, 971, 972, 969, 975, 973, 974]",DeepFakeDetection,train,1
FaceForensics++_C23\DeepFakeDetection/12_26__talking_angry_couch__LI63E4TS.mp4,1269,1257,12,4,8,True,12,"[748, 1046, 0, 750, 749, 1204, 468, 1054, 467, 1202, 391, 461]",DeepFakeDetection,train,1
FaceForensics++_C23\DeepFakeDetection/12_26__walking_outside_cafe_disgusted__OTKIGGFE.mp4,688,655,33,10,23,False,20,"[80, 0, 73, 86, 1, 83, 661, 662, 664, 665, 663, 666, 667, 672, 668, 678, 671, 674, 673, 675]",DeepFakeDetection,train,1
FaceForensics++_C23\DeepFakeDetection/12_26__walking_outside_cafe_disgusted__OVOQACG8.mp4,699,666,33,10,23,False,20,"[104, 0, 86, 96, 94, 101, 672, 673, 676, 674, 675, 677, 678, 684, 680, 682, 679, 683, 686, 685]",DeepFakeDetection,train,1
FaceForensics++_C23\DeepFakeDetection/13_02__exit_phone_room__CP5HFV3K.mp4,442,431,11,3,8,True,11,"[4, 431, 0, 8, 435, 440, 441, 439, 438, 436, 437]",DeepFakeDetection,train,1
FaceForensics++_C23\DeepFakeDetection/13_02__kitchen_pan__2YSYT2N3.mp4,594,298,296,89,207,False,20,"[22, 52, 0, 48, 44, 46, 40, 4, 43, 56, 50, 36, 47, 45, 28, 42, 41, 68, 51, 38]",DeepFakeDetection,train,1
FaceForensics++_C23\DeepFakeDetection/13_02__kitchen_pan__CP5HFV3K.mp4,596,294,302,91,211,False,20,"[44, 52, 40, 25, 0, 48, 43, 24, 38, 46, 32, 68, 42, 36, 45, 4, 50, 41, 39, 56]",DeepFakeDetection,train,1
FaceForensics++_C23\DeepFakeDetection/13_02__outside_talking_still_laughing__CP5HFV3K.mp4,627,605,22,7,15,True,20,"[556, 439, 0, 44, 67, 154, 620, 618, 617, 4, 7, 3, 2, 626, 6, 624, 619, 5, 622, 625]",DeepFakeDetection,train,1
FaceForensics++_C23\DeepFakeDetection/13_02__walking_and_outside_surprised__CP5HFV3K.mp4,381,6,375,113,262,False,20,"[321, 75, 71, 325, 87, 79, 329, 175, 85, 317, 333, 313, 80, 73, 86, 78, 77, 249, 327, 331]",DeepFakeDetection,train,1
FaceForensics++_C23\DeepFakeDetection/13_02__walking_down_indoor_hall_disgust__AROBAY8R.mp4,1242,112,1130,339,791,False,20,"[333, 345, 341, 369, 293, 849, 274, 347, 302, 373, 845, 349, 375, 405, 317, 334, 335, 306, 982, 289]",DeepFakeDetection,train,1
FaceForensics++_C23\DeepFakeDetection/13_02__walking_down_street_outside_angry__2YSYT2N3.mp4,512,491,21,6,15,True,20,"[0, 511, 510, 492, 508, 506, 509, 494, 493, 496, 500, 507, 503, 504, 505, 498, 499, 497, 502, 495]",DeepFakeDetection,train,1
FaceForensics++_C23\DeepFakeDetection/13_03__exit_phone_room__GBYWJW06.mp4,424,416,8,3,5,True,8,"[414, 0, 423, 422, 421, 420, 418, 419]",DeepFakeDetection,train,1
FaceForensics++_C23\DeepFakeDetection/13_03__outside_talking_still_laughing__GBYWJW06.mp4,637,617,20,6,14,True,20,"[570, 279, 0, 47, 163, 8, 4, 632, 630, 6, 3, 629, 2, 7, 636, 5, 635, 631, 633, 634]",DeepFakeDetection,train,1
FaceForensics++_C23\DeepFakeDetection/13_03__talking_against_wall__GBYWJW06.mp4,864,863,1,0,1,True,1,[0],DeepFakeDetection,train,1
FaceForensics++_C23\DeepFakeDetection/13_03__walking_down_indoor_hall_disgust__GBYWJW06.mp4,1248,120,1128,339,789,False,20,"[306, 347, 353, 318, 343, 857, 407, 294, 307, 349, 305, 351, 338, 274, 855, 986, 359, 375, 319, 346]",DeepFakeDetection,train,1
FaceForensics++_C23\DeepFakeDetection/13_04__talking_angry_couch__00T3UYOR.mp4,1110,1077,33,10,23,False,20,"[0, 1032, 939, 936, 935, 781, 613, 739, 811, 1099, 807, 826, 289, 225, 750, 287, 611, 806, 610, 599]",DeepFakeDetection,train,1
FaceForensics++_C23\DeepFakeDetection/13_04__walking_outside_cafe_disgusted__00T3UYOR.mp4,329,319,10,3,7,True,10,"[319, 320, 323, 324, 325, 326, 327, 0, 61, 328]",DeepFakeDetection,train,1
FaceForensics++_C23\DeepFakeDetection/13_07__exit_phone_room__RVQCPCJF.mp4,440,431,9,3,6,True,9,"[4, 0, 8, 432, 439, 438, 437, 436, 435]",DeepFakeDetection,train,1
FaceForensics++_C23\DeepFakeDetection/13_07__secret_conversation__RVQCPCJF.mp4,105,103,2,1,1,True,2,"[0, 103]",DeepFakeDetection,train,1
FaceForensics++_C23\DeepFakeDetection/13_09__hugging_happy__BVZGDFD8.mp4,784,272,512,154,358,False,20,"[750, 754, 362, 370, 758, 410, 751, 97, 762, 500, 378, 406, 374, 752, 155, 382, 125, 450, 588, 318]",DeepFakeDetection,train,1
FaceForensics++_C23\DeepFakeDetection/13_09__hugging_happy__LPT427RY.mp4,275,114,161,48,113,False,20,"[246, 114, 139, 131, 155, 183, 135, 199, 113, 75, 250, 157, 129, 120, 128, 207, 188, 138, 189, 137]",DeepFakeDetection,train,1
FaceForensics++_C23\DeepFakeDetection/13_09__outside_talking_still_laughing__30N46VHZ.mp4,607,586,21,6,15,True,20,"[541, 423, 0, 42, 61, 600, 165, 147, 4, 9, 3, 604, 2, 7, 602, 606, 601, 6, 5, 605]",DeepFakeDetection,train,1
FaceForensics++_C23\DeepFakeDetection/13_09__walking_down_indoor_hall_disgust__3GQ49P2J.mp4,1234,112,1122,337,785,False,20,"[295, 323, 335, 307, 331, 341, 842, 395, 337, 296, 324, 294, 840, 339, 325, 347, 363, 308, 334, 841]",DeepFakeDetection,train,1
FaceForensics++_C23\DeepFakeDetection/13_09__walking_down_indoor_hall_disgust__BVZGDFD8.mp4,1246,111,1135,341,794,False,20,"[307, 348, 354, 319, 344, 856, 408, 350, 306, 308, 352, 854, 339, 360, 986, 855, 376, 347, 860, 320]",DeepFakeDetection,train,1
FaceForensics++_C23\DeepFakeDetection/13_09__walking_down_street_outside_angry__B41GFUV2.mp4,528,508,20,6,14,True,20,"[0, 527, 526, 524, 525, 509, 510, 512, 523, 516, 511, 522, 520, 515, 514, 518, 513, 519, 521, 517]",DeepFakeDetection,train,1
FaceForensics++_C23\DeepFakeDetection/13_11__hugging_happy__61T622EK.mp4,788,278,510,153,357,False,20,"[750, 754, 475, 415, 379, 250, 391, 427, 758, 766, 99, 383, 762, 387, 483, 157, 83, 127, 751, 107]",DeepFakeDetection,train,1
FaceForensics++_C23\DeepFakeDetection/13_11__outside_talking_still_laughing__61T622EK.mp4,622,601,21,6,15,True,20,"[557, 0, 68, 46, 612, 8, 4, 616, 6, 2, 3, 5, 614, 621, 613, 7, 620, 615, 618, 617]",DeepFakeDetection,train,1
FaceForensics++_C23\DeepFakeDetection/13_11__podium_speech_happy__XXKQ4XM0.mp4,984,969,15,5,10,True,15,"[0, 567, 609, 614, 615, 610, 616, 613, 611, 612, 589, 588, 587, 586, 585]",DeepFakeDetection,train,1
FaceForensics++_C23\DeepFakeDetection/13_12__outside_talking_still_laughing__2TM4IFSF.mp4,570,550,20,6,14,True,20,"[500, 510, 0, 52, 36, 237, 564, 51, 134, 16, 4, 5, 6, 3, 2, 566, 568, 569, 565, 567]",DeepFakeDetection,train,1
FaceForensics++_C23\DeepFakeDetection/13_12__podium_speech_happy__2TM4IFSF.mp4,952,937,15,5,10,True,15,"[0, 651, 556, 600, 595, 601, 596, 599, 598, 602, 597, 576, 575, 573, 574]",DeepFakeDetection,train,1
FaceForensics++_C23\DeepFakeDetection/13_12__secret_conversation__6G44TDN4.mp4,219,218,1,0,1,True,1,[0],DeepFakeDetection,train,1
FaceForensics++_C23\DeepFakeDetection/13_12__secret_conversation__DJ7MF331.mp4,294,292,2,1,1,True,2,"[0, 293]",DeepFakeDetection,train,1
FaceForensics++_C23\DeepFakeDetection/13_12__talking_against_wall__2TM4IFSF.mp4,837,836,1,0,1,True,1,[0],DeepFakeDetection,train,1
FaceForensics++_C23\DeepFakeDetection/13_12__walk_down_hall_angry__Q442U52P.mp4,423,414,9,3,6,True,9,"[46, 420, 418, 419, 421, 417, 416, 0, 422]",DeepFakeDetection,train,1
FaceForensics++_C23\DeepFakeDetection/13_12__walking_down_street_outside_angry__2TM4IFSF.mp4,520,499,21,6,15,True,20,"[0, 519, 500, 518, 501, 504, 502, 516, 517, 514, 506, 515, 503, 512, 511, 508, 505, 510, 513, 507]",DeepFakeDetection,train,1
FaceForensics++_C23\DeepFakeDetection/13_14__hugging_happy__KMQ3AW6A.mp4,793,284,509,153,356,False,20,"[750, 388, 500, 408, 168, 184, 436, 392, 754, 400, 250, 456, 396, 108, 476, 492, 484, 600, 112, 426]",DeepFakeDetection,train,1
FaceForensics++_C23\DeepFakeDetection/13_14__outside_talking_pan_laughing__KMQ3AW6A.mp4,466,273,193,58,135,False,20,"[406, 407, 411, 413, 416, 430, 418, 422, 419, 417, 200, 420, 426, 0, 183, 421, 190, 182, 423, 424]",DeepFakeDetection,train,1
FaceForensics++_C23\DeepFakeDetection/13_14__talking_against_wall__KMQ3AW6A.mp4,851,850,1,0,1,True,1,[0],DeepFakeDetection,train,1
FaceForensics++_C23\DeepFakeDetection/13_20__kitchen_still__LXLR1B6N.mp4,768,766,2,1,1,True,2,"[0, 406]",DeepFakeDetection,train,1
FaceForensics++_C23\DeepFakeDetection/13_20__kitchen_still__NJEO6L5O.mp4,773,772,1,0,1,True,1,[0],DeepFakeDetection,train,1
FaceForensics++_C23\DeepFakeDetection/13_20__podium_speech_happy__C50CSOEX.mp4,984,969,15,5,10,True,15,"[0, 567, 609, 614, 610, 615, 613, 611, 616, 612, 589, 588, 586, 587, 585]",DeepFakeDetection,train,1
FaceForensics++_C23\DeepFakeDetection/13_20__walking_down_indoor_hall_disgust__NJEO6L5O.mp4,984,88,896,269,627,False,20,"[188, 191, 187, 594, 590, 618, 550, 189, 211, 243, 195, 598, 595, 549, 213, 56, 60, 32, 589, 596]",DeepFakeDetection,train,1
FaceForensics++_C23\DeepFakeDetection/13_20__walking_down_indoor_hall_disgust__VO2YZXLN.mp4,985,93,892,268,624,False,20,"[214, 178, 188, 210, 593, 213, 242, 190, 725, 187, 592, 202, 186, 594, 595, 729, 589, 540, 621, 174]",DeepFakeDetection,train,1
FaceForensics++_C23\DeepFakeDetection/13_25__exit_phone_room__7YMTAF29.mp4,423,416,7,2,5,True,7,"[413, 0, 415, 416, 421, 422, 420]",DeepFakeDetection,train,1
FaceForensics++_C23\DeepFakeDetection/13_25__hugging_happy__7YMTAF29.mp4,761,261,500,150,350,False,20,"[500, 250, 501, 390, 342, 350, 358, 386, 354, 508, 141, 430, 568, 362, 87, 193, 181, 83, 91, 67]",DeepFakeDetection,train,1
FaceForensics++_C23\DeepFakeDetection/13_25__outside_talking_still_laughing__PBM86HKZ.mp4,611,590,21,6,15,True,20,"[545, 263, 265, 0, 45, 604, 149, 8, 4, 6, 603, 3, 2, 608, 7, 610, 606, 5, 609, 605]",DeepFakeDetection,train,1
FaceForensics++_C23\DeepFakeDetection/13_25__walking_and_outside_surprised__PBM86HKZ.mp4,652,10,642,193,449,False,20,"[254, 330, 266, 586, 262, 270, 248, 240, 594, 332, 250, 590, 228, 258, 582, 236, 246, 290, 598, 574]",DeepFakeDetection,train,1
FaceForensics++_C23\DeepFakeDetection/13_25__walking_down_street_outside_angry__IW9OFVMG.mp4,483,463,20,6,14,True,20,"[0, 482, 481, 466, 480, 470, 478, 464, 474, 465, 479, 477, 468, 476, 467, 475, 469, 471, 472, 473]",DeepFakeDetection,train,1
FaceForensics++_C23\DeepFakeDetection/13_26__talking_against_wall__U5ELHUN5.mp4,858,857,1,0,1,True,1,[0],DeepFakeDetection,train,1
FaceForensics++_C23\DeepFakeDetection/13_26__walking_down_street_outside_angry__CJALTDKT.mp4,476,455,21,6,15,True,20,"[0, 475, 473, 456, 474, 457, 471, 463, 461, 472, 459, 458, 467, 469, 464, 468, 460, 470, 465, 462]",DeepFakeDetection,train,1
FaceForensics++_C23\DeepFakeDetection/13_26__walking_outside_cafe_disgusted__SU8J9CBG.mp4,332,319,13,4,9,True,13,"[320, 321, 322, 325, 324, 326, 327, 329, 328, 0, 330, 60, 331]",DeepFakeDetection,train,1
FaceForensics++_C23\DeepFakeDetection/13_27__talking_against_wall__A1OSUJE9.mp4,873,872,1,0,1,True,1,[0],DeepFakeDetection,train,1
FaceForensics++_C23\DeepFakeDetection/13_27__walking_outside_cafe_disgusted__A1OSUJE9.mp4,359,349,10,3,7,True,10,"[345, 348, 352, 353, 354, 355, 356, 357, 0, 358]",DeepFakeDetection,train,1
FaceForensics++_C23\DeepFakeDetection/14_01__hugging_happy__0S0NS5C6.mp4,128,80,48,15,33,False,20,"[111, 110, 56, 78, 8, 58, 32, 81, 48, 50, 76, 40, 33, 28, 31, 47, 34, 84, 49, 77]",DeepFakeDetection,train,1
FaceForensics++_C23\DeepFakeDetection/14_01__kitchen_pan__0S0NS5C6.mp4,631,384,247,74,173,False,20,"[17, 20, 14, 0, 4, 19, 23, 6, 32, 10, 12, 18, 5, 8, 16, 36, 48, 22, 24, 11]",DeepFakeDetection,train,1
FaceForensics++_C23\DeepFakeDetection/14_01__outside_talking_still_laughing__01YF7VQM.mp4,920,847,73,22,51,False,20,"[250, 522, 266, 524, 526, 527, 523, 525, 536, 534, 535, 0, 488, 64, 80, 73, 72, 65, 63, 119]",DeepFakeDetection,train,1
FaceForensics++_C23\DeepFakeDetection/14_01__talking_angry_couch__0S0NS5C6.mp4,1558,1530,28,9,19,True,20,"[0, 1132, 1130, 1450, 1144, 1294, 1505, 1107, 1103, 1494, 1498, 1449, 1495, 1104, 1504, 1101, 1500, 688, 686, 915]",DeepFakeDetection,train,1
FaceForensics++_C23\DeepFakeDetection/14_01__walking_and_outside_surprised__01YF7VQM.mp4,807,25,782,235,547,False,20,"[55, 47, 49, 50, 53, 35, 57, 54, 59, 48, 46, 34, 63, 58, 29, 60, 61, 45, 30, 33]",DeepFakeDetection,train,1
FaceForensics++_C23\DeepFakeDetection/14_02__exit_phone_room__3IUBEKCT.mp4,589,588,1,0,1,True,1,[0],DeepFakeDetection,train,1
FaceForensics++_C23\DeepFakeDetection/14_02__outside_talking_pan_laughing__3IUBEKCT.mp4,710,424,286,86,200,False,20,"[0, 500, 4, 1, 2, 3, 8, 6, 5, 12, 7, 16, 20, 504, 10, 9, 11, 24, 14, 28]",DeepFakeDetection,train,1
FaceForensics++_C23\DeepFakeDetection/14_02__podium_speech_happy__3IUBEKCT.mp4,1319,1294,25,8,17,True,20,"[0, 853, 1282, 861, 1283, 1284, 855, 1301, 1302, 1304, 1303, 1305, 1306, 1308, 1307, 1313, 1314, 1317, 1315, 1311]",DeepFakeDetection,train,1
FaceForensics++_C23\DeepFakeDetection/14_03__exit_phone_room__0O9TTCJT.mp4,606,603,3,1,2,True,3,"[5, 6, 0]",DeepFakeDetection,train,1
FaceForensics++_C23\DeepFakeDetection/14_03__exit_phone_room__KJ221YN0.mp4,612,608,4,1,3,True,4,"[0, 5, 11, 9]",DeepFakeDetection,train,1
FaceForensics++_C23\DeepFakeDetection/14_03__hugging_happy__PLCQJM81.mp4,110,73,37,11,26,False,20,"[92, 35, 41, 60, 59, 27, 33, 64, 4, 34, 63, 28, 23, 58, 26, 29, 32, 69, 25, 31]",DeepFakeDetection,train,1
FaceForensics++_C23\DeepFakeDetection/14_03__kitchen_still__Q9NSXM88.mp4,889,851,38,12,26,False,20,"[0, 40, 632, 44, 42, 630, 631, 628, 633, 41, 634, 43, 636, 624, 629, 635, 622, 626, 627, 625]",DeepFakeDetection,train,1
FaceForensics++_C23\DeepFakeDetection/14_03__outside_talking_still_laughing__KJ221YN0.mp4,919,847,72,22,50,False,20,"[250, 521, 524, 265, 526, 522, 525, 523, 535, 534, 533, 0, 487, 64, 62, 79, 72, 80, 63, 65]",DeepFakeDetection,train,1
FaceForensics++_C23\DeepFakeDetection/14_03__talking_angry_couch__L0GHYIFS.mp4,1552,1525,27,8,19,True,20,"[0, 1131, 1133, 936, 1446, 1295, 1490, 1293, 1145, 1498, 1107, 1445, 916, 684, 1493, 1489, 1497, 1104, 915, 1492]",DeepFakeDetection,train,1
FaceForensics++_C23\DeepFakeDetection/14_03__walking_and_outside_surprised__P1L5PF4I.mp4,810,26,784,235,549,False,20,"[29, 49, 28, 53, 33, 45, 48, 27, 47, 57, 52, 41, 54, 46, 56, 34, 59, 61, 44, 58]",DeepFakeDetection,train,1
FaceForensics++_C23\DeepFakeDetection/14_03__walking_down_indoor_hall_disgust__KJ221YN0.mp4,1158,268,890,267,623,False,20,"[402, 371, 118, 390, 40, 394, 138, 369, 31, 401, 122, 134, 379, 43, 42, 39, 130, 368, 124, 389]",DeepFakeDetection,train,1
FaceForensics++_C23\DeepFakeDetection/14_06__outside_talking_pan_laughing__8U9ULZDT.mp4,710,424,286,86,200,False,20,"[0, 500, 4, 1, 2, 3, 8, 6, 5, 12, 7, 16, 20, 10, 504, 9, 14, 24, 11, 28]",DeepFakeDetection,train,1
FaceForensics++_C23\DeepFakeDetection/14_06__podium_speech_happy__8U9ULZDT.mp4,1319,1293,26,8,18,True,20,"[0, 853, 1281, 1282, 861, 1283, 855, 1301, 1300, 1303, 1302, 1305, 1304, 1306, 1312, 1307, 1310, 1318, 1308, 1309]",DeepFakeDetection,train,1
FaceForensics++_C23\DeepFakeDetection/14_06__secret_conversation__8U9ULZDT.mp4,913,912,1,0,1,True,1,[0],DeepFakeDetection,train,1
FaceForensics++_C23\DeepFakeDetection/14_06__walking_and_outside_surprised__8U9ULZDT.mp4,809,25,784,235,549,False,20,"[30, 50, 54, 29, 34, 46, 49, 58, 53, 28, 48, 42, 55, 47, 57, 35, 62, 45, 60, 31]",DeepFakeDetection,train,1
FaceForensics++_C23\DeepFakeDetection/14_07__walk_down_hall_angry__P9QFO50U.mp4,560,550,10,3,7,True,10,"[559, 551, 557, 558, 556, 555, 552, 554, 553, 0]",DeepFakeDetection,train,1
FaceForensics++_C23\DeepFakeDetection/14_09__walking_down_indoor_hall_disgust__6TEK3ZX0.mp4,1098,255,843,253,590,False,20,"[120, 37, 28, 168, 176, 368, 116, 370, 121, 39, 124, 379, 372, 36, 128, 140, 38, 2, 122, 49]",DeepFakeDetection,train,1
FaceForensics++_C23\DeepFakeDetection/14_09__walking_down_street_outside_angry__6TEK3ZX0.mp4,1284,1247,37,11,26,False,20,"[0, 1283, 1246, 1248, 1261, 1247, 1282, 1250, 1257, 1281, 1279, 1249, 1265, 1280, 1267, 1253, 1260, 1251, 1275, 1271]",DeepFakeDetection,train,1
FaceForensics++_C23\DeepFakeDetection/14_12__podium_speech_happy__Z7EWFA0P.mp4,1178,1158,20,6,14,True,20,"[0, 66, 69, 131, 1085, 375, 1154, 797, 792, 1155, 1156, 793, 827, 804, 1173, 1172, 1174, 1175, 1176, 1177]",DeepFakeDetection,train,1
FaceForensics++_C23\DeepFakeDetection/14_13__hugging_happy__KMQ3AW6A.mp4,125,73,52,16,36,False,20,"[108, 107, 106, 32, 78, 81, 58, 76, 40, 48, 36, 33, 55, 44, 8, 46, 49, 34, 28, 88]",DeepFakeDetection,train,1
FaceForensics++_C23\DeepFakeDetection/14_13__kitchen_still__KMQ3AW6A.mp4,853,812,41,12,29,False,20,"[0, 36, 604, 600, 602, 21, 38, 37, 35, 601, 39, 603, 18, 596, 592, 606, 605, 599, 598, 595]",DeepFakeDetection,train,1
FaceForensics++_C23\DeepFakeDetection/14_13__outside_talking_pan_laughing__KMQ3AW6A.mp4,702,414,288,87,201,False,20,"[0, 4, 2, 1, 500, 3, 8, 6, 5, 12, 7, 16, 20, 10, 9, 14, 13, 11, 32, 24]",DeepFakeDetection,train,1
FaceForensics++_C23\DeepFakeDetection/14_13__talking_against_wall__KMQ3AW6A.mp4,970,969,1,0,1,True,1,[0],DeepFakeDetection,train,1
FaceForensics++_C23\DeepFakeDetection/14_13__talking_angry_couch__KMQ3AW6A.mp4,1520,1488,32,10,22,False,20,"[0, 1096, 1094, 886, 1108, 1412, 1468, 1256, 1388, 1071, 1458, 1462, 949, 1411, 1459, 885, 1067, 889, 1467, 888]",DeepFakeDetection,train,1
FaceForensics++_C23\DeepFakeDetection/14_13__walk_down_hall_angry__KMQ3AW6A.mp4,552,542,10,3,7,True,10,"[551, 0, 543, 549, 550, 544, 547, 548, 546, 545]",DeepFakeDetection,train,1
FaceForensics++_C23\DeepFakeDetection/14_15__hugging_happy__3FRJCJ0V.mp4,134,84,50,15,35,False,20,"[52, 82, 36, 85, 58, 80, 50, 44, 32, 61, 34, 51, 49, 35, 88, 20, 11, 40, 81, 42]",DeepFakeDetection,train,1
FaceForensics++_C23\DeepFakeDetection/14_15__kitchen_pan__RF38N10R.mp4,633,386,247,74,173,False,20,"[17, 20, 14, 0, 12, 19, 4, 10, 23, 32, 6, 18, 8, 16, 36, 5, 48, 28, 11, 33]",DeepFakeDetection,train,1
FaceForensics++_C23\DeepFakeDetection/14_15__talking_angry_couch__RF38N10R.mp4,1547,1519,28,9,19,True,20,"[0, 1123, 1121, 928, 1440, 1486, 977, 976, 1495, 1135, 1416, 1098, 1494, 1490, 1439, 1485, 915, 1488, 1487, 685]",DeepFakeDetection,train,1
FaceForensics++_C23\DeepFakeDetection/14_15__walking_and_outside_surprised__OMLZILK3.mp4,778,23,755,227,528,False,20,"[22, 46, 26, 23, 40, 38, 44, 41, 48, 45, 34, 50, 39, 27, 49, 54, 37, 51, 52, 24]",DeepFakeDetection,train,1
FaceForensics++_C23\DeepFakeDetection/14_15__walking_down_street_outside_angry__OMLZILK3.mp4,1294,1257,37,11,26,False,20,"[0, 1293, 1256, 1258, 1257, 1290, 1292, 1291, 1270, 1260, 1259, 1286, 1271, 1266, 1274, 1262, 1289, 1272, 1282, 1278]",DeepFakeDetection,train,1
FaceForensics++_C23\DeepFakeDetection/14_18__exit_phone_room__0YRBHIKG.mp4,571,570,1,0,1,True,1,[0],DeepFakeDetection,train,1
FaceForensics++_C23\DeepFakeDetection/14_18__hugging_happy__0YRBHIKG.mp4,112,73,39,12,27,False,20,"[94, 63, 28, 66, 43, 6, 36, 65, 32, 29, 30, 62, 37, 24, 35, 71, 16, 34, 27, 31]",DeepFakeDetection,train,1
FaceForensics++_C23\DeepFakeDetection/14_18__kitchen_still__0YRBHIKG.mp4,886,848,38,12,26,False,20,"[0, 40, 628, 44, 42, 632, 630, 629, 631, 43, 41, 620, 624, 627, 626, 633, 634, 622, 619, 625]",DeepFakeDetection,train,1
FaceForensics++_C23\DeepFakeDetection/14_18__kitchen_still__A5A1Q467.mp4,885,847,38,12,26,False,20,"[0, 632, 40, 44, 42, 630, 631, 633, 628, 41, 634, 636, 43, 624, 629, 635, 622, 626, 627, 625]",DeepFakeDetection,train,1
FaceForensics++_C23\DeepFakeDetection/14_18__outside_talking_still_laughing__6SB2BR0A.mp4,920,846,74,22,52,False,20,"[250, 522, 524, 266, 527, 526, 523, 525, 536, 535, 534, 0, 488, 864, 64, 80, 66, 65, 72, 63]",DeepFakeDetection,train,1
FaceForensics++_C23\DeepFakeDetection/14_18__podium_speech_happy__0YRBHIKG.mp4,1320,1294,26,8,18,True,20,"[0, 853, 1282, 861, 1284, 1283, 855, 1302, 1301, 1304, 1305, 1303, 1307, 1306, 1308, 1313, 1314, 1309, 1310, 1315]",DeepFakeDetection,train,1
FaceForensics++_C23\DeepFakeDetection/14_18__talking_angry_couch__A5A1Q467.mp4,1516,1485,31,9,22,False,20,"[0, 1103, 1105, 1108, 1415, 918, 1116, 1264, 964, 965, 1467, 1414, 1079, 1077, 1462, 1466, 1460, 1456, 1457, 905]",DeepFakeDetection,train,1
FaceForensics++_C23\DeepFakeDetection/14_18__walking_down_indoor_hall_disgust__0YRBHIKG.mp4,699,198,501,150,351,False,20,"[136, 70, 156, 24, 74, 71, 34, 22, 138, 72, 137, 78, 35, 2, 155, 76, 140, 38, 154, 33]",DeepFakeDetection,train,1
FaceForensics++_C23\DeepFakeDetection/14_20__hugging_happy__B014BKVO.mp4,110,63,47,14,33,False,20,"[92, 89, 90, 95, 47, 93, 69, 27, 67, 39, 42, 46, 66, 35, 31, 28, 29, 41, 4, 15]",DeepFakeDetection,train,1
FaceForensics++_C23\DeepFakeDetection/14_20__kitchen_pan__R7SPX6OK.mp4,626,377,249,75,174,False,20,"[17, 20, 0, 14, 4, 18, 32, 19, 23, 6, 8, 5, 12, 16, 36, 10, 48, 2, 3, 22]",DeepFakeDetection,train,1
FaceForensics++_C23\DeepFakeDetection/14_20__podium_speech_happy__R7SPX6OK.mp4,1319,1293,26,8,18,True,20,"[0, 853, 1281, 1282, 861, 1283, 855, 1301, 1300, 1302, 1303, 1304, 1305, 1306, 1307, 1312, 1308, 1310, 1313, 1318]",DeepFakeDetection,train,1
FaceForensics++_C23\DeepFakeDetection/14_20__walking_and_outside_surprised__B014BKVO.mp4,810,25,785,236,549,False,20,"[48, 50, 49, 53, 60, 54, 55, 47, 46, 57, 58, 64, 61, 59, 35, 36, 9, 62, 34, 30]",DeepFakeDetection,train,1
FaceForensics++_C23\DeepFakeDetection/14_20__walking_down_street_outside_angry__3HWOJRAM.mp4,1273,1236,37,11,26,False,20,"[0, 1272, 1236, 1235, 1271, 1250, 1270, 1268, 1249, 1254, 1237, 1240, 1269, 1238, 1251, 1246, 1252, 1256, 1264, 1244]",DeepFakeDetection,train,1
FaceForensics++_C23\DeepFakeDetection/14_20__walking_outside_cafe_disgusted__3HWOJRAM.mp4,696,662,34,10,24,False,20,"[0, 52, 46, 50, 48, 51, 47, 676, 57, 54, 695, 55, 56, 49, 694, 53, 45, 680, 677, 678]",DeepFakeDetection,train,1
FaceForensics++_C23\DeepFakeDetection/14_21__exit_phone_room__IRKML4J0.mp4,608,605,3,1,2,True,3,"[5, 0, 7]",DeepFakeDetection,train,1
FaceForensics++_C23\DeepFakeDetection/14_21__podium_speech_happy__IRKML4J0.mp4,1316,1290,26,8,18,True,20,"[0, 1279, 860, 853, 1280, 1281, 890, 854, 1299, 1298, 1301, 1300, 1303, 1302, 1304, 1306, 1305, 1310, 1308, 1312]",DeepFakeDetection,train,1
FaceForensics++_C23\DeepFakeDetection/14_21__walk_down_hall_angry__N0WM4GSV.mp4,553,542,11,3,8,True,11,"[551, 0, 543, 550, 549, 548, 552, 547, 544, 546, 545]",DeepFakeDetection,train,1
FaceForensics++_C23\DeepFakeDetection/14_21__walking_and_outside_surprised__N0WM4GSV.mp4,799,25,774,232,542,False,20,"[51, 43, 45, 49, 31, 46, 55, 44, 50, 53, 42, 30, 59, 54, 25, 41, 57, 26, 56, 8]",DeepFakeDetection,train,1
FaceForensics++_C23\DeepFakeDetection/14_21__walking_down_street_outside_angry__N0WM4GSV.mp4,1273,1236,37,11,26,False,20,"[0, 1272, 1236, 1235, 1271, 1249, 1270, 1250, 1268, 1254, 1237, 1256, 1269, 1240, 1238, 1264, 1252, 1244, 1251, 1260]",DeepFakeDetection,train,1
FaceForensics++_C23\DeepFakeDetection/14_26__kitchen_still__ILLP29ZH.mp4,878,839,39,12,27,False,20,"[0, 40, 44, 632, 42, 630, 41, 631, 43, 628, 633, 634, 636, 624, 629, 740, 622, 635, 626, 627]",DeepFakeDetection,train,1
FaceForensics++_C23\DeepFakeDetection/14_26__outside_talking_still_laughing__ILLP29ZH.mp4,921,846,75,23,52,False,20,"[250, 522, 524, 266, 523, 526, 527, 536, 525, 534, 535, 0, 488, 80, 64, 65, 865, 66, 73, 63]",DeepFakeDetection,train,1
FaceForensics++_C23\DeepFakeDetection/14_26__podium_speech_happy__ILLP29ZH.mp4,1320,1293,27,8,19,True,20,"[0, 853, 1282, 1283, 861, 1284, 892, 855, 1302, 1301, 1305, 1304, 1303, 1306, 1307, 1308, 1313, 1311, 1314, 1309]",DeepFakeDetection,train,1
FaceForensics++_C23\DeepFakeDetection/14_26__secret_conversation__SU8SAHTT.mp4,795,793,2,1,1,True,2,"[3, 0]",DeepFakeDetection,train,1
FaceForensics++_C23\DeepFakeDetection/14_26__talking_angry_couch__ILLP29ZH.mp4,1541,1514,27,8,19,True,20,"[0, 1132, 1130, 1302, 931, 1438, 1144, 1292, 1490, 1107, 1100, 1105, 1415, 1482, 1437, 1483, 915, 1489, 1485, 1104]",DeepFakeDetection,train,1
FaceForensics++_C23\DeepFakeDetection/14_26__talking_angry_couch__SU8SAHTT.mp4,1440,1403,37,11,26,False,20,"[0, 1052, 398, 1050, 1345, 1204, 1054, 858, 1057, 1071, 1203, 1382, 1059, 948, 1390, 1037, 932, 1323, 1042, 1035]",DeepFakeDetection,train,1
FaceForensics++_C23\DeepFakeDetection/15_01__kitchen_still__02HILKYO.mp4,865,864,1,0,1,True,1,[0],DeepFakeDetection,train,1
FaceForensics++_C23\DeepFakeDetection/15_01__outside_talking_still_laughing__02HILKYO.mp4,857,856,1,0,1,True,1,[0],DeepFakeDetection,train,1
FaceForensics++_C23\DeepFakeDetection/15_02__hugging_happy__SB6PMCO0.mp4,667,389,278,84,194,False,20,"[0, 407, 293, 417, 552, 351, 416, 553, 367, 48, 347, 447, 592, 371, 165, 355, 209, 349, 408, 361]",DeepFakeDetection,train,1
FaceForensics++_C23\DeepFakeDetection/15_02__kitchen_still__HTG660F8.mp4,865,864,1,0,1,True,1,[0],DeepFakeDetection,train,1
FaceForensics++_C23\DeepFakeDetection/15_02__kitchen_still__SB6PMCO0.mp4,865,864,1,0,1,True,1,[0],DeepFakeDetection,train,1
FaceForensics++_C23\DeepFakeDetection/15_02__outside_talking_pan_laughing__MCRFMYAE.mp4,680,322,358,108,250,False,20,"[500, 504, 501, 508, 512, 516, 502, 503, 520, 506, 532, 490, 528, 524, 514, 505, 507, 494, 510, 498]",DeepFakeDetection,train,1
FaceForensics++_C23\DeepFakeDetection/15_02__talking_against_wall__HTG660F8.mp4,840,839,1,0,1,True,1,[0],DeepFakeDetection,train,1
FaceForensics++_C23\DeepFakeDetection/15_02__talking_against_wall__MZWH8ATN.mp4,843,842,1,0,1,True,1,[0],DeepFakeDetection,train,1
FaceForensics++_C23\DeepFakeDetection/15_02__talking_against_wall__TSRK8QS4.mp4,849,848,1,0,1,True,1,[0],DeepFakeDetection,train,1
FaceForensics++_C23\DeepFakeDetection/15_02__walking_down_indoor_hall_disgust__HTG660F8.mp4,1357,331,1026,308,718,False,20,"[187, 519, 470, 507, 518, 186, 511, 51, 42, 183, 485, 163, 188, 520, 523, 471, 481, 53, 547, 50]",DeepFakeDetection,train,1
FaceForensics++_C23\DeepFakeDetection/15_02__walking_outside_cafe_disgusted__P2FAY3DR.mp4,509,501,8,3,5,True,8,"[508, 506, 507, 504, 505, 500, 0, 497]",DeepFakeDetection,train,1
FaceForensics++_C23\DeepFakeDetection/15_03__exit_phone_room__GZNLO4X9.mp4,356,352,4,1,3,True,4,"[0, 352, 354, 355]",DeepFakeDetection,train,1
FaceForensics++_C23\DeepFakeDetection/15_03__kitchen_pan__DG8ITQO3.mp4,591,326,265,80,185,False,20,"[19, 22, 0, 25, 20, 52, 21, 44, 12, 56, 18, 60, 36, 48, 4, 8, 40, 28, 16, 32]",DeepFakeDetection,train,1
FaceForensics++_C23\DeepFakeDetection/15_03__podium_speech_happy__OY4I7ZU8.mp4,1422,1418,4,1,3,True,4,"[0, 1414, 1413, 1416]",DeepFakeDetection,train,1
FaceForensics++_C23\DeepFakeDetection/15_03__podium_speech_happy__Y11NT1YX.mp4,1422,1418,4,1,3,True,4,"[0, 1415, 1413, 1417]",DeepFakeDetection,train,1
FaceForensics++_C23\DeepFakeDetection/15_03__talking_angry_couch__5C1OMK8W.mp4,1290,1286,4,1,3,True,4,"[1000, 0, 1289, 1288]",DeepFakeDetection,train,1
FaceForensics++_C23\DeepFakeDetection/15_03__talking_angry_couch__DNUJD8M2.mp4,1304,1300,4,1,3,True,4,"[0, 152, 1302, 1303]",DeepFakeDetection,train,1
FaceForensics++_C23\DeepFakeDetection/15_03__talking_angry_couch__T5SHH2UL.mp4,1304,1301,3,1,2,True,3,"[0, 1302, 1303]",DeepFakeDetection,train,1
FaceForensics++_C23\DeepFakeDetection/15_04__kitchen_pan__46TJ9IOJ.mp4,590,325,265,80,185,False,20,"[19, 22, 0, 25, 44, 20, 18, 21, 52, 32, 8, 48, 28, 12, 60, 36, 24, 56, 2, 40]",DeepFakeDetection,train,1
FaceForensics++_C23\DeepFakeDetection/15_04__kitchen_still__46TJ9IOJ.mp4,865,864,1,0,1,True,1,[0],DeepFakeDetection,train,1
FaceForensics++_C23\DeepFakeDetection/15_04__outside_talking_pan_laughing__7NW4Z6WZ.mp4,677,322,355,107,248,False,20,"[500, 504, 508, 501, 512, 516, 502, 520, 503, 528, 532, 498, 506, 524, 536, 510, 507, 511, 494, 509]",DeepFakeDetection,train,1
FaceForensics++_C23\DeepFakeDetection/15_04__talking_against_wall__46TJ9IOJ.mp4,857,856,1,0,1,True,1,[0],DeepFakeDetection,train,1
FaceForensics++_C23\DeepFakeDetection/15_04__walking_and_outside_surprised__46TJ9IOJ.mp4,865,28,837,251,586,False,20,"[50, 70, 49, 74, 54, 66, 78, 69, 48, 68, 73, 62, 75, 67, 77, 55, 82, 80, 79, 65]",DeepFakeDetection,train,1
FaceForensics++_C23\DeepFakeDetection/15_06__exit_phone_room__E98QYYXO.mp4,354,351,3,1,2,True,3,"[0, 352, 353]",DeepFakeDetection,train,1
FaceForensics++_C23\DeepFakeDetection/15_06__kitchen_still__E98QYYXO.mp4,865,864,1,0,1,True,1,[0],DeepFakeDetection,train,1
FaceForensics++_C23\DeepFakeDetection/15_06__outside_talking_pan_laughing__QRCD27P8.mp4,684,324,360,108,252,False,20,"[500, 504, 508, 516, 512, 502, 524, 520, 501, 503, 528, 536, 506, 494, 505, 532, 498, 518, 507, 540]",DeepFakeDetection,train,1
FaceForensics++_C23\DeepFakeDetection/15_06__talking_against_wall__QRCD27P8.mp4,852,851,1,0,1,True,1,[0],DeepFakeDetection,train,1
FaceForensics++_C23\DeepFakeDetection/15_06__walking_down_indoor_hall_disgust__QRCD27P8.mp4,1348,330,1018,306,712,False,20,"[187, 519, 470, 186, 518, 51, 511, 42, 183, 485, 163, 520, 188, 523, 547, 481, 471, 53, 50, 181]",DeepFakeDetection,train,1
FaceForensics++_C23\DeepFakeDetection/15_06__walking_down_street_outside_angry__YDX3GHFS.mp4,330,304,26,8,18,True,20,"[0, 301, 303, 305, 302, 304, 306, 313, 326, 311, 325, 329, 327, 320, 322, 324, 314, 328, 312, 323]",DeepFakeDetection,train,1
FaceForensics++_C23\DeepFakeDetection/15_06__walking_outside_cafe_disgusted__QRCD27P8.mp4,509,501,8,3,5,True,8,"[506, 508, 507, 504, 505, 500, 0, 497]",DeepFakeDetection,train,1
FaceForensics++_C23\DeepFakeDetection/15_07__kitchen_still__9Z2MLKVX.mp4,865,864,1,0,1,True,1,[0],DeepFakeDetection,train,1
FaceForensics++_C23\DeepFakeDetection/15_07__podium_speech_happy__KM6M2TBT.mp4,1417,1412,5,2,3,True,5,"[0, 1412, 1414, 1413, 1416]",DeepFakeDetection,train,1
FaceForensics++_C23\DeepFakeDetection/15_07__walking_down_indoor_hall_disgust__NYPO7U50.mp4,1131,246,885,266,619,False,20,"[187, 519, 470, 186, 518, 51, 511, 183, 42, 163, 485, 188, 523, 481, 547, 520, 53, 471, 181, 50]",DeepFakeDetection,train,1
FaceForensics++_C23\DeepFakeDetection/15_12__hugging_happy__N0SRODQD.mp4,567,325,242,73,169,False,20,"[0, 331, 343, 354, 323, 475, 295, 311, 330, 299, 538, 344, 345, 48, 380, 291, 251, 147, 56, 310]",DeepFakeDetection,train,1
FaceForensics++_C23\DeepFakeDetection/15_12__outside_talking_still_laughing__RK17XFJ9.mp4,800,799,1,0,1,True,1,[0],DeepFakeDetection,train,1
FaceForensics++_C23\DeepFakeDetection/15_12__talking_angry_couch__N0SRODQD.mp4,972,947,25,8,17,True,20,"[0, 797, 363, 364, 292, 396, 376, 522, 356, 371, 344, 347, 377, 290, 88, 383, 393, 745, 115, 99]",DeepFakeDetection,train,1
FaceForensics++_C23\DeepFakeDetection/15_12__talking_angry_couch__RK17XFJ9.mp4,1218,1211,7,2,5,True,7,"[500, 0, 532, 530, 531, 1217, 1216]",DeepFakeDetection,train,1
FaceForensics++_C23\DeepFakeDetection/15_12__walking_down_indoor_hall_disgust__RK17XFJ9.mp4,1337,321,1016,305,711,False,20,"[186, 469, 185, 51, 956, 42, 481, 504, 182, 500, 517, 489, 162, 506, 519, 523, 187, 508, 470, 53]",DeepFakeDetection,train,1
FaceForensics++_C23\DeepFakeDetection/15_12__walking_down_street_outside_angry__N0SRODQD.mp4,349,324,25,8,17,True,20,"[0, 320, 324, 322, 321, 323, 325, 332, 345, 348, 344, 339, 346, 341, 343, 333, 347, 337, 342, 331]",DeepFakeDetection,train,1
FaceForensics++_C23\DeepFakeDetection/15_13__kitchen_pan__X0EIIJF7.mp4,588,322,266,80,186,False,20,"[20, 23, 26, 22, 0, 48, 24, 56, 44, 32, 28, 36, 68, 52, 8, 64, 19, 14, 16, 40]",DeepFakeDetection,train,1
FaceForensics++_C23\DeepFakeDetection/15_14__exit_phone_room__OMLZILK3.mp4,382,378,4,1,3,True,4,"[0, 378, 381, 380]",DeepFakeDetection,train,1
FaceForensics++_C23\DeepFakeDetection/15_14__exit_phone_room__RNHLLKSQ.mp4,380,377,3,1,2,True,3,"[0, 378, 379]",DeepFakeDetection,train,1
FaceForensics++_C23\DeepFakeDetection/15_14__talking_against_wall__4SO1CSAM.mp4,852,851,1,0,1,True,1,[0],DeepFakeDetection,train,1
FaceForensics++_C23\DeepFakeDetection/15_18__kitchen_still__V5VHLCOW.mp4,865,864,1,0,1,True,1,[0],DeepFakeDetection,train,1
FaceForensics++_C23\DeepFakeDetection/15_18__talking_angry_couch__V5VHLCOW.mp4,1270,1265,5,2,3,True,5,"[503, 0, 533, 1269, 1268]",DeepFakeDetection,train,1
FaceForensics++_C23\DeepFakeDetection/15_18__walking_down_indoor_hall_disgust__V5VHLCOW.mp4,1349,332,1017,305,712,False,20,"[187, 519, 470, 186, 518, 51, 511, 42, 183, 485, 163, 188, 520, 523, 481, 53, 471, 50, 547, 181]",DeepFakeDetection,train,1
FaceForensics++_C23\DeepFakeDetection/15_20__kitchen_pan__99NHTFBM.mp4,590,323,267,80,187,False,20,"[24, 21, 20, 27, 68, 0, 28, 48, 32, 23, 36, 4, 56, 60, 64, 40, 52, 8, 22, 44]",DeepFakeDetection,train,1
FaceForensics++_C23\DeepFakeDetection/15_20__outside_talking_pan_laughing__99NHTFBM.mp4,682,322,360,108,252,False,20,"[500, 504, 516, 512, 501, 508, 502, 520, 506, 524, 503, 536, 505, 532, 494, 514, 528, 498, 507, 490]",DeepFakeDetection,train,1
FaceForensics++_C23\DeepFakeDetection/15_20__outside_talking_still_laughing__99NHTFBM.mp4,841,840,1,0,1,True,1,[0],DeepFakeDetection,train,1
FaceForensics++_C23\DeepFakeDetection/15_20__walking_down_indoor_hall_disgust__CYD62VPP.mp4,1140,253,887,266,621,False,20,"[187, 519, 186, 470, 507, 51, 518, 511, 482, 183, 42, 490, 163, 188, 523, 547, 520, 53, 50, 471]",DeepFakeDetection,train,1
FaceForensics++_C23\DeepFakeDetection/15_21__kitchen_pan__87WSBJP3.mp4,590,325,265,80,185,False,20,"[22, 19, 0, 25, 52, 44, 48, 20, 21, 18, 12, 60, 24, 56, 8, 40, 36, 4, 28, 9]",DeepFakeDetection,train,1
FaceForensics++_C23\DeepFakeDetection/15_25__talking_angry_couch__FF95NMIQ.mp4,1293,1288,5,2,3,True,5,"[1000, 0, 995, 1292, 1291]",DeepFakeDetection,train,1
FaceForensics++_C23\DeepFakeDetection/15_27__outside_talking_still_laughing__WZ4MLUAV.mp4,860,859,1,0,1,True,1,[0],DeepFakeDetection,train,1
FaceForensics++_C23\DeepFakeDetection/15_27__podium_speech_happy__2ERUWYH8.mp4,1417,1414,3,1,2,True,3,"[0, 1409, 1411]",DeepFakeDetection,train,1
FaceForensics++_C23\DeepFakeDetection/16_05__kitchen_still__053HPS1G.mp4,770,769,1,0,1,True,1,[0],DeepFakeDetection,val,1
FaceForensics++_C23\DeepFakeDetection/16_05__outside_talking_pan_laughing__053HPS1G.mp4,687,339,348,105,243,False,20,"[0, 4, 8, 6, 2, 16, 12, 1, 3, 7, 14, 5, 20, 24, 15, 13, 19, 18, 500, 52]",DeepFakeDetection,val,1
FaceForensics++_C23\DeepFakeDetection/16_05__walking_down_street_outside_angry__BY646B4R.mp4,675,653,22,7,15,True,20,"[0, 654, 655, 656, 657, 658, 674, 662, 660, 659, 670, 669, 661, 668, 667, 673, 666, 671, 663, 664]",DeepFakeDetection,val,1
FaceForensics++_C23\DeepFakeDetection/16_05__walking_outside_cafe_disgusted__053HPS1G.mp4,1168,1138,30,10,20,False,20,"[219, 192, 226, 259, 248, 354, 225, 224, 237, 244, 247, 245, 246, 243, 240, 0, 230, 1163, 236, 1162]",DeepFakeDetection,val,1
FaceForensics++_C23\DeepFakeDetection/16_08__kitchen_still__8Q7JCS95.mp4,772,770,2,1,1,True,2,"[0, 682]",DeepFakeDetection,val,1
FaceForensics++_C23\DeepFakeDetection/16_17__exit_phone_room__S7UMSIQV.mp4,509,490,19,6,13,True,19,"[0, 507, 508, 499, 500, 506, 504, 505, 498, 503, 501, 502, 497, 496, 494, 491, 493, 492, 495]",DeepFakeDetection,val,1
FaceForensics++_C23\DeepFakeDetection/16_17__walking_outside_cafe_disgusted__S7UMSIQV.mp4,1125,1095,30,10,20,False,20,"[210, 217, 247, 216, 227, 238, 329, 236, 215, 234, 237, 235, 233, 230, 0, 221, 226, 1118, 1117, 222]",DeepFakeDetection,val,1
FaceForensics++_C23\DeepFakeDetection/16_28__hugging_happy__X5FNCYON.mp4,728,626,102,31,71,False,20,"[250, 254, 258, 0, 252, 251, 253, 231, 255, 249, 233, 227, 256, 234, 215, 232, 229, 230, 547, 228]",DeepFakeDetection,val,1
FaceForensics++_C23\DeepFakeDetection/16_28__outside_talking_pan_laughing__X5FNCYON.mp4,699,345,354,106,248,False,20,"[0, 4, 8, 2, 6, 16, 12, 1, 20, 14, 3, 13, 5, 24, 7, 15, 19, 500, 9, 10]",DeepFakeDetection,val,1
FaceForensics++_C23\DeepFakeDetection/17_05__walk_down_hall_angry__YTJYYDO9.mp4,147,123,24,7,17,True,20,"[80, 83, 37, 79, 72, 131, 134, 135, 136, 132, 130, 137, 139, 138, 133, 141, 140, 144, 145, 129]",DeepFakeDetection,val,1
FaceForensics++_C23\DeepFakeDetection/17_08__exit_phone_room__CFIY1YEQ.mp4,738,731,7,2,5,True,7,"[0, 732, 733, 734, 735, 736, 737]",DeepFakeDetection,val,1
FaceForensics++_C23\DeepFakeDetection/17_08__hugging_happy__05AN86QA.mp4,328,276,52,16,36,False,20,"[65, 77, 71, 142, 85, 104, 82, 105, 78, 321, 18, 310, 50, 22, 21, 15, 45, 44, 47, 43]",DeepFakeDetection,val,1
FaceForensics++_C23\DeepFakeDetection/17_08__outside_talking_still_laughing__PBVFRHF5.mp4,530,529,1,0,1,True,1,[0],DeepFakeDetection,val,1
FaceForensics++_C23\DeepFakeDetection/17_08__podium_speech_happy__ISS1V0B1.mp4,1116,1115,1,0,1,True,1,[0],DeepFakeDetection,val,1
FaceForensics++_C23\DeepFakeDetection/17_08__talking_against_wall__QOX5NWIJ.mp4,688,676,12,4,8,True,12,"[0, 250, 258, 304, 204, 278, 284, 247, 276, 280, 249, 303]",DeepFakeDetection,val,1
FaceForensics++_C23\DeepFakeDetection/17_08__talking_angry_couch__05AN86QA.mp4,1300,1277,23,7,16,True,20,"[0, 620, 619, 618, 617, 684, 636, 1053, 635, 1050, 906, 975, 638, 777, 637, 976, 534, 939, 935, 938]",DeepFakeDetection,val,1
FaceForensics++_C23\DeepFakeDetection/17_08__walking_down_indoor_hall_disgust__JZYRLJ8T.mp4,917,97,820,246,574,False,20,"[712, 713, 104, 672, 714, 666, 711, 108, 68, 88, 128, 656, 716, 722, 717, 105, 106, 675, 665, 648]",DeepFakeDetection,val,1
FaceForensics++_C23\DeepFakeDetection/17_16__exit_phone_room__S7UMSIQV.mp4,724,715,9,3,6,True,9,"[0, 716, 717, 718, 719, 720, 721, 722, 723]",DeepFakeDetection,val,1
FaceForensics++_C23\DeepFakeDetection/17_16__hugging_happy__S7UMSIQV.mp4,343,305,38,12,26,False,20,"[71, 75, 59, 66, 65, 69, 70, 72, 102, 104, 331, 329, 12, 15, 30, 39, 11, 37, 36, 23]",DeepFakeDetection,val,1
FaceForensics++_C23\DeepFakeDetection/17_16__podium_speech_happy__EWJJTZHY.mp4,1122,1121,1,0,1,True,1,[0],DeepFakeDetection,val,1
FaceForensics++_C23\DeepFakeDetection/17_16__walk_down_hall_angry__EWJJTZHY.mp4,118,97,21,6,15,True,20,"[58, 28, 102, 106, 105, 104, 107, 100, 108, 110, 103, 101, 109, 112, 111, 0, 115, 113, 114, 116]",DeepFakeDetection,val,1
FaceForensics++_C23\DeepFakeDetection/17_16__walk_down_hall_angry__P141P1QH.mp4,142,117,25,8,17,True,20,"[81, 82, 71, 80, 83, 37, 126, 129, 130, 131, 127, 132, 125, 128, 134, 133, 124, 136, 135, 141]",DeepFakeDetection,val,1
FaceForensics++_C23\DeepFakeDetection/17_16__walking_down_indoor_hall_disgust__S7UMSIQV.mp4,898,94,804,241,563,False,20,"[706, 710, 705, 648, 704, 666, 707, 709, 108, 668, 730, 654, 827, 106, 715, 669, 120, 107, 663, 656]",DeepFakeDetection,val,1
FaceForensics++_C23\DeepFakeDetection/18_02__exit_phone_room__B95S4G6F.mp4,421,415,6,2,4,True,6,"[416, 418, 417, 419, 420, 0]",DeepFakeDetection,train,1
FaceForensics++_C23\DeepFakeDetection/18_02__kitchen_still__B95S4G6F.mp4,857,791,66,20,46,False,20,"[0, 526, 522, 518, 542, 527, 521, 550, 514, 528, 512, 523, 520, 524, 540, 519, 525, 548, 541, 539]",DeepFakeDetection,train,1
FaceForensics++_C23\DeepFakeDetection/18_02__secret_conversation__B95S4G6F.mp4,1041,1040,1,0,1,True,1,[0],DeepFakeDetection,train,1
FaceForensics++_C23\DeepFakeDetection/18_03__exit_phone_room__22UBC0BS.mp4,421,415,6,2,4,True,6,"[418, 416, 417, 419, 420, 0]",DeepFakeDetection,train,1
FaceForensics++_C23\DeepFakeDetection/18_03__exit_phone_room__32DBR8L4.mp4,387,384,3,1,2,True,3,"[385, 386, 0]",DeepFakeDetection,train,1
FaceForensics++_C23\DeepFakeDetection/18_03__kitchen_still__22UBC0BS.mp4,857,793,64,19,45,False,20,"[0, 526, 518, 542, 522, 512, 514, 527, 528, 550, 521, 523, 524, 520, 540, 525, 541, 548, 539, 519]",DeepFakeDetection,train,1
FaceForensics++_C23\DeepFakeDetection/18_03__secret_conversation__32DBR8L4.mp4,236,233,3,1,2,True,3,"[33, 67, 0]",DeepFakeDetection,train,1
FaceForensics++_C23\DeepFakeDetection/18_03__walking_down_street_outside_angry__22UBC0BS.mp4,583,550,33,10,23,False,20,"[0, 579, 546, 550, 552, 545, 547, 581, 549, 580, 553, 548, 564, 563, 566, 568, 561, 576, 551, 582]",DeepFakeDetection,train,1
FaceForensics++_C23\DeepFakeDetection/18_04__talking_against_wall__6J3ZFEJQ.mp4,840,839,1,0,1,True,1,[0],DeepFakeDetection,train,1
FaceForensics++_C23\DeepFakeDetection/18_04__walking_outside_cafe_disgusted__6J3ZFEJQ.mp4,405,368,37,11,26,False,20,"[204, 208, 210, 202, 201, 209, 203, 205, 206, 207, 381, 379, 382, 380, 383, 385, 384, 404, 386, 387]",DeepFakeDetection,train,1
FaceForensics++_C23\DeepFakeDetection/18_06__kitchen_pan__XJ76YU5A.mp4,768,453,315,95,220,False,20,"[8, 132, 196, 204, 7, 9, 10, 6, 192, 274, 201, 195, 202, 184, 203, 131, 194, 133, 12, 270]",DeepFakeDetection,train,1
FaceForensics++_C23\DeepFakeDetection/18_06__outside_talking_pan_laughing__DEA1TCLN.mp4,755,410,345,104,241,False,20,"[0, 8, 4, 2, 20, 12, 1, 500, 16, 24, 3, 116, 68, 19, 18, 6, 200, 10, 224, 28]",DeepFakeDetection,train,1
FaceForensics++_C23\DeepFakeDetection/18_06__podium_speech_happy__M36D0OJT.mp4,1183,1182,1,0,1,True,1,[0],DeepFakeDetection,train,1
FaceForensics++_C23\DeepFakeDetection/18_06__walking_down_street_outside_angry__MVXBDKGB.mp4,550,517,33,10,23,False,20,"[0, 546, 512, 516, 513, 514, 517, 519, 548, 547, 520, 518, 530, 531, 533, 535, 543, 528, 515, 549]",DeepFakeDetection,train,1
FaceForensics++_C23\DeepFakeDetection/18_06__walking_outside_cafe_disgusted__OWJY9LQU.mp4,388,350,38,12,26,False,20,"[192, 184, 191, 188, 190, 183, 362, 186, 187, 185, 189, 361, 363, 364, 365, 387, 366, 367, 369, 368]",DeepFakeDetection,train,1
FaceForensics++_C23\DeepFakeDetection/18_09__exit_phone_room__3VP8836C.mp4,399,393,6,2,4,True,6,"[394, 396, 395, 397, 398, 0]",DeepFakeDetection,train,1
FaceForensics++_C23\DeepFakeDetection/18_09__kitchen_still__3VP8836C.mp4,841,780,61,18,43,False,20,"[0, 513, 509, 525, 505, 503, 512, 533, 500, 514, 520, 518, 523, 508, 510, 511, 507, 524, 526, 506]",DeepFakeDetection,train,1
FaceForensics++_C23\DeepFakeDetection/18_09__walk_down_hall_angry__3VP8836C.mp4,347,334,13,4,9,True,13,"[0, 336, 335, 337, 338, 340, 339, 341, 346, 342, 343, 344, 345]",DeepFakeDetection,train,1
FaceForensics++_C23\DeepFakeDetection/18_09__walking_outside_cafe_disgusted__3VP8836C.mp4,387,350,37,11,26,False,20,"[184, 192, 188, 183, 362, 191, 187, 190, 186, 185, 189, 361, 363, 364, 365, 386, 367, 366, 368, 369]",DeepFakeDetection,train,1
FaceForensics++_C23\DeepFakeDetection/18_11__secret_conversation__JJ1YREUN.mp4,1038,1037,1,0,1,True,1,[0],DeepFakeDetection,train,1
FaceForensics++_C23\DeepFakeDetection/18_11__secret_conversation__PT4YKO2R.mp4,235,232,3,1,2,True,3,"[33, 67, 0]",DeepFakeDetection,train,1
FaceForensics++_C23\DeepFakeDetection/18_11__walking_down_street_outside_angry__PT4YKO2R.mp4,549,516,33,10,23,False,20,"[0, 512, 516, 545, 513, 515, 511, 518, 547, 546, 529, 527, 532, 548, 534, 542, 517, 514, 530, 519]",DeepFakeDetection,train,1
FaceForensics++_C23\DeepFakeDetection/18_11__walking_outside_cafe_disgusted__TRJUIS24.mp4,372,334,38,12,26,False,20,"[176, 168, 172, 175, 346, 174, 167, 171, 173, 170, 169, 345, 348, 347, 349, 350, 371, 351, 353, 352]",DeepFakeDetection,train,1
FaceForensics++_C23\DeepFakeDetection/18_12__outside_talking_pan_laughing__IKH1LBBY.mp4,683,356,327,98,229,False,20,"[0, 500, 20, 8, 4, 2, 12, 1, 212, 16, 3, 52, 19, 6, 24, 160, 18, 184, 28, 152]",DeepFakeDetection,train,1
FaceForensics++_C23\DeepFakeDetection/18_12__outside_talking_still_laughing__IKH1LBBY.mp4,820,779,41,12,29,False,20,"[520, 602, 603, 610, 601, 289, 369, 386, 771, 286, 367, 368, 365, 318, 288, 336, 324, 366, 335, 364]",DeepFakeDetection,train,1
FaceForensics++_C23\DeepFakeDetection/18_14__exit_phone_room__0YRBHIKG.mp4,387,384,3,1,2,True,3,"[385, 386, 0]",DeepFakeDetection,train,1
FaceForensics++_C23\DeepFakeDetection/18_14__outside_talking_still_laughing__6SB2BR0A.mp4,884,852,32,10,22,False,20,"[631, 630, 397, 377, 379, 378, 374, 375, 376, 322, 346, 334, 338, 352, 330, 371, 329, 351, 335, 372]",DeepFakeDetection,train,1
FaceForensics++_C23\DeepFakeDetection/18_14__podium_speech_happy__0YRBHIKG.mp4,1183,1182,1,0,1,True,1,[0],DeepFakeDetection,train,1
FaceForensics++_C23\DeepFakeDetection/18_14__secret_conversation__HYMNQ00Q.mp4,1040,1039,1,0,1,True,1,[0],DeepFakeDetection,train,1
FaceForensics++_C23\DeepFakeDetection/18_14__talking_against_wall__0YRBHIKG.mp4,840,839,1,0,1,True,1,[0],DeepFakeDetection,train,1
FaceForensics++_C23\DeepFakeDetection/18_15__kitchen_pan__V5VHLCOW.mp4,775,450,325,98,227,False,20,"[8, 208, 212, 202, 200, 7, 203, 9, 10, 6, 201, 140, 192, 220, 210, 188, 12, 194, 209, 216]",DeepFakeDetection,train,1
FaceForensics++_C23\DeepFakeDetection/18_15__kitchen_still__V5VHLCOW.mp4,858,792,66,20,46,False,20,"[0, 527, 523, 543, 519, 515, 528, 551, 522, 529, 521, 525, 524, 541, 520, 526, 549, 542, 512, 540]",DeepFakeDetection,train,1
FaceForensics++_C23\DeepFakeDetection/18_15__outside_talking_still_laughing__V5VHLCOW.mp4,875,839,36,11,25,False,20,"[626, 625, 376, 296, 393, 374, 372, 375, 348, 295, 373, 341, 371, 332, 347, 326, 370, 331, 334, 333]",DeepFakeDetection,train,1
FaceForensics++_C23\DeepFakeDetection/18_15__walking_down_street_outside_angry__V5VHLCOW.mp4,582,549,33,10,23,False,20,"[0, 548, 578, 546, 544, 545, 549, 551, 580, 550, 579, 552, 562, 563, 567, 560, 565, 547, 581, 571]",DeepFakeDetection,train,1
FaceForensics++_C23\DeepFakeDetection/18_25__exit_phone_room__AUC0HY5T.mp4,395,392,3,1,2,True,3,"[393, 394, 0]",DeepFakeDetection,train,1
FaceForensics++_C23\DeepFakeDetection/18_25__outside_talking_pan_laughing__AUC0HY5T.mp4,750,406,344,103,241,False,20,"[0, 4, 8, 20, 2, 64, 12, 68, 52, 1, 500, 16, 24, 3, 6, 40, 196, 19, 220, 18]",DeepFakeDetection,train,1
FaceForensics++_C23\DeepFakeDetection/18_25__walk_down_hall_angry__AUC0HY5T.mp4,346,333,13,4,9,True,13,"[0, 334, 335, 336, 338, 337, 339, 340, 345, 341, 342, 343, 344]",DeepFakeDetection,train,1
FaceForensics++_C23\DeepFakeDetection/18_25__walking_outside_cafe_disgusted__SEGFKFJG.mp4,371,334,37,11,26,False,20,"[176, 168, 172, 175, 174, 167, 171, 170, 346, 169, 173, 345, 347, 349, 348, 350, 370, 351, 352, 353]",DeepFakeDetection,train,1
FaceForensics++_C23\DeepFakeDetection/18_26__kitchen_still__UMEX6HWU.mp4,855,791,64,19,45,False,20,"[0, 524, 516, 540, 520, 512, 525, 548, 526, 519, 527, 521, 522, 518, 538, 523, 539, 517, 546, 537]",DeepFakeDetection,train,1
FaceForensics++_C23\DeepFakeDetection/18_26__outside_talking_still_laughing__UMEX6HWU.mp4,867,830,37,11,26,False,20,"[542, 629, 631, 628, 711, 397, 377, 850, 379, 378, 374, 375, 376, 322, 295, 334, 346, 352, 371, 330]",DeepFakeDetection,train,1
FaceForensics++_C23\DeepFakeDetection/18_26__secret_conversation__UMEX6HWU.mp4,1049,1048,1,0,1,True,1,[0],DeepFakeDetection,train,1
FaceForensics++_C23\DeepFakeDetection/18_26__walk_down_hall_angry__AI94QW74.mp4,359,346,13,4,9,True,13,"[0, 348, 347, 349, 350, 351, 352, 353, 358, 357, 354, 355, 356]",DeepFakeDetection,train,1
FaceForensics++_C23\DeepFakeDetection/18_26__walking_outside_cafe_disgusted__UMEX6HWU.mp4,405,368,37,11,26,False,20,"[208, 210, 209, 204, 379, 381, 207, 201, 202, 206, 205, 203, 382, 380, 383, 384, 385, 404, 386, 387]",DeepFakeDetection,train,1
FaceForensics++_C23\DeepFakeDetection/18_27__kitchen_still__NYHE8D0J.mp4,854,788,66,20,46,False,20,"[0, 523, 515, 519, 539, 524, 511, 547, 525, 518, 509, 517, 520, 521, 537, 522, 516, 538, 545, 536]",DeepFakeDetection,train,1
FaceForensics++_C23\DeepFakeDetection/18_27__outside_talking_still_laughing__G7OOOUCX.mp4,884,849,35,11,24,False,20,"[633, 632, 382, 399, 380, 378, 381, 296, 334, 354, 379, 377, 376, 339, 353, 340, 347, 324, 333, 331]",DeepFakeDetection,train,1
FaceForensics++_C23\DeepFakeDetection/18_27__walking_outside_cafe_disgusted__NYHE8D0J.mp4,387,350,37,11,26,False,20,"[192, 184, 188, 191, 183, 185, 190, 186, 187, 362, 189, 361, 363, 364, 365, 386, 366, 367, 368, 369]",DeepFakeDetection,train,1
FaceForensics++_C23\DeepFakeDetection/19_10__exit_phone_room__IDX76N5R.mp4,333,324,9,3,6,True,9,"[321, 322, 330, 0, 323, 329, 328, 332, 331]",DeepFakeDetection,test,1
FaceForensics++_C23\DeepFakeDetection/19_10__podium_speech_happy__FFXB67PI.mp4,734,728,6,2,4,True,6,"[0, 325, 690, 217, 726, 733]",DeepFakeDetection,test,1
FaceForensics++_C23\DeepFakeDetection/19_10__talking_against_wall__O2IKR6YM.mp4,767,760,7,2,5,True,7,"[30, 41, 12, 9, 8, 10, 0]",DeepFakeDetection,test,1
FaceForensics++_C23\DeepFakeDetection/19_10__walk_down_hall_angry__BVVPN5D5.mp4,446,426,20,6,14,True,20,"[0, 428, 427, 429, 445, 430, 431, 432, 435, 434, 433, 436, 437, 438, 444, 439, 442, 440, 441, 443]",DeepFakeDetection,test,1
FaceForensics++_C23\DeepFakeDetection/19_22__outside_talking_pan_laughing__VK6BF5NV.mp4,623,481,142,43,99,False,20,"[0, 4, 3, 8, 1, 12, 2, 5, 6, 9, 20, 11, 10, 16, 7, 24, 19, 17, 18, 15]",DeepFakeDetection,test,1
FaceForensics++_C23\DeepFakeDetection/19_22__talking_against_wall__VK6BF5NV.mp4,735,725,10,3,7,True,10,"[39, 287, 101, 26, 37, 9, 12, 8, 10, 0]",DeepFakeDetection,test,1
FaceForensics++_C23\DeepFakeDetection/19_23__kitchen_pan__H4SUVFTL.mp4,695,463,232,70,162,False,20,"[60, 32, 56, 35, 48, 64, 0, 37, 58, 62, 24, 61, 33, 46, 59, 28, 63, 36, 49, 4]",DeepFakeDetection,test,1
FaceForensics++_C23\DeepFakeDetection/19_23__kitchen_pan__WHQ1229T.mp4,711,475,236,71,165,False,20,"[0, 32, 64, 35, 68, 48, 24, 33, 37, 67, 28, 66, 65, 36, 47, 50, 72, 51, 60, 63]",DeepFakeDetection,test,1
FaceForensics++_C23\DeepFakeDetection/19_23__outside_talking_pan_laughing__H4SUVFTL.mp4,629,493,136,41,95,False,20,"[0, 4, 3, 1, 8, 2, 486, 12, 5, 6, 9, 10, 20, 16, 11, 7, 24, 13, 14, 21]",DeepFakeDetection,test,1
FaceForensics++_C23\DeepFakeDetection/19_23__talking_angry_couch__F7U8UY7V.mp4,1429,1374,55,17,38,False,20,"[248, 0, 404, 825, 830, 402, 834, 829, 403, 832, 831, 833, 396, 387, 398, 394, 395, 397, 401, 386]",DeepFakeDetection,test,1
FaceForensics++_C23\DeepFakeDetection/19_23__walk_down_hall_angry__F7U8UY7V.mp4,447,428,19,6,13,True,19,"[0, 430, 429, 431, 432, 433, 446, 434, 438, 437, 436, 435, 439, 440, 441, 443, 442, 445, 444]",DeepFakeDetection,test,1
FaceForensics++_C23\DeepFakeDetection/19_23__walking_outside_cafe_disgusted__F7U8UY7V.mp4,342,318,24,7,17,True,20,"[0, 321, 322, 324, 315, 328, 323, 326, 327, 320, 325, 329, 331, 334, 330, 332, 333, 341, 337, 336]",DeepFakeDetection,test,1
FaceForensics++_C23\DeepFakeDetection/19_23__walking_outside_cafe_disgusted__WHQ1229T.mp4,358,335,23,7,16,True,20,"[0, 331, 340, 337, 338, 344, 339, 336, 343, 342, 341, 347, 350, 346, 349, 348, 351, 357, 353, 352]",DeepFakeDetection,test,1
FaceForensics++_C23\DeepFakeDetection/19_24__kitchen_pan__NPZW2Z9L.mp4,691,462,229,69,160,False,20,"[64, 32, 60, 0, 35, 48, 37, 33, 24, 63, 62, 58, 28, 61, 50, 51, 4, 40, 36, 47]",DeepFakeDetection,test,1
FaceForensics++_C23\DeepFakeDetection/19_24__kitchen_pan__QD5K7BP2.mp4,690,475,215,65,150,False,20,"[32, 36, 0, 34, 55, 59, 28, 31, 24, 43, 4, 58, 51, 54, 56, 63, 57, 45, 53, 23]",DeepFakeDetection,test,1
FaceForensics++_C23\DeepFakeDetection/19_24__kitchen_still__GNHYZ84G.mp4,859,857,2,1,1,True,2,"[0, 499]",DeepFakeDetection,test,1
FaceForensics++_C23\DeepFakeDetection/19_24__outside_talking_pan_laughing__59PN7WZ2.mp4,632,488,144,43,101,False,20,"[0, 4, 8, 500, 3, 1, 12, 2, 5, 9, 6, 20, 10, 11, 7, 16, 24, 14, 13, 21]",DeepFakeDetection,test,1
FaceForensics++_C23\DeepFakeDetection/19_24__outside_talking_pan_laughing__OF8LF68K.mp4,631,489,142,43,99,False,20,"[0, 4, 8, 3, 1, 2, 12, 9, 5, 10, 6, 20, 7, 16, 11, 24, 14, 13, 17, 19]",DeepFakeDetection,test,1
FaceForensics++_C23\DeepFakeDetection/19_24__outside_talking_still_laughing__59PN7WZ2.mp4,840,838,2,1,1,True,2,"[0, 110]",DeepFakeDetection,test,1
FaceForensics++_C23\DeepFakeDetection/19_24__outside_talking_still_laughing__DL7X7M6I.mp4,837,835,2,1,1,True,2,"[0, 109]",DeepFakeDetection,test,1
FaceForensics++_C23\DeepFakeDetection/19_24__secret_conversation__59PN7WZ2.mp4,164,163,1,0,1,True,1,[0],DeepFakeDetection,test,1
FaceForensics++_C23\DeepFakeDetection/19_24__talking_angry_couch__W1DEM0XM.mp4,1388,1337,51,15,36,False,20,"[231, 790, 0, 794, 783, 798, 796, 797, 795, 364, 52, 366, 799, 368, 373, 359, 1321, 365, 367, 372]",DeepFakeDetection,test,1
FaceForensics++_C23\DeepFakeDetection/19_24__walk_down_hall_angry__59PN7WZ2.mp4,455,435,20,6,14,True,20,"[436, 437, 438, 0, 439, 440, 444, 441, 445, 454, 443, 442, 446, 447, 448, 453, 450, 449, 451, 452]",DeepFakeDetection,test,1
FaceForensics++_C23\DeepFakeDetection/19_24__walk_down_hall_angry__OF8LF68K.mp4,450,433,17,5,12,True,17,"[0, 434, 435, 436, 437, 438, 441, 442, 440, 449, 439, 443, 444, 447, 445, 446, 448]",DeepFakeDetection,test,1
FaceForensics++_C23\DeepFakeDetection/19_24__walk_down_hall_angry__RKQTC50P.mp4,443,424,19,6,13,True,19,"[0, 424, 426, 428, 427, 434, 430, 429, 442, 435, 433, 431, 432, 436, 440, 437, 438, 441, 439]",DeepFakeDetection,test,1
FaceForensics++_C23\DeepFakeDetection/19_24__walk_down_hall_angry__W1DEM0XM.mp4,441,422,19,6,13,True,19,"[0, 424, 423, 425, 426, 427, 428, 431, 430, 440, 432, 429, 433, 434, 437, 438, 436, 435, 439]",DeepFakeDetection,test,1
FaceForensics++_C23\DeepFakeDetection/20_01__kitchen_pan__6UBMLXK3.mp4,640,351,289,87,202,False,20,"[28, 25, 24, 72, 68, 76, 96, 71, 0, 88, 80, 73, 74, 100, 70, 23, 40, 75, 64, 84]",DeepFakeDetection,train,1
FaceForensics++_C23\DeepFakeDetection/20_01__kitchen_still__FW94AIMJ.mp4,898,897,1,0,1,True,1,[0],DeepFakeDetection,train,1
FaceForensics++_C23\DeepFakeDetection/20_01__outside_talking_still_laughing__FW94AIMJ.mp4,834,830,4,1,3,True,4,"[695, 832, 683, 0]",DeepFakeDetection,train,1
FaceForensics++_C23\DeepFakeDetection/20_01__talking_angry_couch__FW94AIMJ.mp4,1619,1618,1,0,1,True,1,[0],DeepFakeDetection,train,1
FaceForensics++_C23\DeepFakeDetection/20_01__walking_and_outside_surprised__6UBMLXK3.mp4,880,10,870,261,609,False,20,"[111, 115, 119, 113, 110, 103, 107, 123, 114, 99, 131, 122, 109, 44, 126, 4, 104, 95, 129, 102]",DeepFakeDetection,train,1
FaceForensics++_C23\DeepFakeDetection/20_03__hugging_happy__Z6V05FXO.mp4,747,545,202,61,141,False,20,"[591, 552, 554, 549, 500, 550, 488, 551, 494, 490, 504, 495, 499, 496, 508, 489, 131, 502, 680, 120]",DeepFakeDetection,train,1
FaceForensics++_C23\DeepFakeDetection/20_03__talking_angry_couch__61SVZ2J7.mp4,1620,1619,1,0,1,True,1,[0],DeepFakeDetection,train,1
FaceForensics++_C23\DeepFakeDetection/20_03__walk_down_hall_angry__61SVZ2J7.mp4,429,409,20,6,14,True,20,"[0, 410, 428, 411, 412, 418, 413, 414, 416, 417, 415, 419, 420, 421, 422, 424, 425, 423, 426, 427]",DeepFakeDetection,train,1
FaceForensics++_C23\DeepFakeDetection/20_06__outside_talking_pan_laughing__6SUW7063.mp4,725,431,294,88,206,False,20,"[0, 4, 2, 1, 8, 3, 5, 6, 12, 10, 7, 16, 11, 14, 9, 250, 13, 18, 15, 22]",DeepFakeDetection,train,1
FaceForensics++_C23\DeepFakeDetection/20_06__podium_speech_happy__6SUW7063.mp4,1108,1107,1,0,1,True,1,[0],DeepFakeDetection,train,1
FaceForensics++_C23\DeepFakeDetection/20_07__outside_talking_pan_laughing__5VT4USF9.mp4,725,428,297,89,208,False,20,"[0, 4, 2, 8, 3, 1, 5, 6, 12, 10, 7, 11, 16, 14, 250, 9, 13, 18, 15, 17]",DeepFakeDetection,train,1
FaceForensics++_C23\DeepFakeDetection/20_09__kitchen_pan__HG1S0KHA.mp4,646,352,294,88,206,False,20,"[24, 72, 68, 76, 27, 88, 80, 73, 71, 0, 84, 78, 28, 70, 92, 96, 44, 69, 75, 32]",DeepFakeDetection,train,1
FaceForensics++_C23\DeepFakeDetection/20_09__kitchen_pan__MKEWB4SM.mp4,642,355,287,86,201,False,20,"[28, 68, 24, 25, 72, 76, 0, 70, 64, 67, 84, 23, 69, 75, 88, 80, 44, 92, 66, 74]",DeepFakeDetection,train,1
FaceForensics++_C23\DeepFakeDetection/20_09__outside_talking_pan_laughing__MKEWB4SM.mp4,724,424,300,90,210,False,20,"[0, 4, 2, 1, 8, 3, 5, 6, 12, 10, 7, 16, 14, 9, 250, 13, 11, 15, 18, 20]",DeepFakeDetection,train,1
FaceForensics++_C23\DeepFakeDetection/20_09__outside_talking_still_laughing__98NUQ3E6.mp4,837,833,4,1,3,True,4,"[835, 697, 685, 0]",DeepFakeDetection,train,1
FaceForensics++_C23\DeepFakeDetection/20_09__podium_speech_happy__RAGUKRMK.mp4,1109,1107,2,1,1,True,2,"[0, 1108]",DeepFakeDetection,train,1
FaceForensics++_C23\DeepFakeDetection/20_09__walk_down_hall_angry__RAGUKRMK.mp4,411,391,20,6,14,True,20,"[0, 410, 392, 393, 394, 395, 400, 396, 398, 399, 397, 401, 402, 403, 404, 406, 407, 405, 408, 409]",DeepFakeDetection,train,1
FaceForensics++_C23\DeepFakeDetection/20_09__walking_down_indoor_hall_disgust__0IRM5ADD.mp4,1368,420,948,285,663,False,20,"[158, 166, 164, 1305, 165, 163, 1301, 1304, 750, 156, 1303, 168, 1341, 1309, 934, 805, 776, 155, 933, 799]",DeepFakeDetection,train,1
FaceForensics++_C23\DeepFakeDetection/20_09__walking_down_indoor_hall_disgust__RAGUKRMK.mp4,1359,415,944,283,661,False,20,"[166, 158, 164, 165, 769, 163, 1295, 792, 156, 1297, 797, 928, 168, 937, 1333, 837, 1296, 1294, 155, 927]",DeepFakeDetection,train,1
FaceForensics++_C23\DeepFakeDetection/20_12__kitchen_still__VD7BCF1U.mp4,897,896,1,0,1,True,1,[0],DeepFakeDetection,train,1
FaceForensics++_C23\DeepFakeDetection/20_12__outside_talking_pan_laughing__VD7BCF1U.mp4,722,424,298,90,208,False,20,"[0, 4, 2, 8, 3, 5, 1, 12, 6, 10, 16, 11, 7, 14, 9, 13, 250, 18, 15, 17]",DeepFakeDetection,train,1
FaceForensics++_C23\DeepFakeDetection/20_12__walk_down_hall_angry__B0X1CGG2.mp4,401,381,20,6,14,True,20,"[0, 382, 383, 400, 384, 390, 385, 386, 388, 389, 392, 391, 387, 393, 394, 396, 397, 395, 398, 399]",DeepFakeDetection,train,1
FaceForensics++_C23\DeepFakeDetection/20_13__hugging_happy__C50CSOEX.mp4,731,541,190,57,133,False,20,"[538, 540, 544, 543, 541, 549, 539, 486, 95, 494, 479, 480, 497, 676, 481, 489, 490, 127, 485, 0]",DeepFakeDetection,train,1
FaceForensics++_C23\DeepFakeDetection/20_13__hugging_happy__HQHYKNGK.mp4,693,506,187,56,131,False,20,"[499, 557, 561, 492, 456, 518, 520, 522, 519, 521, 523, 84, 464, 478, 470, 466, 481, 624, 115, 465]",DeepFakeDetection,train,1
FaceForensics++_C23\DeepFakeDetection/20_13__kitchen_pan__4SAX54BT.mp4,641,349,292,88,204,False,20,"[28, 72, 68, 24, 76, 25, 0, 80, 73, 71, 88, 70, 96, 92, 74, 69, 84, 78, 23, 44]",DeepFakeDetection,train,1
FaceForensics++_C23\DeepFakeDetection/20_13__kitchen_still__NJEO6L5O.mp4,892,891,1,0,1,True,1,[0],DeepFakeDetection,train,1
FaceForensics++_C23\DeepFakeDetection/20_13__outside_talking_still_laughing__LXLR1B6N.mp4,826,822,4,1,3,True,4,"[693, 824, 681, 0]",DeepFakeDetection,train,1
FaceForensics++_C23\DeepFakeDetection/20_13__walk_down_hall_angry__4SAX54BT.mp4,428,408,20,6,14,True,20,"[0, 427, 409, 410, 411, 417, 412, 413, 416, 415, 414, 418, 419, 420, 421, 423, 424, 422, 425, 426]",DeepFakeDetection,train,1
FaceForensics++_C23\DeepFakeDetection/20_13__walk_down_hall_angry__HQHYKNGK.mp4,402,382,20,6,14,True,20,"[0, 401, 383, 384, 385, 391, 386, 387, 390, 388, 389, 392, 393, 394, 395, 397, 399, 398, 396, 400]",DeepFakeDetection,train,1
FaceForensics++_C23\DeepFakeDetection/20_13__walking_down_indoor_hall_disgust__NJEO6L5O.mp4,946,251,695,209,486,False,20,"[166, 164, 158, 165, 163, 882, 884, 156, 168, 883, 920, 155, 706, 881, 880, 167, 924, 686, 743, 888]",DeepFakeDetection,train,1
FaceForensics++_C23\DeepFakeDetection/20_13__walking_down_indoor_hall_disgust__VO2YZXLN.mp4,949,252,697,209,488,False,20,"[166, 164, 158, 165, 163, 885, 887, 156, 168, 886, 923, 636, 884, 927, 707, 155, 167, 883, 891, 889]",DeepFakeDetection,train,1
FaceForensics++_C23\DeepFakeDetection/20_14__outside_talking_pan_laughing__R7SPX6OK.mp4,725,430,295,89,206,False,20,"[0, 4, 2, 8, 3, 5, 1, 12, 6, 7, 10, 16, 14, 11, 13, 9, 250, 15, 18, 20]",DeepFakeDetection,train,1
FaceForensics++_C23\DeepFakeDetection/20_14__podium_speech_happy__B014BKVO.mp4,1108,1107,1,0,1,True,1,[0],DeepFakeDetection,train,1
FaceForensics++_C23\DeepFakeDetection/20_14__talking_angry_couch__R7SPX6OK.mp4,1616,1615,1,0,1,True,1,[0],DeepFakeDetection,train,1
FaceForensics++_C23\DeepFakeDetection/20_15__outside_talking_pan_laughing__99NHTFBM.mp4,724,428,296,89,207,False,20,"[0, 4, 2, 1, 8, 3, 5, 12, 6, 10, 7, 16, 11, 9, 14, 250, 13, 15, 18, 20]",DeepFakeDetection,train,1
FaceForensics++_C23\DeepFakeDetection/20_15__podium_speech_happy__99NHTFBM.mp4,1108,1107,1,0,1,True,1,[0],DeepFakeDetection,train,1
FaceForensics++_C23\DeepFakeDetection/20_15__secret_conversation__99NHTFBM.mp4,979,978,1,0,1,True,1,[0],DeepFakeDetection,train,1
FaceForensics++_C23\DeepFakeDetection/20_15__walking_down_indoor_hall_disgust__99NHTFBM.mp4,1373,425,948,285,663,False,20,"[166, 158, 164, 1310, 165, 163, 1306, 1309, 156, 750, 937, 1308, 168, 1346, 946, 776, 1314, 155, 936, 870]",DeepFakeDetection,train,1
FaceForensics++_C23\DeepFakeDetection/20_15__walking_down_indoor_hall_disgust__CYD62VPP.mp4,954,261,693,208,485,False,20,"[166, 164, 158, 165, 163, 890, 892, 156, 168, 891, 928, 167, 889, 888, 155, 932, 644, 712, 896, 894]",DeepFakeDetection,train,1
FaceForensics++_C23\DeepFakeDetection/20_15__walking_outside_cafe_disgusted__99NHTFBM.mp4,960,950,10,3,7,True,10,"[959, 958, 957, 956, 955, 954, 953, 952, 951, 0]",DeepFakeDetection,train,1
FaceForensics++_C23\DeepFakeDetection/20_18__outside_talking_pan_laughing__8BMQOD7S.mp4,724,429,295,89,206,False,20,"[0, 4, 2, 8, 3, 5, 1, 6, 12, 10, 7, 11, 16, 14, 13, 9, 250, 18, 15, 17]",DeepFakeDetection,train,1
FaceForensics++_C23\DeepFakeDetection/20_18__walking_down_indoor_hall_disgust__8BMQOD7S.mp4,1372,430,942,283,659,False,20,"[166, 164, 158, 165, 163, 798, 1308, 1310, 774, 156, 752, 936, 782, 945, 775, 772, 168, 794, 1346, 1309]",DeepFakeDetection,train,1
FaceForensics++_C23\DeepFakeDetection/20_21__kitchen_still__ZCB5OMEW.mp4,665,664,1,0,1,True,1,[0],DeepFakeDetection,train,1
FaceForensics++_C23\DeepFakeDetection/20_21__secret_conversation__ZCB5OMEW.mp4,32,30,2,1,1,True,2,"[11, 0]",DeepFakeDetection,train,1
FaceForensics++_C23\DeepFakeDetection/20_21__walking_down_indoor_hall_disgust__ZCB5OMEW.mp4,953,255,698,210,488,False,20,"[158, 166, 164, 165, 163, 889, 891, 156, 168, 927, 890, 888, 167, 640, 711, 931, 887, 155, 893, 895]",DeepFakeDetection,train,1
FaceForensics++_C23\DeepFakeDetection/20_21__walking_down_street_outside_angry__ZCB5OMEW.mp4,885,860,25,8,17,True,20,"[0, 884, 883, 882, 881, 878, 879, 861, 876, 877, 880, 874, 862, 873, 875, 871, 865, 863, 872, 869]",DeepFakeDetection,train,1
FaceForensics++_C23\DeepFakeDetection/20_25__exit_phone_room__M86GQTHK.mp4,574,571,3,1,2,True,3,"[0, 573, 572]",DeepFakeDetection,train,1
FaceForensics++_C23\DeepFakeDetection/20_25__exit_phone_room__MUS0X71T.mp4,591,587,4,1,3,True,4,"[590, 589, 0, 588]",DeepFakeDetection,train,1
FaceForensics++_C23\DeepFakeDetection/20_25__outside_talking_pan_laughing__M86GQTHK.mp4,725,428,297,89,208,False,20,"[0, 4, 2, 3, 8, 1, 5, 12, 6, 10, 7, 11, 16, 9, 14, 13, 250, 15, 18, 20]",DeepFakeDetection,train,1
FaceForensics++_C23\DeepFakeDetection/20_25__outside_talking_still_laughing__DW2L6D2V.mp4,831,827,4,1,3,True,4,"[829, 692, 680, 0]",DeepFakeDetection,train,1
FaceForensics++_C23\DeepFakeDetection/20_25__outside_talking_still_laughing__M786RTSM.mp4,829,825,4,1,3,True,4,"[827, 690, 678, 0]",DeepFakeDetection,train,1
FaceForensics++_C23\DeepFakeDetection/20_25__outside_talking_still_laughing__RSCD7KXO.mp4,801,795,6,2,4,True,6,"[787, 799, 658, 668, 369, 0]",DeepFakeDetection,train,1
FaceForensics++_C23\DeepFakeDetection/20_25__talking_against_wall__AMY6M1KL.mp4,1109,1108,1,0,1,True,1,[0],DeepFakeDetection,train,1
FaceForensics++_C23\DeepFakeDetection/20_25__walk_down_hall_angry__DW2L6D2V.mp4,387,367,20,6,14,True,20,"[0, 386, 368, 369, 370, 372, 376, 371, 374, 375, 373, 377, 378, 379, 380, 382, 383, 384, 381, 385]",DeepFakeDetection,train,1
FaceForensics++_C23\DeepFakeDetection/20_25__walking_and_outside_surprised__RSCD7KXO.mp4,878,10,868,261,607,False,20,"[111, 115, 113, 110, 103, 119, 107, 114, 131, 99, 123, 109, 95, 4, 44, 122, 129, 126, 130, 106]",DeepFakeDetection,train,1
FaceForensics++_C23\DeepFakeDetection/20_25__walking_down_street_outside_angry__ZG0SRZOA.mp4,842,817,25,8,17,True,20,"[0, 841, 840, 838, 839, 818, 836, 834, 830, 835, 833, 832, 837, 822, 820, 828, 826, 829, 819, 831]",DeepFakeDetection,train,1
FaceForensics++_C23\DeepFakeDetection/20_26__outside_talking_pan_laughing__2VS0S1P5.mp4,725,432,293,88,205,False,20,"[0, 4, 2, 3, 8, 1, 5, 12, 6, 10, 7, 16, 11, 14, 250, 9, 13, 18, 15, 20]",DeepFakeDetection,train,1
FaceForensics++_C23\DeepFakeDetection/20_26__outside_talking_pan_laughing__KGFLR0PH.mp4,723,419,304,91,213,False,20,"[0, 4, 2, 3, 8, 5, 1, 12, 6, 10, 7, 16, 11, 14, 13, 250, 9, 15, 18, 17]",DeepFakeDetection,train,1
FaceForensics++_C23\DeepFakeDetection/20_26__talking_angry_couch__01OJA93K.mp4,1613,1612,1,0,1,True,1,[0],DeepFakeDetection,train,1
FaceForensics++_C23\DeepFakeDetection/20_26__talking_angry_couch__34DJQS3E.mp4,1618,1617,1,0,1,True,1,[0],DeepFakeDetection,train,1
FaceForensics++_C23\DeepFakeDetection/20_27__kitchen_pan__LM907ECA.mp4,650,356,294,88,206,False,20,"[28, 72, 25, 76, 24, 80, 73, 74, 68, 0, 71, 92, 70, 32, 75, 23, 88, 79, 77, 20]",DeepFakeDetection,train,1
FaceForensics++_C23\DeepFakeDetection/21_01__kitchen_pan__03X7CELV.mp4,640,400,240,72,168,False,20,"[13, 11, 18, 19, 17, 7, 14, 4, 6, 10, 56, 60, 0, 20, 15, 8, 12, 16, 32, 28]",DeepFakeDetection,train,1
FaceForensics++_C23\DeepFakeDetection/21_01__walk_down_hall_angry__03X7CELV.mp4,375,357,18,6,12,True,18,"[0, 364, 365, 363, 373, 362, 366, 361, 360, 367, 368, 359, 374, 370, 353, 369, 371, 372]",DeepFakeDetection,train,1
FaceForensics++_C23\DeepFakeDetection/21_02__kitchen_pan__Z0XHPQAR.mp4,643,407,236,71,165,False,20,"[12, 20, 19, 14, 18, 8, 15, 0, 16, 11, 58, 75, 7, 22, 59, 63, 56, 61, 40, 36]",DeepFakeDetection,train,1
FaceForensics++_C23\DeepFakeDetection/21_02__talking_angry_couch__Z0XHPQAR.mp4,1269,1266,3,1,2,True,3,"[0, 37, 69]",DeepFakeDetection,train,1
FaceForensics++_C23\DeepFakeDetection/21_03__hugging_happy__TEV3HIHZ.mp4,875,749,126,38,88,False,20,"[494, 68, 488, 69, 468, 484, 703, 707, 846, 698, 470, 115, 639, 114, 75, 605, 695, 692, 697, 290]",DeepFakeDetection,train,1
FaceForensics++_C23\DeepFakeDetection/21_03__kitchen_still__V53E3RVB.mp4,844,843,1,0,1,True,1,[0],DeepFakeDetection,train,1
FaceForensics++_C23\DeepFakeDetection/21_03__outside_talking_still_laughing__V53E3RVB.mp4,710,683,27,8,19,True,20,"[528, 258, 0, 428, 617, 288, 382, 592, 418, 443, 620, 419, 316, 640, 315, 295, 63, 463, 82, 35]",DeepFakeDetection,train,1
FaceForensics++_C23\DeepFakeDetection/21_03__walk_down_hall_angry__TEV3HIHZ.mp4,374,356,18,6,12,True,18,"[0, 364, 362, 363, 361, 360, 372, 365, 366, 358, 359, 352, 368, 367, 373, 369, 370, 371]",DeepFakeDetection,train,1
FaceForensics++_C23\DeepFakeDetection/21_03__walking_down_street_outside_angry__YCSEBZO4.mp4,477,456,21,6,15,True,20,"[0, 476, 473, 474, 454, 457, 456, 470, 469, 455, 475, 467, 471, 458, 466, 468, 472, 461, 459, 460]",DeepFakeDetection,train,1
FaceForensics++_C23\DeepFakeDetection/21_04__talking_angry_couch__HY1VWEJK.mp4,1267,1263,4,1,3,True,4,"[0, 41, 71, 39]",DeepFakeDetection,train,1
FaceForensics++_C23\DeepFakeDetection/21_06__walking_down_indoor_hall_disgust__058I9NIZ.mp4,1105,311,794,238,556,False,20,"[110, 107, 115, 1047, 116, 551, 701, 108, 705, 1051, 1048, 577, 109, 703, 1046, 106, 1049, 553, 1083, 704]",DeepFakeDetection,train,1
FaceForensics++_C23\DeepFakeDetection/21_06__walking_outside_cafe_disgusted__058I9NIZ.mp4,350,345,5,2,3,True,5,"[0, 329, 331, 348, 339]",DeepFakeDetection,train,1
FaceForensics++_C23\DeepFakeDetection/21_07__exit_phone_room__K7KXUHMU.mp4,479,471,8,3,5,True,8,"[0, 478, 472, 473, 474, 475, 477, 476]",DeepFakeDetection,train,1
FaceForensics++_C23\DeepFakeDetection/21_07__exit_phone_room__MKU99DVX.mp4,523,513,10,3,7,True,10,"[521, 14, 0, 522, 515, 516, 517, 518, 520, 519]",DeepFakeDetection,train,1
FaceForensics++_C23\DeepFakeDetection/21_07__kitchen_pan__K7KXUHMU.mp4,651,408,243,73,170,False,20,"[16, 20, 22, 14, 21, 17, 10, 24, 0, 60, 9, 8, 13, 18, 64, 62, 12, 72, 80, 68]",DeepFakeDetection,train,1
FaceForensics++_C23\DeepFakeDetection/21_07__kitchen_still__K7KXUHMU.mp4,846,845,1,0,1,True,1,[0],DeepFakeDetection,train,1
FaceForensics++_C23\DeepFakeDetection/21_07__talking_against_wall__CRGVSDBI.mp4,906,905,1,0,1,True,1,[0],DeepFakeDetection,train,1
FaceForensics++_C23\DeepFakeDetection/21_07__talking_angry_couch__MKU99DVX.mp4,1272,1269,3,1,2,True,3,"[0, 40, 73]",DeepFakeDetection,train,1
FaceForensics++_C23\DeepFakeDetection/21_07__walking_down_street_outside_angry__MKU99DVX.mp4,492,469,23,7,16,True,20,"[0, 469, 491, 472, 489, 488, 471, 473, 482, 470, 484, 485, 483, 490, 479, 487, 476, 486, 474, 481]",DeepFakeDetection,train,1
FaceForensics++_C23\DeepFakeDetection/21_09__hugging_happy__O9ER29Z6.mp4,863,732,131,39,92,False,20,"[694, 504, 503, 693, 499, 70, 483, 696, 71, 695, 703, 699, 650, 117, 116, 486, 617, 614, 77, 833]",DeepFakeDetection,train,1
FaceForensics++_C23\DeepFakeDetection/21_09__kitchen_pan__Z8H2TRCI.mp4,653,407,246,74,172,False,20,"[24, 16, 23, 22, 18, 12, 19, 20, 11, 15, 83, 64, 0, 99, 75, 4, 69, 67, 95, 9]",DeepFakeDetection,train,1
FaceForensics++_C23\DeepFakeDetection/21_09__kitchen_still__LBQF8ZN1.mp4,845,844,1,0,1,True,1,[0],DeepFakeDetection,train,1
FaceForensics++_C23\DeepFakeDetection/21_09__outside_talking_still_laughing__O9ER29Z6.mp4,660,628,32,10,22,False,20,"[0, 577, 401, 397, 375, 554, 365, 515, 634, 416, 579, 271, 396, 304, 595, 285, 303, 254, 438, 498]",DeepFakeDetection,train,1
FaceForensics++_C23\DeepFakeDetection/21_09__talking_against_wall__JEELOMN2.mp4,906,905,1,0,1,True,1,[0],DeepFakeDetection,train,1
FaceForensics++_C23\DeepFakeDetection/21_09__talking_against_wall__LBQF8ZN1.mp4,905,903,2,1,1,True,2,"[0, 20]",DeepFakeDetection,train,1
FaceForensics++_C23\DeepFakeDetection/21_09__walking_down_street_outside_angry__JEELOMN2.mp4,477,456,21,6,15,True,20,"[0, 476, 454, 474, 473, 470, 457, 469, 456, 455, 458, 468, 475, 467, 472, 462, 461, 471, 466, 460]",DeepFakeDetection,train,1
FaceForensics++_C23\DeepFakeDetection/21_09__walking_outside_cafe_disgusted__J7SQKGUR.mp4,349,345,4,1,3,True,4,"[0, 330, 347, 338]",DeepFakeDetection,train,1
FaceForensics++_C23\DeepFakeDetection/21_09__walking_outside_cafe_disgusted__JEELOMN2.mp4,374,369,5,2,3,True,5,"[0, 354, 355, 372, 363]",DeepFakeDetection,train,1
FaceForensics++_C23\DeepFakeDetection/21_09__walking_outside_cafe_disgusted__Z8H2TRCI.mp4,346,341,5,2,3,True,5,"[0, 325, 328, 345, 336]",DeepFakeDetection,train,1
FaceForensics++_C23\DeepFakeDetection/21_11__podium_speech_happy__T7DK03O1.mp4,1578,1570,8,3,5,True,8,"[0, 1570, 1575, 1574, 1569, 1571, 1573, 1572]",DeepFakeDetection,train,1
FaceForensics++_C23\DeepFakeDetection/21_11__walking_down_indoor_hall_disgust__T7DK03O1.mp4,968,262,706,212,494,False,20,"[109, 106, 114, 528, 681, 685, 554, 107, 108, 683, 684, 530, 105, 531, 508, 604, 686, 529, 559, 532]",DeepFakeDetection,train,1
FaceForensics++_C23\DeepFakeDetection/21_11__walking_down_street_outside_angry__USLHUQDI.mp4,459,438,21,6,15,True,20,"[0, 458, 436, 455, 456, 439, 452, 438, 449, 451, 437, 457, 453, 448, 450, 440, 454, 443, 442, 447]",DeepFakeDetection,train,1
FaceForensics++_C23\DeepFakeDetection/21_11__walking_outside_cafe_disgusted__T7DK03O1.mp4,372,368,4,1,3,True,4,"[0, 354, 371, 362]",DeepFakeDetection,train,1
FaceForensics++_C23\DeepFakeDetection/21_14__exit_phone_room__IRKML4J0.mp4,518,509,9,3,6,True,9,"[517, 0, 12, 511, 512, 513, 514, 516, 515]",DeepFakeDetection,train,1
FaceForensics++_C23\DeepFakeDetection/21_14__hugging_happy__N0WM4GSV.mp4,876,745,131,39,92,False,20,"[504, 712, 508, 488, 250, 703, 73, 700, 74, 626, 119, 659, 705, 491, 254, 709, 817, 706, 857, 251]",DeepFakeDetection,train,1
FaceForensics++_C23\DeepFakeDetection/21_14__kitchen_still__IRKML4J0.mp4,843,842,1,0,1,True,1,[0],DeepFakeDetection,train,1
FaceForensics++_C23\DeepFakeDetection/21_14__podium_speech_happy__N0WM4GSV.mp4,1577,1570,7,2,5,True,7,"[0, 1569, 1574, 1573, 1570, 1572, 1571]",DeepFakeDetection,train,1
FaceForensics++_C23\DeepFakeDetection/21_15__kitchen_pan__87WSBJP3.mp4,655,408,247,74,173,False,20,"[24, 16, 22, 23, 18, 12, 19, 20, 15, 64, 68, 0, 66, 72, 60, 26, 4, 11, 76, 62]",DeepFakeDetection,train,1
FaceForensics++_C23\DeepFakeDetection/21_15__outside_talking_pan_laughing__87WSBJP3.mp4,506,348,158,48,110,False,20,"[0, 4, 1, 2, 8, 3, 6, 5, 7, 12, 16, 10, 9, 11, 13, 20, 18, 17, 15, 14]",DeepFakeDetection,train,1
FaceForensics++_C23\DeepFakeDetection/21_15__walking_down_indoor_hall_disgust__87WSBJP3.mp4,912,264,648,195,453,False,20,"[84, 90, 855, 512, 857, 856, 510, 859, 853, 92, 89, 890, 447, 83, 387, 509, 82, 80, 511, 393]",DeepFakeDetection,train,1
FaceForensics++_C23\DeepFakeDetection/21_15__walking_outside_cafe_disgusted__87WSBJP3.mp4,375,371,4,1,3,True,4,"[0, 356, 373, 364]",DeepFakeDetection,train,1
FaceForensics++_C23\DeepFakeDetection/21_18__walking_down_indoor_hall_disgust__PQFTWVRQ.mp4,1087,292,795,239,556,False,20,"[1030, 559, 108, 109, 1026, 1029, 543, 1028, 690, 1034, 112, 598, 104, 688, 533, 535, 120, 1066, 113, 1031]",DeepFakeDetection,train,1
FaceForensics++_C23\DeepFakeDetection/21_25__walk_down_hall_angry__NFBISHIN.mp4,363,346,17,5,12,True,17,"[0, 354, 352, 353, 351, 350, 361, 355, 356, 348, 349, 342, 357, 358, 362, 359, 360]",DeepFakeDetection,train,1
FaceForensics++_C23\DeepFakeDetection/21_25__walking_down_street_outside_angry__NFBISHIN.mp4,477,456,21,6,15,True,20,"[0, 454, 476, 473, 470, 457, 474, 475, 456, 469, 455, 458, 467, 466, 468, 471, 461, 472, 460, 462]",DeepFakeDetection,train,1
FaceForensics++_C23\DeepFakeDetection/22_10__exit_phone_room__8YQ2EUQP.mp4,773,772,1,0,1,True,1,[0],DeepFakeDetection,test,1
FaceForensics++_C23\DeepFakeDetection/22_10__outside_talking_pan_laughing__8YQ2EUQP.mp4,601,255,346,104,242,False,20,"[0, 500, 364, 360, 372, 373, 362, 374, 434, 430, 4, 1, 442, 504, 422, 438, 406, 458, 426, 381]",DeepFakeDetection,test,1
FaceForensics++_C23\DeepFakeDetection/22_10__walk_down_hall_angry__FY7YI0AJ.mp4,420,398,22,7,15,True,20,"[398, 397, 419, 418, 404, 399, 401, 402, 400, 407, 408, 403, 410, 411, 417, 409, 412, 416, 413, 415]",DeepFakeDetection,test,1
FaceForensics++_C23\DeepFakeDetection/22_10__walking_and_outside_surprised__C1U7OY5M.mp4,642,4,638,192,446,False,20,"[0, 8, 4, 24, 10, 32, 12, 28, 9, 1, 11, 185, 173, 52, 169, 188, 177, 6, 26, 16]",DeepFakeDetection,test,1
FaceForensics++_C23\DeepFakeDetection/22_19__walk_down_hall_angry__VK6BF5NV.mp4,398,376,22,7,15,True,20,"[376, 378, 377, 382, 397, 380, 384, 383, 386, 379, 381, 387, 389, 388, 390, 391, 395, 396, 392, 394]",DeepFakeDetection,test,1
FaceForensics++_C23\DeepFakeDetection/22_23__exit_phone_room__X2ZN5Q31.mp4,772,771,1,0,1,True,1,[0],DeepFakeDetection,test,1
FaceForensics++_C23\DeepFakeDetection/22_23__kitchen_pan__TU7RHG0S.mp4,656,418,238,72,166,False,20,"[37, 39, 16, 4, 9, 18, 12, 0, 17, 22, 6, 28, 32, 21, 25, 3, 2, 31, 8, 13]",DeepFakeDetection,test,1
FaceForensics++_C23\DeepFakeDetection/22_23__outside_talking_pan_laughing__J671JKCH.mp4,579,248,331,99,232,False,20,"[0, 336, 4, 1, 500, 422, 414, 339, 352, 418, 410, 390, 341, 406, 504, 8, 402, 412, 404, 391]",DeepFakeDetection,test,1
FaceForensics++_C23\DeepFakeDetection/22_23__outside_talking_pan_laughing__TU7RHG0S.mp4,594,249,345,104,241,False,20,"[0, 354, 500, 344, 356, 430, 426, 402, 1, 367, 351, 4, 438, 434, 414, 416, 418, 428, 376, 450]",DeepFakeDetection,test,1
FaceForensics++_C23\DeepFakeDetection/22_23__outside_talking_still_laughing__10R2HRAU.mp4,535,529,6,2,4,True,6,"[511, 513, 512, 522, 523, 0]",DeepFakeDetection,test,1
FaceForensics++_C23\DeepFakeDetection/22_23__outside_talking_still_laughing__W9MT3Q5K.mp4,584,578,6,2,4,True,6,"[555, 575, 554, 569, 0, 553]",DeepFakeDetection,test,1
FaceForensics++_C23\DeepFakeDetection/22_23__walking_and_outside_surprised__NUTQ0HJ5.mp4,753,5,748,225,523,False,20,"[0, 8, 4, 24, 28, 10, 12, 9, 1, 11, 273, 106, 262, 258, 52, 114, 102, 23, 6, 25]",DeepFakeDetection,test,1
FaceForensics++_C23\DeepFakeDetection/22_24__kitchen_pan__XL557XC6.mp4,677,439,238,72,166,False,20,"[39, 41, 12, 28, 20, 8, 34, 24, 19, 21, 16, 32, 4, 0, 6, 25, 29, 15, 5, 2]",DeepFakeDetection,test,1
FaceForensics++_C23\DeepFakeDetection/22_24__outside_talking_still_laughing__XL557XC6.mp4,565,559,6,2,4,True,6,"[543, 541, 542, 554, 551, 0]",DeepFakeDetection,test,1
FaceForensics++_C23\DeepFakeDetection/22_24__walking_and_outside_surprised__7E3GY85F.mp4,738,5,733,220,513,False,20,"[0, 24, 8, 4, 10, 20, 48, 136, 9, 12, 1, 11, 23, 22, 25, 263, 6, 112, 255, 244]",DeepFakeDetection,test,1
FaceForensics++_C23\DeepFakeDetection/22_24__walking_and_outside_surprised__XL557XC6.mp4,740,5,735,221,514,False,20,"[0, 8, 28, 4, 10, 51, 262, 139, 9, 24, 12, 11, 1, 266, 79, 27, 6, 16, 26, 22]",DeepFakeDetection,test,1
FaceForensics++_C23\DeepFakeDetection/22_24__walking_down_street_outside_angry__7E3GY85F.mp4,899,886,13,4,9,True,13,"[0, 898, 897, 896, 894, 890, 888, 892, 893, 889, 891, 895, 887]",DeepFakeDetection,test,1
FaceForensics++_C23\DeepFakeDetection/22_24__walking_down_street_outside_angry__XL557XC6.mp4,849,836,13,4,9,True,13,"[0, 848, 847, 846, 842, 844, 838, 840, 843, 839, 841, 845, 837]",DeepFakeDetection,test,1
FaceForensics++_C23\DeepFakeDetection/23_10__outside_talking_pan_laughing__ZHJO34DY.mp4,577,305,272,82,190,False,20,"[0, 1, 2, 4, 252, 8, 6, 5, 3, 7, 12, 9, 16, 10, 14, 11, 13, 20, 15, 21]",DeepFakeDetection,test,1
FaceForensics++_C23\DeepFakeDetection/23_19__hugging_happy__H4SUVFTL.mp4,1018,749,269,81,188,False,20,"[1000, 0, 776, 177, 648, 675, 758, 434, 882, 884, 885, 342, 346, 172, 302, 507, 176, 426, 814, 812]",DeepFakeDetection,test,1
FaceForensics++_C23\DeepFakeDetection/23_19__secret_conversation__H4SUVFTL.mp4,939,937,2,1,1,True,2,"[0, 17]",DeepFakeDetection,test,1
FaceForensics++_C23\DeepFakeDetection/23_19__talking_angry_couch__WHQ1229T.mp4,1155,1131,24,7,17,True,20,"[0, 771, 810, 1148, 1147, 1149, 52, 477, 44, 64, 422, 51, 420, 48, 62, 50, 47, 421, 418, 45]",DeepFakeDetection,test,1
FaceForensics++_C23\DeepFakeDetection/23_19__walk_down_hall_angry__H4SUVFTL.mp4,539,538,1,0,1,True,1,[0],DeepFakeDetection,test,1
FaceForensics++_C23\DeepFakeDetection/23_19__walking_and_outside_surprised__F7U8UY7V.mp4,801,2,799,240,559,False,20,"[0, 8, 10, 4, 32, 12, 87, 435, 55, 9, 395, 1, 459, 11, 403, 24, 135, 399, 374, 26]",DeepFakeDetection,test,1
FaceForensics++_C23\DeepFakeDetection/23_19__walking_and_outside_surprised__H4SUVFTL.mp4,1074,5,1069,321,748,False,20,"[0, 8, 10, 32, 4, 12, 87, 435, 55, 9, 1, 395, 459, 11, 403, 28, 135, 24, 26, 374]",DeepFakeDetection,test,1
FaceForensics++_C23\DeepFakeDetection/23_19__walking_down_indoor_hall_disgust__H4SUVFTL.mp4,1215,368,847,254,593,False,20,"[806, 765, 805, 804, 761, 172, 803, 300, 807, 176, 763, 762, 766, 764, 302, 981, 760, 346, 810, 808]",DeepFakeDetection,test,1
FaceForensics++_C23\DeepFakeDetection/23_19__walking_outside_cafe_disgusted__WHQ1229T.mp4,584,562,22,7,15,True,20,"[570, 568, 571, 572, 564, 0, 566, 569, 565, 567, 563, 573, 574, 580, 583, 576, 581, 578, 579, 575]",DeepFakeDetection,test,1
FaceForensics++_C23\DeepFakeDetection/23_22__kitchen_still__X2ZN5Q31.mp4,1035,1000,35,11,24,False,20,"[0, 1034, 1032, 1033, 1031, 1030, 1002, 1001, 1004, 1029, 1028, 1003, 1027, 1008, 1005, 1006, 1026, 1012, 1007, 1010]",DeepFakeDetection,test,1
FaceForensics++_C23\DeepFakeDetection/23_22__talking_against_wall__AKZRL2QD.mp4,1025,1024,1,0,1,True,1,[0],DeepFakeDetection,test,1
FaceForensics++_C23\DeepFakeDetection/23_22__walking_and_outside_surprised__J671JKCH.mp4,800,2,798,240,558,False,20,"[0, 8, 32, 10, 12, 4, 87, 435, 55, 9, 395, 11, 1, 459, 403, 374, 24, 399, 451, 26]",DeepFakeDetection,test,1
FaceForensics++_C23\DeepFakeDetection/23_24__kitchen_pan__YR5OVD4S.mp4,782,545,237,71,166,False,20,"[23, 20, 26, 12, 16, 18, 52, 24, 36, 25, 15, 0, 56, 40, 48, 4, 44, 19, 17, 32]",DeepFakeDetection,test,1
FaceForensics++_C23\DeepFakeDetection/23_24__kitchen_still__YR5OVD4S.mp4,1035,1000,35,11,24,False,20,"[0, 1034, 1031, 1032, 1033, 1002, 1001, 1030, 1029, 1004, 1028, 1003, 1027, 1008, 1005, 1012, 1026, 1006, 1007, 1025]",DeepFakeDetection,test,1
FaceForensics++_C23\DeepFakeDetection/23_24__talking_angry_couch__MDSDXSNU.mp4,1155,1131,24,7,17,True,20,"[0, 810, 771, 1148, 1147, 52, 477, 1149, 44, 64, 422, 51, 420, 48, 421, 62, 50, 47, 419, 418]",DeepFakeDetection,test,1
FaceForensics++_C23\DeepFakeDetection/23_24__talking_angry_couch__YR5OVD4S.mp4,1155,1131,24,7,17,True,20,"[0, 771, 810, 1148, 1147, 1149, 477, 52, 44, 64, 422, 51, 420, 421, 48, 62, 47, 50, 418, 45]",DeepFakeDetection,test,1
FaceForensics++_C23\DeepFakeDetection/24_10__walking_down_street_outside_angry__356HPS7R.mp4,941,925,16,5,11,True,16,"[0, 940, 938, 939, 937, 934, 936, 935, 926, 933, 930, 932, 927, 931, 929, 928]",DeepFakeDetection,test,1
FaceForensics++_C23\DeepFakeDetection/24_19__exit_phone_room__0ZFOV5ZE.mp4,494,485,9,3,6,True,9,"[486, 487, 488, 0, 489, 493, 490, 491, 492]",DeepFakeDetection,test,1
FaceForensics++_C23\DeepFakeDetection/24_19__exit_phone_room__QD5K7BP2.mp4,516,504,12,4,8,True,12,"[505, 506, 507, 508, 515, 0, 513, 509, 514, 510, 511, 512]",DeepFakeDetection,test,1
FaceForensics++_C23\DeepFakeDetection/24_19__kitchen_pan__QD5K7BP2.mp4,721,483,238,72,166,False,20,"[20, 34, 24, 38, 35, 22, 27, 25, 26, 36, 48, 28, 19, 52, 32, 30, 56, 33, 44, 64]",DeepFakeDetection,test,1
FaceForensics++_C23\DeepFakeDetection/24_19__outside_talking_pan_laughing__LVZNRK9S.mp4,651,435,216,65,151,False,20,"[0, 4, 2, 8, 1, 12, 3, 6, 7, 438, 10, 5, 9, 442, 11, 440, 444, 441, 28, 466]",DeepFakeDetection,test,1
FaceForensics++_C23\DeepFakeDetection/24_19__outside_talking_still_laughing__NPZW2Z9L.mp4,837,836,1,0,1,True,1,[0],DeepFakeDetection,test,1
FaceForensics++_C23\DeepFakeDetection/24_19__outside_talking_still_laughing__RKQTC50P.mp4,844,843,1,0,1,True,1,[0],DeepFakeDetection,test,1
FaceForensics++_C23\DeepFakeDetection/24_19__secret_conversation__LVZNRK9S.mp4,415,414,1,0,1,True,1,[0],DeepFakeDetection,test,1
FaceForensics++_C23\DeepFakeDetection/24_19__secret_conversation__NPZW2Z9L.mp4,11,9,2,1,1,True,2,"[0, 10]",DeepFakeDetection,test,1
FaceForensics++_C23\DeepFakeDetection/24_19__secret_conversation__QD5K7BP2.mp4,13,11,2,1,1,True,2,"[0, 12]",DeepFakeDetection,test,1
FaceForensics++_C23\DeepFakeDetection/24_19__talking_against_wall__QD5K7BP2.mp4,1072,1071,1,0,1,True,1,[0],DeepFakeDetection,test,1
FaceForensics++_C23\DeepFakeDetection/24_19__walk_down_hall_angry__OF8LF68K.mp4,398,386,12,4,8,True,12,"[383, 389, 390, 388, 391, 397, 392, 393, 394, 395, 396, 0]",DeepFakeDetection,test,1
FaceForensics++_C23\DeepFakeDetection/24_19__walk_down_hall_angry__QD5K7BP2.mp4,400,389,11,3,8,True,11,"[391, 392, 390, 393, 395, 399, 394, 396, 397, 398, 0]",DeepFakeDetection,test,1
FaceForensics++_C23\DeepFakeDetection/24_19__walking_down_street_outside_angry__GNHYZ84G.mp4,924,907,17,5,12,True,17,"[0, 923, 922, 921, 920, 919, 918, 908, 910, 916, 917, 914, 909, 913, 912, 915, 911]",DeepFakeDetection,test,1
FaceForensics++_C23\DeepFakeDetection/24_19__walking_down_street_outside_angry__QD5K7BP2.mp4,924,908,16,5,11,True,16,"[0, 923, 922, 921, 919, 920, 918, 914, 916, 910, 917, 909, 912, 913, 915, 911]",DeepFakeDetection,test,1
FaceForensics++_C23\DeepFakeDetection/24_19__walking_outside_cafe_disgusted__GNHYZ84G.mp4,731,689,42,13,29,False,20,"[314, 297, 316, 315, 313, 310, 312, 0, 317, 305, 311, 183, 182, 309, 306, 172, 174, 171, 173, 119]",DeepFakeDetection,test,1
FaceForensics++_C23\DeepFakeDetection/24_19__walking_outside_cafe_disgusted__NPZW2Z9L.mp4,745,704,41,12,29,False,20,"[334, 330, 316, 332, 333, 331, 335, 328, 323, 329, 0, 202, 201, 327, 324, 192, 193, 191, 197, 180]",DeepFakeDetection,test,1
FaceForensics++_C23\DeepFakeDetection/24_22__kitchen_pan__XL557XC6.mp4,741,502,239,72,167,False,20,"[36, 21, 35, 39, 28, 25, 23, 26, 20, 27, 34, 40, 56, 52, 48, 44, 60, 24, 72, 38]",DeepFakeDetection,test,1
FaceForensics++_C23\DeepFakeDetection/24_22__walk_down_hall_angry__7E3GY85F.mp4,399,387,12,4,8,True,12,"[384, 389, 391, 390, 392, 393, 398, 394, 396, 395, 397, 0]",DeepFakeDetection,test,1
FaceForensics++_C23\DeepFakeDetection/24_22__walking_outside_cafe_disgusted__XL557XC6.mp4,721,680,41,12,29,False,20,"[302, 284, 298, 300, 301, 292, 304, 303, 299, 297, 0, 171, 170, 296, 293, 160, 162, 159, 96, 161]",DeepFakeDetection,test,1
FaceForensics++_C23\DeepFakeDetection/24_23__kitchen_still__YR5OVD4S.mp4,784,776,8,3,5,True,8,"[0, 6, 7, 392, 335, 61, 57, 58]",DeepFakeDetection,test,1
FaceForensics++_C23\DeepFakeDetection/24_23__outside_talking_still_laughing__YR5OVD4S.mp4,849,848,1,0,1,True,1,[0],DeepFakeDetection,test,1
FaceForensics++_C23\DeepFakeDetection/24_23__podium_speech_happy__YR5OVD4S.mp4,1122,1121,1,0,1,True,1,[0],DeepFakeDetection,test,1
FaceForensics++_C23\DeepFakeDetection/24_23__walking_down_street_outside_angry__YR5OVD4S.mp4,906,890,16,5,11,True,16,"[0, 905, 903, 904, 901, 902, 897, 899, 898, 900, 891, 892, 895, 896, 894, 893]",DeepFakeDetection,test,1
FaceForensics++_C23\DeepFakeDetection/25_02__talking_against_wall__Z7FQ69VP.mp4,234,225,9,3,6,True,9,"[0, 142, 170, 69, 226, 52, 68, 54, 120]",DeepFakeDetection,train,1
FaceForensics++_C23\DeepFakeDetection/25_02__walking_outside_cafe_disgusted__Z7FQ69VP.mp4,304,283,21,6,15,True,20,"[144, 246, 145, 152, 0, 156, 43, 160, 161, 158, 154, 153, 159, 157, 155, 298, 303, 299, 300, 302]",DeepFakeDetection,train,1
FaceForensics++_C23\DeepFakeDetection/25_06__outside_talking_pan_laughing__MI9BDQ7M.mp4,291,170,121,36,85,False,20,"[92, 0, 93, 4, 175, 2, 1, 8, 181, 12, 3, 6, 184, 16, 20, 5, 18, 17, 22, 14]",DeepFakeDetection,train,1
FaceForensics++_C23\DeepFakeDetection/25_06__outside_talking_still_laughing__MI9BDQ7M.mp4,354,313,41,12,29,False,20,"[320, 303, 282, 250, 305, 306, 285, 318, 263, 0, 261, 262, 260, 224, 42, 222, 135, 210, 216, 208]",DeepFakeDetection,train,1
FaceForensics++_C23\DeepFakeDetection/25_09__outside_talking_still_laughing__ODAQ7BZL.mp4,317,278,39,12,27,False,20,"[286, 251, 271, 270, 252, 284, 283, 0, 34, 31, 120, 201, 187, 199, 186, 216, 194, 243, 235, 215]",DeepFakeDetection,train,1
FaceForensics++_C23\DeepFakeDetection/25_09__secret_conversation__ODAQ7BZL.mp4,489,479,10,3,7,True,10,"[394, 420, 32, 392, 417, 3, 53, 85, 0, 390]",DeepFakeDetection,train,1
FaceForensics++_C23\DeepFakeDetection/25_09__talking_against_wall__ODAQ7BZL.mp4,227,218,9,3,6,True,9,"[0, 132, 162, 70, 68, 52, 218, 111, 54]",DeepFakeDetection,train,1
FaceForensics++_C23\DeepFakeDetection/25_12__secret_conversation__0SA36BZ5.mp4,59,49,10,3,7,True,10,"[16, 17, 27, 0, 9, 54, 26, 57, 56, 1]",DeepFakeDetection,train,1
FaceForensics++_C23\DeepFakeDetection/25_12__secret_conversation__MA71PDNV.mp4,143,125,18,6,12,True,18,"[46, 2, 26, 68, 25, 131, 136, 69, 130, 1, 9, 129, 24, 139, 21, 22, 0, 127]",DeepFakeDetection,train,1
FaceForensics++_C23\DeepFakeDetection/25_12__walking_down_street_outside_angry__MA71PDNV.mp4,264,263,1,0,1,True,1,[0],DeepFakeDetection,train,1
FaceForensics++_C23\DeepFakeDetection/25_15__walk_down_hall_angry__BXVA6VQB.mp4,456,443,13,4,9,True,13,"[0, 440, 41, 454, 455, 448, 450, 446, 447, 449, 451, 453, 452]",DeepFakeDetection,train,1
FaceForensics++_C23\DeepFakeDetection/25_15__walking_down_street_outside_angry__FF95NMIQ.mp4,394,393,1,0,1,True,1,[0],DeepFakeDetection,train,1
FaceForensics++_C23\DeepFakeDetection/25_18__outside_talking_pan_laughing__SEGFKFJG.mp4,295,172,123,37,86,False,20,"[0, 90, 91, 4, 174, 179, 1, 2, 8, 6, 20, 3, 10, 16, 12, 9, 19, 5, 18, 15]",DeepFakeDetection,train,1
FaceForensics++_C23\DeepFakeDetection/25_18__talking_against_wall__SEGFKFJG.mp4,240,229,11,3,8,True,11,"[0, 175, 141, 70, 78, 68, 55, 140, 56, 121, 134]",DeepFakeDetection,train,1
FaceForensics++_C23\DeepFakeDetection/25_18__walk_down_hall_angry__AUC0HY5T.mp4,432,419,13,4,9,True,13,"[0, 31, 416, 431, 430, 424, 426, 422, 423, 425, 427, 428, 429]",DeepFakeDetection,train,1
FaceForensics++_C23\DeepFakeDetection/25_20__outside_talking_still_laughing__NPM0ENKD.mp4,345,308,37,11,26,False,20,"[310, 294, 273, 297, 296, 254, 276, 250, 0, 252, 251, 253, 42, 219, 217, 206, 210, 205, 224, 236]",DeepFakeDetection,train,1
FaceForensics++_C23\DeepFakeDetection/25_20__talking_against_wall__CYKLS79C.mp4,220,212,8,3,5,True,8,"[0, 125, 64, 159, 112, 69, 51, 107]",DeepFakeDetection,train,1
FaceForensics++_C23\DeepFakeDetection/25_20__talking_against_wall__MUS0X71T.mp4,242,232,10,3,7,True,10,"[0, 140, 179, 76, 69, 54, 68, 233, 55, 120]",DeepFakeDetection,train,1
FaceForensics++_C23\DeepFakeDetection/25_20__talking_against_wall__ZG0SRZOA.mp4,233,224,9,3,6,True,9,"[0, 137, 169, 70, 74, 68, 55, 115, 56]",DeepFakeDetection,train,1
FaceForensics++_C23\DeepFakeDetection/25_20__walking_outside_cafe_disgusted__AMY6M1KL.mp4,273,252,21,6,15,True,20,"[120, 217, 119, 124, 16, 0, 19, 128, 127, 134, 132, 137, 130, 133, 131, 129, 268, 269, 270, 272]",DeepFakeDetection,train,1
FaceForensics++_C23\DeepFakeDetection/25_20__walking_outside_cafe_disgusted__RSCD7KXO.mp4,289,267,22,7,15,True,20,"[232, 134, 67, 0, 23, 144, 148, 150, 34, 141, 142, 143, 147, 146, 158, 149, 145, 284, 285, 286]",DeepFakeDetection,train,1
FaceForensics++_C23\DeepFakeDetection/25_21__outside_talking_pan_laughing__2R46UX3R.mp4,286,164,122,37,85,False,20,"[89, 0, 90, 4, 174, 2, 8, 1, 12, 180, 6, 16, 3, 5, 17, 22, 9, 10, 21, 183]",DeepFakeDetection,train,1
FaceForensics++_C23\DeepFakeDetection/25_21__talking_against_wall__NFBISHIN.mp4,215,204,11,3,8,True,11,"[0, 128, 158, 67, 63, 48, 62, 207, 106, 127, 49]",DeepFakeDetection,train,1
FaceForensics++_C23\DeepFakeDetection/25_21__walking_outside_cafe_disgusted__2R46UX3R.mp4,294,276,18,6,12,True,18,"[143, 239, 147, 0, 152, 157, 156, 45, 150, 154, 151, 155, 153, 289, 290, 291, 293, 292]",DeepFakeDetection,train,1
FaceForensics++_C23\DeepFakeDetection/25_26__exit_phone_room__7ZRKCFMS.mp4,331,319,12,4,8,True,12,"[32, 29, 321, 4, 0, 330, 329, 328, 324, 327, 326, 325]",DeepFakeDetection,train,1
FaceForensics++_C23\DeepFakeDetection/25_26__outside_talking_still_laughing__0UFFR3U1.mp4,343,304,39,12,27,False,20,"[289, 292, 307, 291, 269, 272, 250, 304, 303, 0, 40, 132, 214, 212, 201, 200, 204, 231, 218, 215]",DeepFakeDetection,train,1
FaceForensics++_C23\DeepFakeDetection/25_26__podium_speech_happy__PQ41U3IJ.mp4,1521,1520,1,0,1,True,1,[0],DeepFakeDetection,train,1
FaceForensics++_C23\DeepFakeDetection/25_26__walking_outside_cafe_disgusted__7ZRKCFMS.mp4,278,257,21,6,15,True,20,"[220, 123, 122, 0, 132, 136, 130, 22, 139, 131, 138, 134, 137, 147, 135, 133, 273, 274, 275, 277]",DeepFakeDetection,train,1
FaceForensics++_C23\DeepFakeDetection/25_27__outside_talking_pan_laughing__1KU29EUL.mp4,292,175,117,35,82,False,20,"[0, 89, 4, 90, 8, 175, 2, 1, 180, 6, 12, 3, 16, 5, 10, 20, 185, 17, 14, 22]",DeepFakeDetection,train,1
FaceForensics++_C23\DeepFakeDetection/25_27__outside_talking_pan_laughing__GNIMW95Z.mp4,288,167,121,36,85,False,20,"[0, 89, 91, 4, 175, 8, 2, 90, 1, 179, 12, 16, 6, 3, 20, 181, 5, 17, 22, 14]",DeepFakeDetection,train,1
FaceForensics++_C23\DeepFakeDetection/25_27__talking_against_wall__ZTV6TUQ9.mp4,238,231,7,2,5,True,7,"[0, 146, 174, 73, 122, 71, 57]",DeepFakeDetection,train,1
FaceForensics++_C23\DeepFakeDetection/25_27__walk_down_hall_angry__1KU29EUL.mp4,426,413,13,4,9,True,13,"[0, 17, 410, 424, 425, 418, 420, 416, 417, 419, 421, 422, 423]",DeepFakeDetection,train,1
FaceForensics++_C23\DeepFakeDetection/26_01__secret_conversation__BTVMWLG6.mp4,1125,1124,1,0,1,True,1,[0],DeepFakeDetection,train,1
FaceForensics++_C23\DeepFakeDetection/26_03__kitchen_pan__WBSXBL82.mp4,660,440,220,66,154,False,20,"[52, 56, 51, 48, 50, 54, 55, 60, 53, 40, 36, 32, 49, 57, 58, 16, 39, 47, 59, 38]",DeepFakeDetection,train,1
FaceForensics++_C23\DeepFakeDetection/26_03__talking_angry_couch__WBSXBL82.mp4,1452,1423,29,9,20,False,20,"[0, 286, 280, 282, 1058, 289, 284, 288, 330, 283, 281, 927, 855, 285, 265, 262, 287, 264, 1029, 567]",DeepFakeDetection,train,1
FaceForensics++_C23\DeepFakeDetection/26_03__walk_down_hall_angry__WBSXBL82.mp4,352,339,13,4,9,True,13,"[349, 351, 340, 341, 342, 343, 344, 345, 350, 348, 347, 346, 0]",DeepFakeDetection,train,1
FaceForensics++_C23\DeepFakeDetection/26_04__kitchen_still__WX836VLY.mp4,836,835,1,0,1,True,1,[0],DeepFakeDetection,train,1
FaceForensics++_C23\DeepFakeDetection/26_04__outside_talking_still_laughing__WX836VLY.mp4,485,414,71,21,50,False,20,"[257, 250, 278, 272, 300, 313, 314, 308, 370, 360, 327, 316, 372, 381, 374, 367, 324, 317, 323, 388]",DeepFakeDetection,train,1
FaceForensics++_C23\DeepFakeDetection/26_04__talking_against_wall__WX836VLY.mp4,1295,1294,1,0,1,True,1,[0],DeepFakeDetection,train,1
FaceForensics++_C23\DeepFakeDetection/26_04__walking_down_street_outside_angry__WX836VLY.mp4,431,409,22,7,15,True,20,"[0, 410, 411, 412, 413, 414, 415, 416, 417, 418, 430, 429, 428, 422, 424, 425, 419, 423, 421, 420]",DeepFakeDetection,train,1
FaceForensics++_C23\DeepFakeDetection/26_04__walking_outside_cafe_disgusted__MS2MLJP1.mp4,508,481,27,8,19,True,20,"[507, 506, 505, 504, 503, 500, 502, 485, 486, 499, 501, 498, 487, 497, 496, 488, 0, 495, 489, 494]",DeepFakeDetection,train,1
FaceForensics++_C23\DeepFakeDetection/26_06__kitchen_still__L5BVR5L9.mp4,857,856,1,0,1,True,1,[0],DeepFakeDetection,train,1
FaceForensics++_C23\DeepFakeDetection/26_06__podium_speech_happy__L5BVR5L9.mp4,1087,1078,9,3,6,True,9,"[0, 1079, 1080, 1081, 1086, 1082, 1083, 1084, 1085]",DeepFakeDetection,train,1
FaceForensics++_C23\DeepFakeDetection/26_06__walk_down_hall_angry__L5BVR5L9.mp4,360,347,13,4,9,True,13,"[357, 359, 349, 350, 348, 352, 351, 358, 353, 356, 355, 354, 0]",DeepFakeDetection,train,1
FaceForensics++_C23\DeepFakeDetection/26_07__kitchen_pan__FGNGC2GT.mp4,660,442,218,66,152,False,20,"[52, 56, 60, 54, 53, 40, 50, 55, 58, 48, 57, 62, 51, 36, 44, 59, 42, 32, 16, 34]",DeepFakeDetection,train,1
FaceForensics++_C23\DeepFakeDetection/26_09__talking_against_wall__C3K20JOL.mp4,1295,1294,1,0,1,True,1,[0],DeepFakeDetection,train,1
FaceForensics++_C23\DeepFakeDetection/26_09__walk_down_hall_angry__XXGYLT82.mp4,351,338,13,4,9,True,13,"[348, 350, 340, 339, 341, 343, 342, 349, 344, 347, 346, 345, 0]",DeepFakeDetection,train,1
FaceForensics++_C23\DeepFakeDetection/26_11__outside_talking_pan_laughing__ALJ0OHNM.mp4,328,151,177,53,124,False,20,"[0, 4, 1, 108, 2, 107, 3, 8, 12, 5, 247, 92, 6, 16, 89, 113, 13, 110, 14, 81]",DeepFakeDetection,train,1
FaceForensics++_C23\DeepFakeDetection/26_12__exit_phone_room__HEKDCIHW.mp4,283,273,10,3,7,True,10,"[28, 0, 282, 280, 281, 275, 278, 279, 276, 277]",DeepFakeDetection,train,1
FaceForensics++_C23\DeepFakeDetection/26_12__outside_talking_still_laughing__FWFQ5YB8.mp4,369,292,77,23,54,False,20,"[250, 269, 258, 251, 288, 283, 282, 259, 286, 263, 257, 252, 293, 262, 290, 281, 256, 287, 318, 362]",DeepFakeDetection,train,1
FaceForensics++_C23\DeepFakeDetection/26_12__podium_speech_happy__BFBNM8FR.mp4,1087,1078,9,3,6,True,9,"[0, 1079, 1080, 1081, 1082, 1083, 1086, 1085, 1084]",DeepFakeDetection,train,1
FaceForensics++_C23\DeepFakeDetection/26_12__walking_down_street_outside_angry__OVOQACG8.mp4,437,415,22,7,15,True,20,"[0, 416, 417, 418, 419, 421, 423, 422, 420, 436, 435, 424, 425, 429, 433, 434, 431, 427, 428, 430]",DeepFakeDetection,train,1
FaceForensics++_C23\DeepFakeDetection/26_13__outside_talking_pan_laughing__WK3NZ3UV.mp4,357,166,191,57,134,False,20,"[0, 4, 1, 119, 2, 8, 3, 129, 5, 12, 88, 127, 100, 97, 16, 6, 122, 179, 120, 14]",DeepFakeDetection,train,1
FaceForensics++_C23\DeepFakeDetection/26_13__podium_speech_happy__U5ELHUN5.mp4,1086,1078,8,3,5,True,8,"[0, 1079, 1080, 1081, 1085, 1082, 1083, 1084]",DeepFakeDetection,train,1
FaceForensics++_C23\DeepFakeDetection/26_13__secret_conversation__XRS5W2NC.mp4,1113,1112,1,0,1,True,1,[0],DeepFakeDetection,train,1
FaceForensics++_C23\DeepFakeDetection/26_14__kitchen_pan__SU8SAHTT.mp4,675,461,214,64,150,False,20,"[48, 52, 56, 50, 55, 49, 54, 36, 51, 46, 47, 44, 53, 32, 60, 38, 24, 40, 14, 16]",DeepFakeDetection,train,1
FaceForensics++_C23\DeepFakeDetection/26_15__walk_down_hall_angry__JHMUZFIJ.mp4,352,339,13,4,9,True,13,"[349, 351, 341, 340, 342, 343, 344, 350, 345, 348, 347, 346, 0]",DeepFakeDetection,train,1
FaceForensics++_C23\DeepFakeDetection/26_18__kitchen_pan__C9VUQS9O.mp4,694,479,215,65,150,False,20,"[52, 56, 60, 40, 54, 50, 58, 51, 55, 57, 53, 48, 32, 38, 36, 64, 59, 16, 34, 49]",DeepFakeDetection,train,1
FaceForensics++_C23\DeepFakeDetection/26_18__outside_talking_still_laughing__AI94QW74.mp4,446,374,72,22,50,False,20,"[250, 260, 265, 288, 257, 342, 341, 302, 301, 334, 296, 346, 353, 304, 364, 314, 355, 336, 310, 349]",DeepFakeDetection,train,1
FaceForensics++_C23\DeepFakeDetection/26_18__walk_down_hall_angry__UMEX6HWU.mp4,372,359,13,4,9,True,13,"[369, 371, 361, 360, 362, 364, 363, 365, 370, 368, 367, 366, 0]",DeepFakeDetection,train,1
FaceForensics++_C23\DeepFakeDetection/26_20__kitchen_pan__C8GN41DU.mp4,687,466,221,66,155,False,20,"[52, 56, 60, 40, 54, 50, 51, 55, 58, 53, 48, 57, 32, 36, 16, 59, 38, 34, 64, 49]",DeepFakeDetection,train,1
FaceForensics++_C23\DeepFakeDetection/26_20__outside_talking_pan_laughing__01OJA93K.mp4,377,181,196,59,137,False,20,"[0, 4, 250, 124, 1, 2, 8, 3, 12, 135, 125, 5, 107, 16, 94, 126, 129, 132, 6, 254]",DeepFakeDetection,train,1
FaceForensics++_C23\DeepFakeDetection/26_20__secret_conversation__34DJQS3E.mp4,775,769,6,2,4,True,6,"[0, 516, 499, 513, 86, 19]",DeepFakeDetection,train,1
FaceForensics++_C23\DeepFakeDetection/26_20__talking_angry_couch__2VS0S1P5.mp4,1448,1416,32,10,22,False,20,"[0, 286, 280, 1064, 282, 850, 1055, 289, 284, 288, 330, 285, 281, 283, 560, 265, 262, 287, 1026, 264]",DeepFakeDetection,train,1
FaceForensics++_C23\DeepFakeDetection/26_20__talking_angry_couch__34DJQS3E.mp4,1455,1427,28,9,19,True,20,"[0, 286, 280, 282, 289, 1061, 284, 288, 285, 329, 855, 281, 283, 265, 287, 262, 1032, 264, 567, 254]",DeepFakeDetection,train,1
FaceForensics++_C23\DeepFakeDetection/26_20__walk_down_hall_angry__XWMKFMF6.mp4,360,347,13,4,9,True,13,"[357, 359, 349, 348, 350, 352, 351, 358, 353, 356, 355, 354, 0]",DeepFakeDetection,train,1
FaceForensics++_C23\DeepFakeDetection/26_25__exit_phone_room__7ZRKCFMS.mp4,286,278,8,3,5,True,8,"[0, 285, 281, 284, 283, 280, 279, 282]",DeepFakeDetection,train,1
FaceForensics++_C23\DeepFakeDetection/26_25__outside_talking_pan_laughing__157Z8P8P.mp4,305,133,172,52,120,False,20,"[0, 4, 1, 8, 2, 3, 12, 5, 102, 113, 16, 6, 99, 14, 234, 13, 10, 7, 18, 15]",DeepFakeDetection,train,1
FaceForensics++_C23\DeepFakeDetection/26_25__outside_talking_pan_laughing__GJT740J9.mp4,327,165,162,49,113,False,20,"[0, 4, 1, 2, 8, 3, 109, 12, 93, 16, 5, 6, 80, 236, 112, 114, 7, 14, 10, 24]",DeepFakeDetection,train,1
FaceForensics++_C23\DeepFakeDetection/26_25__outside_talking_still_laughing__7ZRKCFMS.mp4,388,318,70,21,49,False,20,"[294, 258, 257, 252, 295, 300, 287, 298, 269, 274, 303, 260, 311, 266, 290, 265, 358, 305, 310, 334]",DeepFakeDetection,train,1
FaceForensics++_C23\DeepFakeDetection/26_25__secret_conversation__0UFFR3U1.mp4,713,708,5,2,3,True,5,"[0, 12, 451, 465, 65]",DeepFakeDetection,train,1
FaceForensics++_C23\DeepFakeDetection/26_25__talking_against_wall__PQ41U3IJ.mp4,1290,1289,1,0,1,True,1,[0],DeepFakeDetection,train,1
FaceForensics++_C23\DeepFakeDetection/26_25__walk_down_hall_angry__XKQAYTLI.mp4,352,339,13,4,9,True,13,"[349, 341, 351, 340, 342, 344, 343, 350, 345, 348, 346, 347, 0]",DeepFakeDetection,train,1
FaceForensics++_C23\DeepFakeDetection/26_25__walking_down_street_outside_angry__PQ41U3IJ.mp4,430,408,22,7,15,True,20,"[0, 409, 410, 411, 412, 414, 416, 413, 415, 429, 428, 424, 417, 418, 421, 422, 427, 420, 426, 423]",DeepFakeDetection,train,1
FaceForensics++_C23\DeepFakeDetection/26_25__walking_outside_cafe_disgusted__0UFFR3U1.mp4,515,492,23,7,16,True,20,"[514, 513, 512, 511, 510, 506, 507, 509, 508, 504, 505, 503, 502, 96, 496, 501, 500, 97, 93, 497]",DeepFakeDetection,train,1
FaceForensics++_C23\DeepFakeDetection/26_27__outside_talking_still_laughing__IE9N0ZI9.mp4,480,410,70,21,49,False,20,"[261, 304, 275, 280, 316, 311, 345, 346, 340, 317, 272, 357, 330, 355, 369, 382, 319, 320, 361, 326]",DeepFakeDetection,train,1
FaceForensics++_C23\DeepFakeDetection/26_27__talking_against_wall__IE9N0ZI9.mp4,1295,1294,1,0,1,True,1,[0],DeepFakeDetection,train,1
FaceForensics++_C23\DeepFakeDetection/26_27__talking_angry_couch__IE9N0ZI9.mp4,1454,1425,29,9,20,False,20,"[0, 286, 280, 282, 1061, 289, 284, 288, 330, 568, 285, 855, 281, 283, 265, 287, 262, 1032, 264, 254]",DeepFakeDetection,train,1
FaceForensics++_C23\DeepFakeDetection/27_01__hugging_happy__ZYCZ30C0.mp4,852,726,126,38,88,False,20,"[0, 544, 314, 464, 262, 183, 542, 750, 543, 545, 196, 310, 309, 264, 150, 198, 106, 175, 698, 263]",DeepFakeDetection,train,1
FaceForensics++_C23\DeepFakeDetection/27_01__meeting_serious__ZYCZ30C0.mp4,910,909,1,0,1,True,1,[0],DeepFakeDetection,train,1
FaceForensics++_C23\DeepFakeDetection/27_01__talking_against_wall__ZYCZ30C0.mp4,940,939,1,0,1,True,1,[0],DeepFakeDetection,train,1
FaceForensics++_C23\DeepFakeDetection/27_01__walking_and_outside_surprised__S2YCUY48.mp4,1139,6,1133,340,793,False,20,"[0, 4, 1, 8, 16, 18, 5, 10, 2, 12, 108, 13, 14, 28, 11, 17, 148, 188, 15, 152]",DeepFakeDetection,train,1
FaceForensics++_C23\DeepFakeDetection/27_01__walking_outside_cafe_disgusted__S2YCUY48.mp4,259,244,15,5,10,True,15,"[258, 249, 248, 250, 252, 253, 247, 255, 251, 257, 256, 254, 246, 245, 0]",DeepFakeDetection,train,1
FaceForensics++_C23\DeepFakeDetection/27_01__walking_outside_cafe_disgusted__ZYCZ30C0.mp4,259,244,15,5,10,True,15,"[258, 248, 249, 252, 250, 253, 247, 251, 255, 256, 257, 254, 246, 245, 0]",DeepFakeDetection,train,1
FaceForensics++_C23\DeepFakeDetection/27_02__kitchen_pan__3L1MLH3D.mp4,525,262,263,79,184,False,20,"[0, 17, 4, 40, 8, 32, 28, 2, 48, 44, 24, 1, 36, 14, 12, 3, 46, 20, 16, 47]",DeepFakeDetection,train,1
FaceForensics++_C23\DeepFakeDetection/27_02__podium_speech_happy__XFSH3BW7.mp4,1054,1053,1,0,1,True,1,[0],DeepFakeDetection,train,1
FaceForensics++_C23\DeepFakeDetection/27_02__talking_angry_couch__FV8M8O2C.mp4,1461,1449,12,4,8,True,12,"[0, 1453, 1451, 1452, 1450, 1457, 1454, 1455, 1458, 1456, 1459, 1460]",DeepFakeDetection,train,1
FaceForensics++_C23\DeepFakeDetection/27_02__walk_down_hall_angry__FV8M8O2C.mp4,259,252,7,2,5,True,7,"[254, 255, 253, 258, 257, 256, 0]",DeepFakeDetection,train,1
FaceForensics++_C23\DeepFakeDetection/27_02__walking_down_street_outside_angry__78M8S6M6.mp4,405,390,15,5,10,True,15,"[0, 400, 399, 403, 397, 396, 404, 398, 401, 402, 395, 394, 393, 392, 391]",DeepFakeDetection,train,1
FaceForensics++_C23\DeepFakeDetection/27_03__podium_speech_happy__72BPN7A1.mp4,1053,1052,1,0,1,True,1,[0],DeepFakeDetection,train,1
FaceForensics++_C23\DeepFakeDetection/27_03__walking_and_outside_surprised__KWGI1LSZ.mp4,1140,6,1134,340,794,False,20,"[0, 4, 1, 16, 8, 18, 2, 5, 10, 12, 108, 13, 28, 14, 17, 15, 188, 11, 148, 22]",DeepFakeDetection,train,1
FaceForensics++_C23\DeepFakeDetection/27_13__kitchen_still__A1OSUJE9.mp4,905,904,1,0,1,True,1,[0],DeepFakeDetection,train,1
FaceForensics++_C23\DeepFakeDetection/27_13__outside_talking_pan_laughing__A1OSUJE9.mp4,662,479,183,55,128,False,20,"[0, 2, 1, 4, 3, 8, 5, 12, 6, 9, 10, 11, 7, 16, 500, 24, 20, 52, 14, 13]",DeepFakeDetection,train,1
FaceForensics++_C23\DeepFakeDetection/27_14__kitchen_pan__0KSONKQ2.mp4,523,262,261,78,183,False,20,"[15, 0, 12, 32, 44, 16, 48, 20, 40, 4, 52, 36, 11, 8, 13, 38, 46, 24, 28, 26]",DeepFakeDetection,train,1
FaceForensics++_C23\DeepFakeDetection/27_18__kitchen_pan__BSOLX3SI.mp4,526,263,263,79,184,False,20,"[0, 17, 4, 40, 8, 14, 28, 32, 1, 24, 44, 48, 2, 12, 36, 46, 15, 16, 20, 13]",DeepFakeDetection,train,1
FaceForensics++_C23\DeepFakeDetection/27_18__kitchen_still__NYHE8D0J.mp4,905,904,1,0,1,True,1,[0],DeepFakeDetection,train,1
FaceForensics++_C23\DeepFakeDetection/27_18__outside_talking_pan_laughing__NYHE8D0J.mp4,668,481,187,56,131,False,20,"[0, 1, 4, 2, 3, 8, 5, 12, 6, 10, 9, 500, 11, 7, 52, 20, 36, 16, 32, 13]",DeepFakeDetection,train,1
FaceForensics++_C23\DeepFakeDetection/27_18__talking_against_wall__3GLHD5MH.mp4,940,939,1,0,1,True,1,[0],DeepFakeDetection,train,1
FaceForensics++_C23\DeepFakeDetection/27_25__exit_phone_room__1KU29EUL.mp4,360,354,6,2,4,True,6,"[0, 359, 358, 357, 356, 355]",DeepFakeDetection,train,1
FaceForensics++_C23\DeepFakeDetection/27_25__meeting_serious__GNIMW95Z.mp4,910,909,1,0,1,True,1,[0],DeepFakeDetection,train,1
FaceForensics++_C23\DeepFakeDetection/27_25__outside_talking_pan_laughing__1KU29EUL.mp4,664,478,186,56,130,False,20,"[0, 1, 2, 4, 3, 8, 5, 12, 6, 10, 9, 11, 500, 7, 20, 24, 16, 14, 36, 52]",DeepFakeDetection,train,1
FaceForensics++_C23\DeepFakeDetection/27_25__walk_down_hall_angry__1KU29EUL.mp4,233,226,7,2,5,True,7,"[0, 228, 229, 227, 232, 230, 231]",DeepFakeDetection,train,1
FaceForensics++_C23\DeepFakeDetection/27_25__walking_outside_cafe_disgusted__1KU29EUL.mp4,229,214,15,5,10,True,15,"[228, 218, 219, 217, 222, 220, 223, 216, 221, 225, 224, 226, 227, 215, 0]",DeepFakeDetection,train,1
FaceForensics++_C23\DeepFakeDetection/27_26__meeting_serious__IE9N0ZI9.mp4,910,909,1,0,1,True,1,[0],DeepFakeDetection,train,1
FaceForensics++_C23\DeepFakeDetection/27_26__outside_talking_still_laughing__IE9N0ZI9.mp4,833,802,31,9,22,False,20,"[0, 485, 279, 672, 778, 780, 94, 93, 832, 781, 814, 811, 812, 813, 818, 830, 826, 828, 822, 831]",DeepFakeDetection,train,1
FaceForensics++_C23\DeepFakeDetection/27_26__talking_against_wall__IE9N0ZI9.mp4,940,939,1,0,1,True,1,[0],DeepFakeDetection,train,1
FaceForensics++_C23\DeepFakeDetection/28_05__kitchen_pan__W3J028UG.mp4,586,399,187,56,131,False,20,"[16, 20, 19, 42, 44, 15, 0, 40, 12, 32, 43, 8, 48, 10, 4, 14, 34, 17, 28, 9]",DeepFakeDetection,val,1
FaceForensics++_C23\DeepFakeDetection/28_05__talking_angry_couch__V20UNLJ5.mp4,1182,1154,28,9,19,True,20,"[402, 600, 389, 668, 772, 501, 627, 601, 883, 476, 742, 447, 643, 743, 527, 644, 992, 967, 475, 598]",DeepFakeDetection,val,1
FaceForensics++_C23\DeepFakeDetection/28_05__walking_down_street_outside_angry__W3J028UG.mp4,1157,1135,22,7,15,True,20,"[1139, 1137, 1143, 1151, 1141, 1145, 1152, 1144, 0, 1146, 1136, 1142, 1153, 1150, 1140, 1147, 1138, 1154, 1148, 1149]",DeepFakeDetection,val,1
FaceForensics++_C23\DeepFakeDetection/28_05__walking_outside_cafe_disgusted__U9LRLJ6N.mp4,373,365,8,3,5,True,8,"[0, 366, 367, 369, 368, 370, 371, 372]",DeepFakeDetection,val,1
FaceForensics++_C23\DeepFakeDetection/28_08__exit_phone_room__5DCAESDA.mp4,466,448,18,6,12,True,18,"[156, 452, 453, 457, 459, 450, 451, 455, 454, 458, 460, 456, 461, 462, 463, 464, 465, 0]",DeepFakeDetection,val,1
FaceForensics++_C23\DeepFakeDetection/28_08__exit_phone_room__KXO8S7OP.mp4,426,409,17,5,12,True,17,"[412, 413, 417, 410, 415, 411, 419, 414, 418, 416, 420, 421, 422, 423, 424, 425, 0]",DeepFakeDetection,val,1
FaceForensics++_C23\DeepFakeDetection/28_08__kitchen_pan__GQN9WHLD.mp4,609,423,186,56,130,False,20,"[36, 10, 0, 13, 4, 40, 9, 8, 14, 37, 44, 38, 6, 12, 28, 42, 41, 24, 48, 3]",DeepFakeDetection,val,1
FaceForensics++_C23\DeepFakeDetection/28_08__kitchen_still__8BC35RFU.mp4,781,765,16,5,11,True,16,"[0, 309, 74, 620, 606, 619, 689, 136, 135, 134, 93, 94, 132, 130, 133, 131]",DeepFakeDetection,val,1
FaceForensics++_C23\DeepFakeDetection/28_08__outside_talking_pan_laughing__GGCUYQA4.mp4,626,489,137,41,96,False,20,"[0, 4, 2, 1, 3, 5, 24, 20, 28, 22, 23, 21, 25, 26, 27, 30, 52, 29, 48, 31]",DeepFakeDetection,val,1
FaceForensics++_C23\DeepFakeDetection/28_08__podium_speech_happy__KXO8S7OP.mp4,949,933,16,5,11,True,16,"[0, 947, 931, 935, 936, 930, 939, 937, 942, 938, 940, 941, 945, 946, 944, 943]",DeepFakeDetection,val,1
FaceForensics++_C23\DeepFakeDetection/28_08__talking_angry_couch__KXO8S7OP.mp4,1279,1265,14,4,10,True,14,"[802, 680, 696, 831, 1127, 801, 1070, 479, 1045, 697, 639, 0, 571, 1091]",DeepFakeDetection,val,1
FaceForensics++_C23\DeepFakeDetection/28_16__podium_speech_happy__6DWLCU6T.mp4,951,935,16,5,11,True,16,"[0, 932, 933, 949, 937, 938, 939, 941, 940, 944, 943, 942, 948, 947, 946, 945]",DeepFakeDetection,val,1
FaceForensics++_C23\DeepFakeDetection/28_16__walking_down_street_outside_angry__6DWLCU6T.mp4,1198,1176,22,7,15,True,20,"[1177, 1192, 1179, 1181, 1193, 1183, 1185, 1186, 1187, 1178, 1194, 1180, 1182, 1184, 1191, 1195, 1188, 1189, 0, 1190]",DeepFakeDetection,val,1
FaceForensics++_C23\DeepFakeDetection/28_16__walking_down_street_outside_angry__U757192N.mp4,1157,1135,22,7,15,True,20,"[1142, 1143, 1139, 1137, 1145, 1144, 1151, 1152, 1146, 0, 1136, 1140, 1141, 1153, 1150, 1138, 1147, 1154, 1148, 1149]",DeepFakeDetection,val,1
FaceForensics++_C23\Deepfakes/002_006.mp4,693,691,2,1,1,True,2,"[82, 0]",Deepfakes,train,1
FaceForensics++_C23\Deepfakes/003_000.mp4,303,302,1,0,1,True,1,[0],Deepfakes,test,1
FaceForensics++_C23\Deepfakes/004_982.mp4,309,305,4,1,3,True,4,"[0, 126, 30, 238]",Deepfakes,val,1
FaceForensics++_C23\Deepfakes/005_010.mp4,385,283,102,31,71,False,20,"[363, 365, 366, 360, 310, 321, 303, 380, 362, 378, 358, 369, 376, 364, 324, 375, 357, 351, 372, 368]",Deepfakes,train,1
FaceForensics++_C23\Deepfakes/006_002.mp4,310,309,1,0,1,True,1,[0],Deepfakes,train,1
FaceForensics++_C23\Deepfakes/007_132.mp4,505,503,2,1,1,True,2,"[34, 0]",Deepfakes,train,1
FaceForensics++_C23\Deepfakes/008_990.mp4,637,636,1,0,1,True,1,[0],Deepfakes,train,1
FaceForensics++_C23\Deepfakes/009_027.mp4,588,585,3,1,2,True,3,"[0, 586, 587]",Deepfakes,train,1
FaceForensics++_C23\Deepfakes/010_005.mp4,474,472,2,1,1,True,2,"[373, 0]",Deepfakes,train,1
FaceForensics++_C23\Deepfakes/011_805.mp4,632,626,6,2,4,True,6,"[134, 135, 120, 0, 215, 488]",Deepfakes,train,1
FaceForensics++_C23\Deepfakes/012_026.mp4,363,351,12,4,8,True,12,"[34, 3, 7, 11, 8, 13, 4, 12, 5, 15, 16, 0]",Deepfakes,test,1
FaceForensics++_C23\Deepfakes/013_883.mp4,332,320,12,4,8,True,12,"[0, 239, 238, 237, 236, 50, 47, 235, 45, 49, 48, 46]",Deepfakes,train,1
FaceForensics++_C23\Deepfakes/014_790.mp4,676,0,676,203,473,False,20,"[141, 140, 120, 128, 142, 122, 121, 126, 127, 112, 139, 100, 119, 341, 136, 110, 243, 118, 135, 134]",Deepfakes,train,1
FaceForensics++_C23\Deepfakes/015_919.mp4,437,434,3,1,2,True,3,"[0, 253, 233]",Deepfakes,test,1
FaceForensics++_C23\Deepfakes/016_209.mp4,678,676,2,1,1,True,2,"[0, 677]",Deepfakes,train,1
FaceForensics++_C23\Deepfakes/017_803.mp4,398,395,3,1,2,True,3,"[117, 190, 0]",Deepfakes,train,1
FaceForensics++_C23\Deepfakes/018_019.mp4,432,431,1,0,1,True,1,[0],Deepfakes,train,1
FaceForensics++_C23\Deepfakes/019_018.mp4,1385,1384,1,0,1,True,1,[0],Deepfakes,train,1
FaceForensics++_C23\Deepfakes/020_344.mp4,390,389,1,0,1,True,1,[0],Deepfakes,train,1
FaceForensics++_C23\Deepfakes/021_312.mp4,431,430,1,0,1,True,1,[0],Deepfakes,train,1
FaceForensics++_C23\Deepfakes/022_489.mp4,325,323,2,1,1,True,2,"[0, 324]",Deepfakes,train,1
FaceForensics++_C23\Deepfakes/023_923.mp4,553,474,79,24,55,False,20,"[0, 1, 2, 3, 4, 472, 6, 462, 433, 452, 482, 427, 425, 385, 457, 296, 548, 467, 387, 8]",Deepfakes,val,1
FaceForensics++_C23\Deepfakes/024_073.mp4,306,301,5,2,3,True,5,"[228, 225, 0, 227, 224]",Deepfakes,test,1
FaceForensics++_C23\Deepfakes/025_067.mp4,747,746,1,0,1,True,1,[0],Deepfakes,train,1
FaceForensics++_C23\Deepfakes/026_012.mp4,322,321,1,0,1,True,1,[0],Deepfakes,test,1
FaceForensics++_C23\Deepfakes/027_009.mp4,315,308,7,2,5,True,7,"[211, 0, 264, 270, 265, 263, 161]",Deepfakes,train,1
FaceForensics++_C23\Deepfakes/028_068.mp4,434,433,1,0,1,True,1,[0],Deepfakes,train,1
FaceForensics++_C23\Deepfakes/029_048.mp4,416,415,1,0,1,True,1,[0],Deepfakes,test,1
FaceForensics++_C23\Deepfakes/030_193.mp4,297,201,96,29,67,False,20,"[239, 238, 30, 19, 282, 279, 283, 241, 43, 39, 277, 286, 284, 10, 97, 144, 278, 287, 246, 157]",Deepfakes,train,1
FaceForensics++_C23\Deepfakes/031_163.mp4,482,481,1,0,1,True,1,[0],Deepfakes,train,1
FaceForensics++_C23\Deepfakes/032_944.mp4,310,288,22,7,15,True,20,"[108, 0, 296, 298, 299, 297, 300, 302, 303, 246, 159, 157, 158, 304, 305, 306, 307, 243, 309, 308]",Deepfakes,train,1
FaceForensics++_C23\Deepfakes/033_097.mp4,809,804,5,2,3,True,5,"[215, 485, 758, 0, 214]",Deepfakes,train,1
FaceForensics++_C23\Deepfakes/034_590.mp4,407,403,4,1,3,True,4,"[189, 328, 143, 0]",Deepfakes,train,1
FaceForensics++_C23\Deepfakes/035_036.mp4,423,422,1,0,1,True,1,[0],Deepfakes,test,1
FaceForensics++_C23\Deepfakes/036_035.mp4,337,317,20,6,14,True,20,"[307, 302, 292, 317, 297, 312, 336, 237, 232, 0, 227, 151, 10, 222, 15, 30, 35, 20, 146, 111]",Deepfakes,test,1
FaceForensics++_C23\Deepfakes/037_072.mp4,454,453,1,0,1,True,1,[0],Deepfakes,train,1
FaceForensics++_C23\Deepfakes/038_125.mp4,305,303,2,1,1,True,2,"[0, 294]",Deepfakes,train,1
FaceForensics++_C23\Deepfakes/039_058.mp4,609,606,3,1,2,True,3,"[0, 159, 156]",Deepfakes,train,1
FaceForensics++_C23\Deepfakes/040_997.mp4,548,545,3,1,2,True,3,"[422, 185, 0]",Deepfakes,train,1
FaceForensics++_C23\Deepfakes/041_063.mp4,349,348,1,0,1,True,1,[0],Deepfakes,train,1
FaceForensics++_C23\Deepfakes/042_084.mp4,338,309,29,9,20,False,20,"[240, 0, 65, 313, 262, 239, 64, 241, 288, 321, 261, 325, 101, 311, 291, 312, 303, 304, 317, 260]",Deepfakes,val,1
FaceForensics++_C23\Deepfakes/043_110.mp4,495,491,4,1,3,True,4,"[71, 72, 0, 73]",Deepfakes,train,1
FaceForensics++_C23\Deepfakes/044_945.mp4,335,330,5,2,3,True,5,"[174, 175, 176, 0, 235]",Deepfakes,test,1
FaceForensics++_C23\Deepfakes/045_889.mp4,350,349,1,0,1,True,1,[0],Deepfakes,train,1
FaceForensics++_C23\Deepfakes/046_904.mp4,504,500,4,1,3,True,4,"[0, 501, 502, 503]",Deepfakes,val,1
FaceForensics++_C23\Deepfakes/047_862.mp4,319,317,2,1,1,True,2,"[0, 23]",Deepfakes,test,1
FaceForensics++_C23\Deepfakes/048_029.mp4,485,484,1,0,1,True,1,[0],Deepfakes,test,1
FaceForensics++_C23\Deepfakes/049_946.mp4,360,355,5,2,3,True,5,"[0, 355, 356, 354, 353]",Deepfakes,train,1
FaceForensics++_C23\Deepfakes/050_059.mp4,530,527,3,1,2,True,3,"[153, 0, 152]",Deepfakes,train,1
FaceForensics++_C23\Deepfakes/051_332.mp4,717,716,1,0,1,True,1,[0],Deepfakes,train,1
FaceForensics++_C23\Deepfakes/052_108.mp4,323,322,1,0,1,True,1,[0],Deepfakes,train,1
FaceForensics++_C23\Deepfakes/053_095.mp4,417,416,1,0,1,True,1,[0],Deepfakes,train,1
FaceForensics++_C23\Deepfakes/054_071.mp4,368,367,1,0,1,True,1,[0],Deepfakes,train,1
FaceForensics++_C23\Deepfakes/055_147.mp4,394,393,1,0,1,True,1,[0],Deepfakes,train,1
FaceForensics++_C23\Deepfakes/056_996.mp4,373,372,1,0,1,True,1,[0],Deepfakes,train,1
FaceForensics++_C23\Deepfakes/057_070.mp4,431,427,4,1,3,True,4,"[0, 1, 2, 43]",Deepfakes,train,1
FaceForensics++_C23\Deepfakes/058_039.mp4,669,668,1,0,1,True,1,[0],Deepfakes,train,1
FaceForensics++_C23\Deepfakes/059_050.mp4,721,720,1,0,1,True,1,[0],Deepfakes,train,1
FaceForensics++_C23\Deepfakes/060_088.mp4,844,208,636,191,445,False,20,"[185, 531, 556, 555, 353, 208, 355, 354, 181, 758, 357, 656, 358, 588, 623, 107, 356, 519, 360, 362]",Deepfakes,train,1
FaceForensics++_C23\Deepfakes/061_080.mp4,337,336,1,0,1,True,1,[0],Deepfakes,train,1
FaceForensics++_C23\Deepfakes/062_066.mp4,423,422,1,0,1,True,1,[0],Deepfakes,train,1
FaceForensics++_C23\Deepfakes/063_041.mp4,930,929,1,0,1,True,1,[0],Deepfakes,train,1
FaceForensics++_C23\Deepfakes/064_991.mp4,402,398,4,1,3,True,4,"[65, 60, 0, 10]",Deepfakes,val,1
FaceForensics++_C23\Deepfakes/065_089.mp4,442,434,8,3,5,True,8,"[150, 155, 151, 154, 152, 156, 153, 0]",Deepfakes,train,1
FaceForensics++_C23\Deepfakes/066_062.mp4,435,319,116,35,81,False,20,"[387, 384, 339, 350, 340, 386, 338, 383, 351, 336, 348, 341, 335, 388, 330, 334, 332, 248, 371, 333]",Deepfakes,train,1
FaceForensics++_C23\Deepfakes/067_025.mp4,538,537,1,0,1,True,1,[0],Deepfakes,train,1
FaceForensics++_C23\Deepfakes/068_028.mp4,401,389,12,4,8,True,12,"[174, 171, 0, 173, 185, 172, 187, 184, 186, 278, 276, 277]",Deepfakes,train,1
FaceForensics++_C23\Deepfakes/069_961.mp4,774,654,120,36,84,False,20,"[567, 566, 201, 200, 199, 565, 572, 569, 194, 570, 487, 103, 133, 290, 278, 139, 571, 0, 102, 296]",Deepfakes,train,1
FaceForensics++_C23\Deepfakes/070_057.mp4,367,343,24,7,17,True,20,"[0, 286, 265, 277, 268, 285, 283, 288, 276, 287, 262, 280, 267, 269, 266, 284, 279, 278, 264, 263]",Deepfakes,train,1
FaceForensics++_C23\Deepfakes/071_054.mp4,453,413,40,12,28,False,20,"[0, 206, 208, 340, 18, 115, 234, 271, 266, 272, 232, 236, 274, 290, 273, 278, 235, 284, 151, 178]",Deepfakes,train,1
FaceForensics++_C23\Deepfakes/072_037.mp4,311,307,4,1,3,True,4,"[0, 225, 226, 227]",Deepfakes,train,1
FaceForensics++_C23\Deepfakes/073_024.mp4,703,702,1,0,1,True,1,[0],Deepfakes,test,1
FaceForensics++_C23\Deepfakes/074_825.mp4,345,344,1,0,1,True,1,[0],Deepfakes,train,1
FaceForensics++_C23\Deepfakes/075_977.mp4,613,559,54,16,38,False,20,"[0, 2, 1, 320, 44, 43, 279, 409, 36, 29, 410, 483, 32, 31, 30, 412, 411, 417, 413, 35]",Deepfakes,train,1
FaceForensics++_C23\Deepfakes/076_079.mp4,329,328,1,0,1,True,1,[0],Deepfakes,train,1
FaceForensics++_C23\Deepfakes/077_100.mp4,611,610,1,0,1,True,1,[0],Deepfakes,train,1
FaceForensics++_C23\Deepfakes/078_955.mp4,523,522,1,0,1,True,1,[0],Deepfakes,test,1
FaceForensics++_C23\Deepfakes/079_076.mp4,424,423,1,0,1,True,1,[0],Deepfakes,train,1
FaceForensics++_C23\Deepfakes/080_061.mp4,483,482,1,0,1,True,1,[0],Deepfakes,train,1
FaceForensics++_C23\Deepfakes/081_087.mp4,1170,1168,2,1,1,True,2,"[0, 1162]",Deepfakes,train,1
FaceForensics++_C23\Deepfakes/082_103.mp4,316,315,1,0,1,True,1,[0],Deepfakes,train,1
FaceForensics++_C23\Deepfakes/083_213.mp4,545,544,1,0,1,True,1,[0],Deepfakes,train,1
FaceForensics++_C23\Deepfakes/084_042.mp4,375,374,1,0,1,True,1,[0],Deepfakes,val,1
FaceForensics++_C23\Deepfakes/085_124.mp4,329,328,1,0,1,True,1,[0],Deepfakes,train,1
FaceForensics++_C23\Deepfakes/086_090.mp4,935,934,1,0,1,True,1,[0],Deepfakes,train,1
FaceForensics++_C23\Deepfakes/087_081.mp4,309,308,1,0,1,True,1,[0],Deepfakes,train,1
FaceForensics++_C23\Deepfakes/088_060.mp4,665,618,47,14,33,False,20,"[212, 121, 122, 232, 123, 120, 126, 215, 125, 217, 453, 192, 127, 457, 327, 45, 128, 237, 87, 133]",Deepfakes,train,1
FaceForensics++_C23\Deepfakes/089_065.mp4,751,750,1,0,1,True,1,[0],Deepfakes,train,1
FaceForensics++_C23\Deepfakes/090_086.mp4,687,584,103,31,72,False,20,"[58, 208, 291, 209, 133, 76, 124, 289, 287, 171, 148, 681, 262, 48, 0, 227, 585, 129, 74, 677]",Deepfakes,train,1
FaceForensics++_C23\Deepfakes/091_116.mp4,639,635,4,1,3,True,4,"[0, 31, 542, 465]",Deepfakes,val,1
FaceForensics++_C23\Deepfakes/092_098.mp4,460,459,1,0,1,True,1,[0],Deepfakes,train,1
FaceForensics++_C23\Deepfakes/093_121.mp4,308,307,1,0,1,True,1,[0],Deepfakes,train,1
FaceForensics++_C23\Deepfakes/094_111.mp4,559,558,1,0,1,True,1,[0],Deepfakes,train,1
FaceForensics++_C23\Deepfakes/095_053.mp4,1006,1005,1,0,1,True,1,[0],Deepfakes,train,1
FaceForensics++_C23\Deepfakes/096_101.mp4,504,503,1,0,1,True,1,[0],Deepfakes,train,1
FaceForensics++_C23\Deepfakes/097_033.mp4,478,472,6,2,4,True,6,"[29, 28, 27, 26, 0, 25]",Deepfakes,train,1
FaceForensics++_C23\Deepfakes/098_092.mp4,299,298,1,0,1,True,1,[0],Deepfakes,train,1
FaceForensics++_C23\Deepfakes/099_295.mp4,613,589,24,7,17,True,20,"[151, 0, 152, 328, 326, 327, 463, 524, 521, 518, 527, 525, 520, 424, 496, 515, 519, 423, 517, 516]",Deepfakes,train,1
FaceForensics++_C23\Deepfakes/100_077.mp4,423,422,1,0,1,True,1,[0],Deepfakes,train,1
FaceForensics++_C23\Deepfakes/101_096.mp4,1148,1147,1,0,1,True,1,[0],Deepfakes,train,1
FaceForensics++_C23\Deepfakes/102_114.mp4,389,388,1,0,1,True,1,[0],Deepfakes,test,1
FaceForensics++_C23\Deepfakes/103_082.mp4,595,588,7,2,5,True,7,"[0, 281, 279, 275, 276, 277, 278]",Deepfakes,train,1
FaceForensics++_C23\Deepfakes/104_126.mp4,462,310,152,46,106,False,20,"[248, 250, 247, 339, 340, 338, 363, 333, 420, 370, 251, 253, 334, 369, 38, 335, 337, 244, 246, 347]",Deepfakes,val,1
FaceForensics++_C23\Deepfakes/105_180.mp4,300,268,32,10,22,False,20,"[38, 120, 0, 135, 138, 139, 140, 141, 142, 222, 187, 202, 207, 260, 162, 172, 167, 278, 177, 232]",Deepfakes,train,1
FaceForensics++_C23\Deepfakes/106_198.mp4,356,355,1,0,1,True,1,[0],Deepfakes,val,1
FaceForensics++_C23\Deepfakes/107_109.mp4,556,549,7,2,5,True,7,"[507, 511, 509, 506, 503, 504, 0]",Deepfakes,train,1
FaceForensics++_C23\Deepfakes/108_052.mp4,300,293,7,2,5,True,7,"[297, 296, 299, 298, 115, 116, 0]",Deepfakes,train,1
FaceForensics++_C23\Deepfakes/109_107.mp4,298,297,1,0,1,True,1,[0],Deepfakes,train,1
FaceForensics++_C23\Deepfakes/110_043.mp4,565,564,1,0,1,True,1,[0],Deepfakes,train,1
FaceForensics++_C23\Deepfakes/111_094.mp4,433,432,1,0,1,True,1,[0],Deepfakes,train,1
FaceForensics++_C23\Deepfakes/112_892.mp4,418,325,93,28,65,False,20,"[190, 366, 189, 264, 367, 214, 191, 365, 216, 215, 217, 213, 207, 311, 309, 266, 192, 332, 310, 282]",Deepfakes,train,1
FaceForensics++_C23\Deepfakes/113_983.mp4,841,837,4,1,3,True,4,"[827, 747, 14, 0]",Deepfakes,train,1
FaceForensics++_C23\Deepfakes/114_102.mp4,1269,1268,1,0,1,True,1,[0],Deepfakes,test,1
FaceForensics++_C23\Deepfakes/115_939.mp4,320,319,1,0,1,True,1,[0],Deepfakes,val,1
FaceForensics++_C23\Deepfakes/116_091.mp4,327,326,1,0,1,True,1,[0],Deepfakes,val,1
FaceForensics++_C23\Deepfakes/117_217.mp4,548,490,58,18,40,False,20,"[452, 432, 508, 460, 431, 451, 423, 422, 430, 429, 506, 78, 512, 507, 543, 80, 82, 542, 29, 286]",Deepfakes,train,1
FaceForensics++_C23\Deepfakes/118_120.mp4,352,346,6,2,4,True,6,"[0, 14, 15, 16, 139, 138]",Deepfakes,train,1
FaceForensics++_C23\Deepfakes/119_123.mp4,502,500,2,1,1,True,2,"[0, 501]",Deepfakes,train,1
FaceForensics++_C23\Deepfakes/120_118.mp4,405,404,1,0,1,True,1,[0],Deepfakes,train,1
FaceForensics++_C23\Deepfakes/121_093.mp4,553,550,3,1,2,True,3,"[0, 192, 307]",Deepfakes,train,1
FaceForensics++_C23\Deepfakes/122_144.mp4,309,292,17,5,12,True,17,"[293, 294, 246, 296, 0, 238, 295, 247, 248, 32, 216, 215, 214, 212, 33, 213, 34]",Deepfakes,train,1
FaceForensics++_C23\Deepfakes/123_119.mp4,514,513,1,0,1,True,1,[0],Deepfakes,train,1
FaceForensics++_C23\Deepfakes/124_085.mp4,318,291,27,8,19,True,20,"[164, 165, 17, 166, 167, 16, 15, 14, 0, 24, 25, 11, 12, 46, 43, 18, 51, 59, 44, 13]",Deepfakes,train,1
FaceForensics++_C23\Deepfakes/125_038.mp4,500,490,10,3,7,True,10,"[149, 150, 148, 299, 301, 300, 452, 450, 451, 0]",Deepfakes,train,1
FaceForensics++_C23\Deepfakes/126_104.mp4,328,265,63,19,44,False,20,"[69, 110, 260, 256, 94, 257, 108, 184, 2, 90, 189, 174, 254, 252, 92, 188, 285, 209, 191, 261]",Deepfakes,val,1
FaceForensics++_C23\Deepfakes/127_129.mp4,864,863,1,0,1,True,1,[0],Deepfakes,train,1
FaceForensics++_C23\Deepfakes/128_896.mp4,735,734,1,0,1,True,1,[0],Deepfakes,test,1
FaceForensics++_C23\Deepfakes/129_127.mp4,330,328,2,1,1,True,2,"[263, 0]",Deepfakes,train,1
FaceForensics++_C23\Deepfakes/130_139.mp4,662,593,69,21,48,False,20,"[84, 597, 85, 0, 657, 658, 628, 436, 53, 571, 65, 572, 66, 659, 437, 573, 438, 61, 64, 63]",Deepfakes,train,1
FaceForensics++_C23\Deepfakes/131_518.mp4,306,305,1,0,1,True,1,[0],Deepfakes,train,1
FaceForensics++_C23\Deepfakes/132_007.mp4,413,412,1,0,1,True,1,[0],Deepfakes,train,1
FaceForensics++_C23\Deepfakes/133_148.mp4,767,766,1,0,1,True,1,[0],Deepfakes,train,1
FaceForensics++_C23\Deepfakes/134_192.mp4,346,342,4,1,3,True,4,"[0, 228, 226, 227]",Deepfakes,val,1
FaceForensics++_C23\Deepfakes/135_880.mp4,327,326,1,0,1,True,1,[0],Deepfakes,test,1
FaceForensics++_C23\Deepfakes/136_285.mp4,611,609,2,1,1,True,2,"[0, 342]",Deepfakes,train,1
FaceForensics++_C23\Deepfakes/137_165.mp4,606,537,69,21,48,False,20,"[470, 467, 296, 500, 522, 472, 527, 336, 432, 335, 386, 34, 250, 29, 301, 492, 381, 39, 325, 8]",Deepfakes,train,1
FaceForensics++_C23\Deepfakes/138_142.mp4,410,409,1,0,1,True,1,[0],Deepfakes,test,1
FaceForensics++_C23\Deepfakes/139_130.mp4,378,377,1,0,1,True,1,[0],Deepfakes,train,1
FaceForensics++_C23\Deepfakes/140_143.mp4,485,437,48,15,33,False,20,"[391, 151, 383, 148, 149, 386, 451, 152, 390, 460, 456, 147, 458, 150, 450, 462, 385, 4, 457, 473]",Deepfakes,train,1
FaceForensics++_C23\Deepfakes/141_161.mp4,508,501,7,2,5,True,7,"[138, 0, 463, 392, 24, 20, 23]",Deepfakes,test,1
FaceForensics++_C23\Deepfakes/142_138.mp4,962,961,1,0,1,True,1,[0],Deepfakes,test,1
FaceForensics++_C23\Deepfakes/143_140.mp4,414,413,1,0,1,True,1,[0],Deepfakes,train,1
FaceForensics++_C23\Deepfakes/144_122.mp4,344,343,1,0,1,True,1,[0],Deepfakes,train,1
FaceForensics++_C23\Deepfakes/145_299.mp4,475,474,1,0,1,True,1,[0],Deepfakes,val,1
FaceForensics++_C23\Deepfakes/146_256.mp4,1003,971,32,10,22,False,20,"[0, 31, 7, 3, 5, 51, 53, 52, 109, 111, 119, 97, 29, 380, 114, 115, 57, 63, 117, 54]",Deepfakes,train,1
FaceForensics++_C23\Deepfakes/147_055.mp4,667,633,34,10,24,False,20,"[458, 403, 114, 156, 644, 78, 265, 638, 361, 108, 536, 150, 120, 216, 584, 572, 180, 144, 271, 385]",Deepfakes,train,1
FaceForensics++_C23\Deepfakes/148_133.mp4,475,474,1,0,1,True,1,[0],Deepfakes,train,1
FaceForensics++_C23\Deepfakes/149_152.mp4,363,362,1,0,1,True,1,[0],Deepfakes,train,1
FaceForensics++_C23\Deepfakes/150_153.mp4,456,454,2,1,1,True,2,"[0, 146]",Deepfakes,train,1
FaceForensics++_C23\Deepfakes/151_225.mp4,347,346,1,0,1,True,1,[0],Deepfakes,train,1
FaceForensics++_C23\Deepfakes/152_149.mp4,313,312,1,0,1,True,1,[0],Deepfakes,train,1
FaceForensics++_C23\Deepfakes/153_150.mp4,732,725,7,2,5,True,7,"[574, 55, 54, 53, 0, 579, 581]",Deepfakes,train,1
FaceForensics++_C23\Deepfakes/154_386.mp4,594,585,9,3,6,True,9,"[332, 333, 334, 322, 337, 335, 338, 336, 0]",Deepfakes,test,1
FaceForensics++_C23\Deepfakes/155_576.mp4,829,828,1,0,1,True,1,[0],Deepfakes,train,1
FaceForensics++_C23\Deepfakes/156_243.mp4,518,516,2,1,1,True,2,"[0, 106]",Deepfakes,train,1
FaceForensics++_C23\Deepfakes/157_245.mp4,486,485,1,0,1,True,1,[0],Deepfakes,val,1
FaceForensics++_C23\Deepfakes/158_379.mp4,444,443,1,0,1,True,1,[0],Deepfakes,test,1
FaceForensics++_C23\Deepfakes/159_175.mp4,325,319,6,2,4,True,6,"[0, 211, 56, 123, 57, 25]",Deepfakes,val,1
FaceForensics++_C23\Deepfakes/160_928.mp4,534,529,5,2,3,True,5,"[0, 531, 522, 526, 530]",Deepfakes,train,1
FaceForensics++_C23\Deepfakes/161_141.mp4,369,368,1,0,1,True,1,[0],Deepfakes,test,1
FaceForensics++_C23\Deepfakes/162_330.mp4,685,665,20,6,14,True,20,"[0, 168, 288, 164, 163, 167, 165, 162, 244, 245, 212, 211, 243, 213, 161, 210, 668, 669, 250, 670]",Deepfakes,train,1
FaceForensics++_C23\Deepfakes/163_031.mp4,304,303,1,0,1,True,1,[0],Deepfakes,train,1
FaceForensics++_C23\Deepfakes/164_216.mp4,1021,1016,5,2,3,True,5,"[0, 787, 288, 785, 287]",Deepfakes,train,1
FaceForensics++_C23\Deepfakes/165_137.mp4,387,386,1,0,1,True,1,[0],Deepfakes,train,1
FaceForensics++_C23\Deepfakes/166_167.mp4,756,755,1,0,1,True,1,[0],Deepfakes,train,1
FaceForensics++_C23\Deepfakes/167_166.mp4,341,340,1,0,1,True,1,[0],Deepfakes,train,1
FaceForensics++_C23\Deepfakes/168_222.mp4,1228,1227,1,0,1,True,1,[0],Deepfakes,train,1
FaceForensics++_C23\Deepfakes/169_227.mp4,649,648,1,0,1,True,1,[0],Deepfakes,test,1
FaceForensics++_C23\Deepfakes/170_186.mp4,504,482,22,7,15,True,20,"[268, 265, 266, 267, 298, 264, 285, 263, 299, 277, 284, 283, 282, 281, 300, 489, 301, 304, 0, 303]",Deepfakes,test,1
FaceForensics++_C23\Deepfakes/171_173.mp4,541,540,1,0,1,True,1,[0],Deepfakes,train,1
FaceForensics++_C23\Deepfakes/172_582.mp4,752,751,1,0,1,True,1,[0],Deepfakes,train,1
FaceForensics++_C23\Deepfakes/173_171.mp4,721,601,120,36,84,False,20,"[585, 544, 545, 587, 701, 583, 586, 702, 580, 375, 376, 534, 535, 606, 533, 531, 573, 625, 624, 622]",Deepfakes,train,1
FaceForensics++_C23\Deepfakes/174_964.mp4,414,412,2,1,1,True,2,"[200, 0]",Deepfakes,train,1
FaceForensics++_C23\Deepfakes/175_159.mp4,504,501,3,1,2,True,3,"[0, 121, 120]",Deepfakes,val,1
FaceForensics++_C23\Deepfakes/176_190.mp4,376,303,73,22,51,False,20,"[235, 153, 234, 374, 178, 281, 236, 233, 176, 179, 349, 145, 350, 345, 356, 279, 144, 175, 278, 351]",Deepfakes,test,1
FaceForensics++_C23\Deepfakes/177_211.mp4,410,390,20,6,14,True,20,"[2, 7, 5, 1, 0, 6, 386, 352, 310, 351, 409, 306, 305, 318, 311, 307, 308, 309, 317, 319]",Deepfakes,train,1
FaceForensics++_C23\Deepfakes/178_598.mp4,521,520,1,0,1,True,1,[0],Deepfakes,train,1
FaceForensics++_C23\Deepfakes/179_212.mp4,1260,1244,16,5,11,True,16,"[691, 278, 249, 846, 302, 390, 363, 230, 0, 792, 464, 99, 770, 204, 966, 1023]",Deepfakes,train,1
FaceForensics++_C23\Deepfakes/180_105.mp4,569,566,3,1,2,True,3,"[38, 307, 0]",Deepfakes,train,1
FaceForensics++_C23\Deepfakes/181_199.mp4,478,477,1,0,1,True,1,[0],Deepfakes,train,1
FaceForensics++_C23\Deepfakes/182_242.mp4,620,619,1,0,1,True,1,[0],Deepfakes,train,1
FaceForensics++_C23\Deepfakes/183_253.mp4,390,389,1,0,1,True,1,[0],Deepfakes,train,1
FaceForensics++_C23\Deepfakes/184_205.mp4,1254,1253,1,0,1,True,1,[0],Deepfakes,train,1
FaceForensics++_C23\Deepfakes/185_276.mp4,875,844,31,9,22,False,20,"[781, 826, 874, 871, 873, 628, 0, 249, 866, 824, 825, 782, 868, 872, 816, 253, 870, 626, 780, 606]",Deepfakes,train,1
FaceForensics++_C23\Deepfakes/186_170.mp4,334,333,1,0,1,True,1,[0],Deepfakes,test,1
FaceForensics++_C23\Deepfakes/187_234.mp4,986,836,150,45,105,False,20,"[841, 922, 876, 750, 836, 436, 458, 717, 431, 296, 454, 719, 919, 920, 918, 926, 430, 838, 450, 925]",Deepfakes,train,1
FaceForensics++_C23\Deepfakes/188_191.mp4,310,300,10,3,7,True,10,"[0, 307, 309, 308, 306, 305, 304, 303, 302, 301]",Deepfakes,train,1
FaceForensics++_C23\Deepfakes/189_200.mp4,512,505,7,2,5,True,7,"[88, 84, 85, 87, 86, 0, 511]",Deepfakes,train,1
FaceForensics++_C23\Deepfakes/190_176.mp4,331,328,3,1,2,True,3,"[328, 150, 0]",Deepfakes,test,1
FaceForensics++_C23\Deepfakes/191_188.mp4,372,371,1,0,1,True,1,[0],Deepfakes,train,1
FaceForensics++_C23\Deepfakes/192_134.mp4,287,285,2,1,1,True,2,"[0, 286]",Deepfakes,val,1
FaceForensics++_C23\Deepfakes/193_030.mp4,372,368,4,1,3,True,4,"[366, 1, 0, 364]",Deepfakes,train,1
FaceForensics++_C23\Deepfakes/194_235.mp4,567,561,6,2,4,True,6,"[63, 60, 59, 0, 149, 150]",Deepfakes,train,1
FaceForensics++_C23\Deepfakes/195_442.mp4,333,332,1,0,1,True,1,[0],Deepfakes,train,1
FaceForensics++_C23\Deepfakes/196_310.mp4,426,425,1,0,1,True,1,[0],Deepfakes,train,1
FaceForensics++_C23\Deepfakes/197_224.mp4,880,879,1,0,1,True,1,[0],Deepfakes,train,1
FaceForensics++_C23\Deepfakes/198_106.mp4,392,391,1,0,1,True,1,[0],Deepfakes,val,1
FaceForensics++_C23\Deepfakes/199_181.mp4,368,367,1,0,1,True,1,[0],Deepfakes,train,1
FaceForensics++_C23\Deepfakes/200_189.mp4,719,682,37,11,26,False,20,"[250, 252, 240, 254, 251, 237, 238, 236, 253, 235, 354, 500, 84, 502, 489, 504, 353, 503, 351, 501]",Deepfakes,train,1
FaceForensics++_C23\Deepfakes/201_203.mp4,863,862,1,0,1,True,1,[0],Deepfakes,train,1
FaceForensics++_C23\Deepfakes/202_348.mp4,323,321,2,1,1,True,2,"[0, 322]",Deepfakes,train,1
FaceForensics++_C23\Deepfakes/203_201.mp4,446,394,52,16,36,False,20,"[153, 136, 140, 138, 135, 141, 139, 137, 258, 254, 252, 259, 253, 255, 173, 250, 260, 251, 264, 261]",Deepfakes,train,1
FaceForensics++_C23\Deepfakes/204_230.mp4,515,502,13,4,9,True,13,"[0, 333, 249, 464, 184, 466, 185, 509, 508, 496, 497, 475, 487]",Deepfakes,train,1
FaceForensics++_C23\Deepfakes/205_184.mp4,307,300,7,2,5,True,7,"[3, 4, 0, 2, 6, 1, 5]",Deepfakes,train,1
FaceForensics++_C23\Deepfakes/206_221.mp4,714,713,1,0,1,True,1,[0],Deepfakes,train,1
FaceForensics++_C23\Deepfakes/207_908.mp4,346,344,2,1,1,True,2,"[213, 0]",Deepfakes,train,1
FaceForensics++_C23\Deepfakes/208_215.mp4,465,463,2,1,1,True,2,"[119, 0]",Deepfakes,train,1
FaceForensics++_C23\Deepfakes/209_016.mp4,337,263,74,22,52,False,20,"[0, 237, 120, 234, 231, 240, 260, 243, 225, 228, 254, 283, 222, 257, 246, 277, 233, 230, 250, 122]",Deepfakes,train,1
FaceForensics++_C23\Deepfakes/210_241.mp4,839,832,7,2,5,True,7,"[0, 835, 838, 837, 250, 48, 247]",Deepfakes,train,1
FaceForensics++_C23\Deepfakes/211_177.mp4,527,526,1,0,1,True,1,[0],Deepfakes,train,1
FaceForensics++_C23\Deepfakes/212_179.mp4,415,412,3,1,2,True,3,"[265, 266, 0]",Deepfakes,train,1
FaceForensics++_C23\Deepfakes/213_083.mp4,378,371,7,2,5,True,7,"[0, 318, 314, 312, 310, 313, 354]",Deepfakes,train,1
FaceForensics++_C23\Deepfakes/214_255.mp4,462,456,6,2,4,True,6,"[0, 10, 11, 13, 12, 437]",Deepfakes,test,1
FaceForensics++_C23\Deepfakes/215_208.mp4,588,587,1,0,1,True,1,[0],Deepfakes,train,1
FaceForensics++_C23\Deepfakes/216_164.mp4,476,474,2,1,1,True,2,"[411, 0]",Deepfakes,train,1
FaceForensics++_C23\Deepfakes/217_117.mp4,702,665,37,11,26,False,20,"[59, 31, 211, 58, 35, 99, 37, 0, 69, 36, 70, 194, 71, 196, 198, 195, 197, 540, 313, 539]",Deepfakes,train,1
FaceForensics++_C23\Deepfakes/218_239.mp4,353,352,1,0,1,True,1,[0],Deepfakes,train,1
FaceForensics++_C23\Deepfakes/219_220.mp4,350,339,11,3,8,True,11,"[269, 259, 267, 235, 237, 170, 0, 153, 152, 151, 150]",Deepfakes,test,1
FaceForensics++_C23\Deepfakes/220_219.mp4,357,354,3,1,2,True,3,"[0, 356, 355]",Deepfakes,test,1
FaceForensics++_C23\Deepfakes/221_206.mp4,718,717,1,0,1,True,1,[0],Deepfakes,train,1
FaceForensics++_C23\Deepfakes/222_168.mp4,407,402,5,2,3,True,5,"[0, 37, 20, 36, 131]",Deepfakes,train,1
FaceForensics++_C23\Deepfakes/223_586.mp4,336,335,1,0,1,True,1,[0],Deepfakes,val,1
FaceForensics++_C23\Deepfakes/224_197.mp4,488,487,1,0,1,True,1,[0],Deepfakes,train,1
FaceForensics++_C23\Deepfakes/225_151.mp4,304,303,1,0,1,True,1,[0],Deepfakes,train,1
FaceForensics++_C23\Deepfakes/226_491.mp4,328,321,7,2,5,True,7,"[17, 18, 0, 19, 327, 20, 21]",Deepfakes,train,1
FaceForensics++_C23\Deepfakes/227_169.mp4,441,439,2,1,1,True,2,"[230, 0]",Deepfakes,test,1
FaceForensics++_C23\Deepfakes/228_289.mp4,556,555,1,0,1,True,1,[0],Deepfakes,train,1
FaceForensics++_C23\Deepfakes/229_247.mp4,392,388,4,1,3,True,4,"[49, 48, 47, 0]",Deepfakes,train,1
FaceForensics++_C23\Deepfakes/230_204.mp4,372,370,2,1,1,True,2,"[0, 371]",Deepfakes,train,1
FaceForensics++_C23\Deepfakes/231_663.mp4,573,572,1,0,1,True,1,[0],Deepfakes,train,1
FaceForensics++_C23\Deepfakes/232_248.mp4,574,573,1,0,1,True,1,[0],Deepfakes,train,1
FaceForensics++_C23\Deepfakes/233_995.mp4,675,671,4,1,3,True,4,"[0, 51, 50, 39]",Deepfakes,test,1
FaceForensics++_C23\Deepfakes/234_187.mp4,528,527,1,0,1,True,1,[0],Deepfakes,train,1
FaceForensics++_C23\Deepfakes/235_194.mp4,312,259,53,16,37,False,20,"[262, 250, 265, 282, 134, 281, 283, 118, 113, 114, 119, 115, 286, 288, 284, 285, 287, 58, 60, 72]",Deepfakes,train,1
FaceForensics++_C23\Deepfakes/236_237.mp4,651,645,6,2,4,True,6,"[346, 625, 510, 225, 0, 170]",Deepfakes,train,1
FaceForensics++_C23\Deepfakes/237_236.mp4,757,756,1,0,1,True,1,[0],Deepfakes,train,1
FaceForensics++_C23\Deepfakes/238_282.mp4,622,621,1,0,1,True,1,[0],Deepfakes,train,1
FaceForensics++_C23\Deepfakes/239_218.mp4,588,582,6,2,4,True,6,"[0, 3, 2, 5, 6, 4]",Deepfakes,train,1
FaceForensics++_C23\Deepfakes/240_290.mp4,1274,1273,1,0,1,True,1,[0],Deepfakes,train,1
FaceForensics++_C23\Deepfakes/241_210.mp4,292,278,14,4,10,True,14,"[273, 277, 269, 274, 266, 278, 272, 275, 271, 276, 270, 268, 267, 0]",Deepfakes,train,1
FaceForensics++_C23\Deepfakes/242_182.mp4,331,330,1,0,1,True,1,[0],Deepfakes,train,1
FaceForensics++_C23\Deepfakes/243_156.mp4,387,375,12,4,8,True,12,"[76, 77, 75, 86, 100, 356, 35, 0, 71, 69, 70, 131]",Deepfakes,train,1
FaceForensics++_C23\Deepfakes/244_822.mp4,557,556,1,0,1,True,1,[0],Deepfakes,train,1
FaceForensics++_C23\Deepfakes/245_157.mp4,334,333,1,0,1,True,1,[0],Deepfakes,val,1
FaceForensics++_C23\Deepfakes/246_258.mp4,496,495,1,0,1,True,1,[0],Deepfakes,train,1
FaceForensics++_C23\Deepfakes/247_229.mp4,399,360,39,12,27,False,20,"[203, 204, 208, 205, 220, 209, 222, 207, 206, 211, 210, 219, 221, 224, 223, 250, 226, 253, 225, 227]",Deepfakes,train,1
FaceForensics++_C23\Deepfakes/248_232.mp4,496,494,2,1,1,True,2,"[0, 48]",Deepfakes,train,1
FaceForensics++_C23\Deepfakes/249_280.mp4,632,615,17,5,12,True,17,"[169, 0, 549, 554, 557, 546, 552, 551, 548, 545, 544, 542, 555, 541, 539, 629, 630]",Deepfakes,test,1
FaceForensics++_C23\Deepfakes/250_461.mp4,564,563,1,0,1,True,1,[0],Deepfakes,train,1
FaceForensics++_C23\Deepfakes/251_375.mp4,346,345,1,0,1,True,1,[0],Deepfakes,train,1
FaceForensics++_C23\Deepfakes/252_266.mp4,572,522,50,15,35,False,20,"[306, 324, 311, 325, 323, 326, 327, 313, 305, 328, 333, 338, 339, 353, 340, 341, 342, 167, 466, 428]",Deepfakes,train,1
FaceForensics++_C23\Deepfakes/253_183.mp4,501,498,3,1,2,True,3,"[176, 0, 364]",Deepfakes,train,1
FaceForensics++_C23\Deepfakes/254_261.mp4,427,426,1,0,1,True,1,[0],Deepfakes,val,1
FaceForensics++_C23\Deepfakes/255_214.mp4,470,467,3,1,2,True,3,"[188, 288, 0]",Deepfakes,test,1
FaceForensics++_C23\Deepfakes/256_146.mp4,546,529,17,5,12,True,17,"[465, 463, 457, 505, 467, 462, 507, 459, 460, 461, 458, 479, 481, 456, 545, 455, 0]",Deepfakes,train,1
FaceForensics++_C23\Deepfakes/257_420.mp4,763,400,363,109,254,False,20,"[721, 723, 682, 719, 720, 688, 724, 725, 722, 686, 684, 690, 713, 689, 750, 711, 699, 749, 685, 757]",Deepfakes,test,1
FaceForensics++_C23\Deepfakes/258_246.mp4,498,354,144,43,101,False,20,"[150, 147, 149, 146, 165, 164, 13, 175, 176, 14, 178, 15, 12, 162, 167, 161, 177, 16, 0, 171]",Deepfakes,train,1
FaceForensics++_C23\Deepfakes/259_345.mp4,444,438,6,2,4,True,6,"[405, 288, 0, 157, 351, 222]",Deepfakes,train,1
FaceForensics++_C23\Deepfakes/260_331.mp4,302,301,1,0,1,True,1,[0],Deepfakes,train,1
FaceForensics++_C23\Deepfakes/261_254.mp4,677,675,2,1,1,True,2,"[676, 0]",Deepfakes,val,1
FaceForensics++_C23\Deepfakes/262_301.mp4,397,396,1,0,1,True,1,[0],Deepfakes,train,1
FaceForensics++_C23\Deepfakes/263_284.mp4,300,255,45,14,31,False,20,"[188, 176, 194, 174, 193, 195, 168, 150, 192, 153, 196, 183, 138, 180, 126, 128, 132, 133, 198, 181]",Deepfakes,val,1
FaceForensics++_C23\Deepfakes/264_271.mp4,455,453,2,1,1,True,2,"[454, 0]",Deepfakes,train,1
FaceForensics++_C23\Deepfakes/265_475.mp4,552,551,1,0,1,True,1,[0],Deepfakes,train,1
FaceForensics++_C23\Deepfakes/266_252.mp4,465,426,39,12,27,False,20,"[434, 429, 432, 424, 419, 414, 67, 409, 72, 404, 87, 384, 363, 399, 77, 82, 389, 66, 64, 63]",Deepfakes,train,1
FaceForensics++_C23\Deepfakes/267_286.mp4,306,305,1,0,1,True,1,[0],Deepfakes,train,1
FaceForensics++_C23\Deepfakes/268_269.mp4,1465,1457,8,3,5,True,8,"[694, 693, 362, 736, 735, 0, 253, 252]",Deepfakes,train,1
FaceForensics++_C23\Deepfakes/269_268.mp4,387,386,1,0,1,True,1,[0],Deepfakes,train,1
FaceForensics++_C23\Deepfakes/270_297.mp4,311,303,8,3,5,True,8,"[45, 151, 0, 147, 150, 1, 146, 17]",Deepfakes,train,1
FaceForensics++_C23\Deepfakes/271_264.mp4,490,488,2,1,1,True,2,"[137, 0]",Deepfakes,train,1
FaceForensics++_C23\Deepfakes/272_396.mp4,323,320,3,1,2,True,3,"[51, 242, 0]",Deepfakes,train,1
FaceForensics++_C23\Deepfakes/273_807.mp4,322,317,5,2,3,True,5,"[0, 266, 265, 264, 263]",Deepfakes,val,1
FaceForensics++_C23\Deepfakes/274_412.mp4,474,473,1,0,1,True,1,[0],Deepfakes,train,1
FaceForensics++_C23\Deepfakes/275_887.mp4,424,388,36,11,25,False,20,"[409, 389, 406, 411, 414, 159, 416, 149, 418, 112, 419, 305, 195, 117, 144, 18, 0, 139, 6, 421]",Deepfakes,train,1
FaceForensics++_C23\Deepfakes/276_185.mp4,331,298,33,10,23,False,20,"[314, 317, 303, 244, 306, 302, 316, 234, 305, 315, 310, 301, 319, 308, 318, 324, 323, 300, 328, 325]",Deepfakes,train,1
FaceForensics++_C23\Deepfakes/277_335.mp4,966,958,8,3,5,True,8,"[414, 415, 407, 413, 409, 408, 412, 0]",Deepfakes,train,1
FaceForensics++_C23\Deepfakes/278_306.mp4,449,448,1,0,1,True,1,[0],Deepfakes,test,1
FaceForensics++_C23\Deepfakes/279_298.mp4,906,902,4,1,3,True,4,"[0, 1, 13, 14]",Deepfakes,train,1
FaceForensics++_C23\Deepfakes/280_249.mp4,606,605,1,0,1,True,1,[0],Deepfakes,test,1
FaceForensics++_C23\Deepfakes/281_474.mp4,309,308,1,0,1,True,1,[0],Deepfakes,train,1
FaceForensics++_C23\Deepfakes/282_238.mp4,594,593,1,0,1,True,1,[0],Deepfakes,train,1
FaceForensics++_C23\Deepfakes/283_313.mp4,966,965,1,0,1,True,1,[0],Deepfakes,train,1
FaceForensics++_C23\Deepfakes/284_263.mp4,483,434,49,15,34,False,20,"[114, 112, 42, 113, 60, 1, 0, 63, 120, 61, 2, 246, 119, 3, 65, 220, 66, 62, 64, 228]",Deepfakes,val,1
FaceForensics++_C23\Deepfakes/285_136.mp4,383,382,1,0,1,True,1,[0],Deepfakes,train,1
FaceForensics++_C23\Deepfakes/286_267.mp4,668,667,1,0,1,True,1,[0],Deepfakes,train,1
FaceForensics++_C23\Deepfakes/287_426.mp4,475,430,45,14,31,False,20,"[0, 72, 140, 73, 74, 436, 44, 179, 76, 45, 75, 190, 355, 375, 368, 376, 374, 356, 180, 384]",Deepfakes,train,1
FaceForensics++_C23\Deepfakes/288_321.mp4,543,542,1,0,1,True,1,[0],Deepfakes,test,1
FaceForensics++_C23\Deepfakes/289_228.mp4,597,596,1,0,1,True,1,[0],Deepfakes,train,1
FaceForensics++_C23\Deepfakes/290_240.mp4,422,412,10,3,7,True,10,"[0, 40, 153, 25, 136, 39, 41, 24, 22, 23]",Deepfakes,train,1
FaceForensics++_C23\Deepfakes/291_874.mp4,330,327,3,1,2,True,3,"[0, 58, 59]",Deepfakes,train,1
FaceForensics++_C23\Deepfakes/292_294.mp4,425,424,1,0,1,True,1,[0],Deepfakes,train,1
FaceForensics++_C23\Deepfakes/293_296.mp4,758,742,16,5,11,True,16,"[209, 210, 211, 141, 140, 139, 137, 124, 125, 128, 0, 131, 129, 127, 130, 126]",Deepfakes,train,1
FaceForensics++_C23\Deepfakes/294_292.mp4,604,603,1,0,1,True,1,[0],Deepfakes,train,1
FaceForensics++_C23\Deepfakes/295_099.mp4,411,410,1,0,1,True,1,[0],Deepfakes,train,1
FaceForensics++_C23\Deepfakes/296_293.mp4,336,335,1,0,1,True,1,[0],Deepfakes,train,1
FaceForensics++_C23\Deepfakes/297_270.mp4,390,389,1,0,1,True,1,[0],Deepfakes,train,1
FaceForensics++_C23\Deepfakes/298_279.mp4,569,567,2,1,1,True,2,"[0, 568]",Deepfakes,train,1
FaceForensics++_C23\Deepfakes/299_145.mp4,314,310,4,1,3,True,4,"[0, 116, 203, 198]",Deepfakes,val,1
FaceForensics++_C23\Deepfakes/300_304.mp4,598,593,5,2,3,True,5,"[61, 396, 63, 398, 0]",Deepfakes,train,1
FaceForensics++_C23\Deepfakes/301_262.mp4,763,753,10,3,7,True,10,"[101, 554, 65, 0, 272, 207, 267, 17, 666, 123]",Deepfakes,train,1
FaceForensics++_C23\Deepfakes/302_323.mp4,875,874,1,0,1,True,1,[0],Deepfakes,train,1
FaceForensics++_C23\Deepfakes/303_309.mp4,571,569,2,1,1,True,2,"[290, 0]",Deepfakes,train,1
FaceForensics++_C23\Deepfakes/304_300.mp4,610,609,1,0,1,True,1,[0],Deepfakes,train,1
FaceForensics++_C23\Deepfakes/305_513.mp4,843,842,1,0,1,True,1,[0],Deepfakes,train,1
FaceForensics++_C23\Deepfakes/306_278.mp4,728,727,1,0,1,True,1,[0],Deepfakes,test,1
FaceForensics++_C23\Deepfakes/307_365.mp4,378,377,1,0,1,True,1,[0],Deepfakes,train,1
FaceForensics++_C23\Deepfakes/308_388.mp4,502,500,2,1,1,True,2,"[0, 350]",Deepfakes,test,1
FaceForensics++_C23\Deepfakes/309_303.mp4,850,849,1,0,1,True,1,[0],Deepfakes,train,1
FaceForensics++_C23\Deepfakes/310_196.mp4,375,374,1,0,1,True,1,[0],Deepfakes,train,1
FaceForensics++_C23\Deepfakes/311_387.mp4,368,367,1,0,1,True,1,[0],Deepfakes,train,1
FaceForensics++_C23\Deepfakes/312_021.mp4,428,426,2,1,1,True,2,"[287, 0]",Deepfakes,train,1
FaceForensics++_C23\Deepfakes/313_283.mp4,481,477,4,1,3,True,4,"[0, 10, 11, 12]",Deepfakes,train,1
FaceForensics++_C23\Deepfakes/314_347.mp4,413,412,1,0,1,True,1,[0],Deepfakes,test,1
FaceForensics++_C23\Deepfakes/315_322.mp4,304,297,7,2,5,True,7,"[294, 295, 289, 0, 288, 113, 112]",Deepfakes,train,1
FaceForensics++_C23\Deepfakes/316_369.mp4,566,565,1,0,1,True,1,[0],Deepfakes,val,1
FaceForensics++_C23\Deepfakes/317_359.mp4,682,681,1,0,1,True,1,[0],Deepfakes,train,1
FaceForensics++_C23\Deepfakes/318_334.mp4,475,473,2,1,1,True,2,"[0, 474]",Deepfakes,train,1
FaceForensics++_C23\Deepfakes/319_352.mp4,717,716,1,0,1,True,1,[0],Deepfakes,test,1
FaceForensics++_C23\Deepfakes/320_328.mp4,504,482,22,7,15,True,20,"[412, 469, 470, 472, 7, 265, 56, 460, 352, 291, 55, 442, 354, 285, 358, 331, 267, 346, 195, 156]",Deepfakes,train,1
FaceForensics++_C23\Deepfakes/321_288.mp4,567,566,1,0,1,True,1,[0],Deepfakes,test,1
FaceForensics++_C23\Deepfakes/322_315.mp4,313,312,1,0,1,True,1,[0],Deepfakes,train,1
FaceForensics++_C23\Deepfakes/323_302.mp4,456,455,1,0,1,True,1,[0],Deepfakes,train,1
FaceForensics++_C23\Deepfakes/324_356.mp4,1249,1218,31,9,22,False,20,"[1231, 0, 316, 1040, 1041, 319, 332, 1043, 1039, 318, 334, 1044, 333, 1042, 1048, 1046, 325, 1155, 330, 331]",Deepfakes,train,1
FaceForensics++_C23\Deepfakes/325_492.mp4,1421,1281,140,42,98,False,20,"[814, 813, 595, 594, 681, 322, 357, 382, 1069, 358, 319, 355, 310, 325, 327, 354, 364, 379, 361, 585]",Deepfakes,val,1
FaceForensics++_C23\Deepfakes/326_501.mp4,914,912,2,1,1,True,2,"[163, 0]",Deepfakes,train,1
FaceForensics++_C23\Deepfakes/327_329.mp4,495,489,6,2,4,True,6,"[0, 277, 143, 140, 417, 275]",Deepfakes,train,1
FaceForensics++_C23\Deepfakes/328_320.mp4,319,315,4,1,3,True,4,"[147, 148, 0, 149]",Deepfakes,train,1
FaceForensics++_C23\Deepfakes/329_327.mp4,415,414,1,0,1,True,1,[0],Deepfakes,train,1
FaceForensics++_C23\Deepfakes/330_162.mp4,407,399,8,3,5,True,8,"[0, 350, 349, 402, 403, 404, 406, 405]",Deepfakes,train,1
FaceForensics++_C23\Deepfakes/331_260.mp4,469,468,1,0,1,True,1,[0],Deepfakes,train,1
FaceForensics++_C23\Deepfakes/332_051.mp4,695,500,195,59,136,False,20,"[0, 412, 628, 461, 320, 311, 321, 322, 313, 316, 317, 314, 319, 323, 315, 312, 318, 324, 325, 219]",Deepfakes,train,1
FaceForensics++_C23\Deepfakes/333_377.mp4,429,426,3,1,2,True,3,"[0, 427, 428]",Deepfakes,train,1
FaceForensics++_C23\Deepfakes/334_318.mp4,1339,1338,1,0,1,True,1,[0],Deepfakes,train,1
FaceForensics++_C23\Deepfakes/335_277.mp4,384,383,1,0,1,True,1,[0],Deepfakes,train,1
FaceForensics++_C23\Deepfakes/336_338.mp4,507,506,1,0,1,True,1,[0],Deepfakes,train,1
FaceForensics++_C23\Deepfakes/337_522.mp4,331,323,8,3,5,True,8,"[0, 4, 136, 39, 311, 34, 65, 49]",Deepfakes,train,1
FaceForensics++_C23\Deepfakes/338_336.mp4,889,888,1,0,1,True,1,[0],Deepfakes,train,1
FaceForensics++_C23\Deepfakes/339_392.mp4,457,454,3,1,2,True,3,"[373, 0, 372]",Deepfakes,train,1
FaceForensics++_C23\Deepfakes/340_341.mp4,293,291,2,1,1,True,2,"[292, 0]",Deepfakes,train,1
FaceForensics++_C23\Deepfakes/341_340.mp4,827,782,45,14,31,False,20,"[0, 52, 53, 826, 51, 512, 496, 750, 42, 710, 709, 41, 711, 755, 40, 753, 38, 756, 754, 689]",Deepfakes,train,1
FaceForensics++_C23\Deepfakes/342_416.mp4,302,301,1,0,1,True,1,[0],Deepfakes,val,1
FaceForensics++_C23\Deepfakes/343_363.mp4,299,298,1,0,1,True,1,[0],Deepfakes,train,1
FaceForensics++_C23\Deepfakes/344_020.mp4,631,630,1,0,1,True,1,[0],Deepfakes,train,1
FaceForensics++_C23\Deepfakes/345_259.mp4,423,422,1,0,1,True,1,[0],Deepfakes,train,1
FaceForensics++_C23\Deepfakes/346_351.mp4,615,614,1,0,1,True,1,[0],Deepfakes,train,1
FaceForensics++_C23\Deepfakes/347_314.mp4,458,457,1,0,1,True,1,[0],Deepfakes,test,1
FaceForensics++_C23\Deepfakes/348_202.mp4,414,413,1,0,1,True,1,[0],Deepfakes,train,1
FaceForensics++_C23\Deepfakes/349_350.mp4,471,470,1,0,1,True,1,[0],Deepfakes,val,1
FaceForensics++_C23\Deepfakes/350_349.mp4,405,404,1,0,1,True,1,[0],Deepfakes,val,1
FaceForensics++_C23\Deepfakes/351_346.mp4,684,683,1,0,1,True,1,[0],Deepfakes,train,1
FaceForensics++_C23\Deepfakes/352_319.mp4,421,419,2,1,1,True,2,"[151, 0]",Deepfakes,test,1
FaceForensics++_C23\Deepfakes/353_383.mp4,358,357,1,0,1,True,1,[0],Deepfakes,train,1
FaceForensics++_C23\Deepfakes/354_362.mp4,460,459,1,0,1,True,1,[0],Deepfakes,val,1
FaceForensics++_C23\Deepfakes/355_748.mp4,499,485,14,4,10,True,14,"[449, 0, 37, 38, 39, 36, 33, 35, 26, 28, 27, 30, 32, 29]",Deepfakes,train,1
FaceForensics++_C23\Deepfakes/356_324.mp4,558,523,35,11,24,False,20,"[233, 232, 463, 0, 205, 204, 203, 201, 256, 202, 198, 200, 206, 199, 193, 197, 191, 192, 190, 84]",Deepfakes,train,1
FaceForensics++_C23\Deepfakes/357_432.mp4,346,345,1,0,1,True,1,[0],Deepfakes,train,1
FaceForensics++_C23\Deepfakes/358_380.mp4,534,533,1,0,1,True,1,[0],Deepfakes,test,1
FaceForensics++_C23\Deepfakes/359_317.mp4,456,454,2,1,1,True,2,"[0, 224]",Deepfakes,train,1
FaceForensics++_C23\Deepfakes/360_437.mp4,385,369,16,5,11,True,16,"[384, 355, 339, 142, 194, 103, 102, 303, 337, 301, 338, 302, 176, 0, 177, 178]",Deepfakes,train,1
FaceForensics++_C23\Deepfakes/361_448.mp4,455,411,44,13,31,False,20,"[0, 140, 166, 172, 167, 37, 39, 170, 38, 36, 171, 45, 443, 444, 445, 364, 446, 448, 447, 454]",Deepfakes,train,1
FaceForensics++_C23\Deepfakes/362_354.mp4,455,454,1,0,1,True,1,[0],Deepfakes,val,1
FaceForensics++_C23\Deepfakes/363_343.mp4,473,463,10,3,7,True,10,"[15, 132, 0, 341, 343, 344, 342, 340, 345, 339]",Deepfakes,train,1
FaceForensics++_C23\Deepfakes/364_440.mp4,648,647,1,0,1,True,1,[0],Deepfakes,val,1
FaceForensics++_C23\Deepfakes/365_307.mp4,369,368,1,0,1,True,1,[0],Deepfakes,train,1
FaceForensics++_C23\Deepfakes/366_473.mp4,404,397,7,2,5,True,7,"[50, 0, 370, 369, 403, 373, 371]",Deepfakes,train,1
FaceForensics++_C23\Deepfakes/367_371.mp4,649,648,1,0,1,True,1,[0],Deepfakes,test,1
FaceForensics++_C23\Deepfakes/368_378.mp4,761,758,3,1,2,True,3,"[0, 538, 541]",Deepfakes,train,1
FaceForensics++_C23\Deepfakes/369_316.mp4,320,319,1,0,1,True,1,[0],Deepfakes,val,1
FaceForensics++_C23\Deepfakes/370_483.mp4,396,371,25,8,17,True,20,"[0, 249, 250, 251, 252, 253, 254, 277, 255, 276, 256, 275, 274, 273, 272, 257, 271, 258, 259, 260]",Deepfakes,val,1
FaceForensics++_C23\Deepfakes/371_367.mp4,718,717,1,0,1,True,1,[0],Deepfakes,test,1
FaceForensics++_C23\Deepfakes/372_413.mp4,486,485,1,0,1,True,1,[0],Deepfakes,train,1
FaceForensics++_C23\Deepfakes/373_394.mp4,602,601,1,0,1,True,1,[0],Deepfakes,train,1
FaceForensics++_C23\Deepfakes/374_407.mp4,586,585,1,0,1,True,1,[0],Deepfakes,train,1
FaceForensics++_C23\Deepfakes/375_251.mp4,353,352,1,0,1,True,1,[0],Deepfakes,train,1
FaceForensics++_C23\Deepfakes/376_381.mp4,515,512,3,1,2,True,3,"[513, 0, 514]",Deepfakes,test,1
FaceForensics++_C23\Deepfakes/377_333.mp4,398,397,1,0,1,True,1,[0],Deepfakes,train,1
FaceForensics++_C23\Deepfakes/378_368.mp4,761,757,4,1,3,True,4,"[304, 699, 529, 0]",Deepfakes,train,1
FaceForensics++_C23\Deepfakes/379_158.mp4,341,319,22,7,15,True,20,"[47, 257, 259, 258, 198, 196, 195, 194, 55, 199, 260, 261, 54, 0, 53, 50, 197, 254, 262, 67]",Deepfakes,test,1
FaceForensics++_C23\Deepfakes/380_358.mp4,455,454,1,0,1,True,1,[0],Deepfakes,test,1
FaceForensics++_C23\Deepfakes/381_376.mp4,578,576,2,1,1,True,2,"[571, 0]",Deepfakes,test,1
FaceForensics++_C23\Deepfakes/382_409.mp4,313,312,1,0,1,True,1,[0],Deepfakes,train,1
FaceForensics++_C23\Deepfakes/383_353.mp4,465,464,1,0,1,True,1,[0],Deepfakes,train,1
FaceForensics++_C23\Deepfakes/384_932.mp4,462,461,1,0,1,True,1,[0],Deepfakes,test,1
FaceForensics++_C23\Deepfakes/385_414.mp4,349,322,27,8,19,True,20,"[348, 253, 252, 0, 254, 251, 232, 247, 246, 231, 230, 249, 248, 78, 229, 255, 227, 261, 256, 228]",Deepfakes,train,1
FaceForensics++_C23\Deepfakes/386_154.mp4,449,446,3,1,2,True,3,"[447, 448, 0]",Deepfakes,test,1
FaceForensics++_C23\Deepfakes/387_311.mp4,528,527,1,0,1,True,1,[0],Deepfakes,train,1
FaceForensics++_C23\Deepfakes/388_308.mp4,636,631,5,2,3,True,5,"[0, 69, 75, 74, 158]",Deepfakes,test,1
FaceForensics++_C23\Deepfakes/389_480.mp4,314,313,1,0,1,True,1,[0],Deepfakes,test,1
FaceForensics++_C23\Deepfakes/390_709.mp4,809,754,55,17,38,False,20,"[410, 742, 422, 657, 535, 650, 356, 778, 386, 382, 539, 357, 390, 611, 599, 125, 384, 806, 121, 603]",Deepfakes,train,1
FaceForensics++_C23\Deepfakes/391_406.mp4,547,546,1,0,1,True,1,[0],Deepfakes,train,1
FaceForensics++_C23\Deepfakes/392_339.mp4,1496,1491,5,2,3,True,5,"[284, 0, 443, 814, 815]",Deepfakes,train,1
FaceForensics++_C23\Deepfakes/393_405.mp4,579,578,1,0,1,True,1,[0],Deepfakes,train,1
FaceForensics++_C23\Deepfakes/394_373.mp4,420,419,1,0,1,True,1,[0],Deepfakes,train,1
FaceForensics++_C23\Deepfakes/395_401.mp4,448,446,2,1,1,True,2,"[0, 447]",Deepfakes,train,1
FaceForensics++_C23\Deepfakes/396_272.mp4,525,524,1,0,1,True,1,[0],Deepfakes,train,1
FaceForensics++_C23\Deepfakes/397_602.mp4,355,308,47,14,33,False,20,"[279, 283, 0, 282, 285, 284, 255, 81, 287, 281, 169, 257, 83, 256, 286, 28, 30, 82, 46, 280]",Deepfakes,train,1
FaceForensics++_C23\Deepfakes/398_457.mp4,582,581,1,0,1,True,1,[0],Deepfakes,train,1
FaceForensics++_C23\Deepfakes/399_488.mp4,862,861,1,0,1,True,1,[0],Deepfakes,test,1
FaceForensics++_C23\Deepfakes/400_476.mp4,357,356,1,0,1,True,1,[0],Deepfakes,train,1
FaceForensics++_C23\Deepfakes/401_395.mp4,492,491,1,0,1,True,1,[0],Deepfakes,train,1
FaceForensics++_C23\Deepfakes/402_453.mp4,423,400,23,7,16,True,20,"[132, 133, 300, 0, 131, 127, 51, 66, 59, 126, 53, 299, 55, 50, 129, 128, 60, 57, 52, 54]",Deepfakes,val,1
FaceForensics++_C23\Deepfakes/403_497.mp4,707,585,122,37,85,False,20,"[0, 5, 6, 533, 3, 413, 302, 318, 266, 503, 634, 527, 300, 88, 242, 265, 203, 241, 524, 641]",Deepfakes,train,1
FaceForensics++_C23\Deepfakes/404_429.mp4,798,518,280,84,196,False,20,"[267, 283, 287, 285, 282, 173, 284, 286, 4, 7, 5, 6, 3, 2, 0, 731, 1, 500, 708, 738]",Deepfakes,test,1
FaceForensics++_C23\Deepfakes/405_393.mp4,531,530,1,0,1,True,1,[0],Deepfakes,train,1
FaceForensics++_C23\Deepfakes/406_391.mp4,512,505,7,2,5,True,7,"[0, 14, 17, 12, 13, 15, 16]",Deepfakes,train,1
FaceForensics++_C23\Deepfakes/407_374.mp4,504,503,1,0,1,True,1,[0],Deepfakes,train,1
FaceForensics++_C23\Deepfakes/408_424.mp4,306,167,139,42,97,False,20,"[48, 98, 71, 97, 78, 72, 63, 73, 42, 108, 80, 75, 99, 84, 76, 81, 53, 82, 79, 43]",Deepfakes,train,1
FaceForensics++_C23\Deepfakes/409_382.mp4,361,360,1,0,1,True,1,[0],Deepfakes,train,1
FaceForensics++_C23\Deepfakes/410_411.mp4,459,458,1,0,1,True,1,[0],Deepfakes,train,1
FaceForensics++_C23\Deepfakes/411_410.mp4,529,457,72,22,50,False,20,"[181, 178, 179, 216, 217, 198, 218, 65, 475, 226, 500, 222, 491, 177, 182, 469, 194, 0, 499, 157]",Deepfakes,train,1
FaceForensics++_C23\Deepfakes/412_274.mp4,572,570,2,1,1,True,2,"[571, 0]",Deepfakes,train,1
FaceForensics++_C23\Deepfakes/413_372.mp4,379,378,1,0,1,True,1,[0],Deepfakes,train,1
FaceForensics++_C23\Deepfakes/414_385.mp4,587,586,1,0,1,True,1,[0],Deepfakes,train,1
FaceForensics++_C23\Deepfakes/415_484.mp4,563,562,1,0,1,True,1,[0],Deepfakes,train,1
FaceForensics++_C23\Deepfakes/416_342.mp4,313,312,1,0,1,True,1,[0],Deepfakes,val,1
FaceForensics++_C23\Deepfakes/417_496.mp4,861,825,36,11,25,False,20,"[0, 3, 256, 4, 274, 13, 6, 584, 5, 7, 255, 306, 624, 581, 273, 305, 603, 307, 299, 14]",Deepfakes,train,1
FaceForensics++_C23\Deepfakes/418_507.mp4,319,318,1,0,1,True,1,[0],Deepfakes,test,1
FaceForensics++_C23\Deepfakes/419_824.mp4,487,486,1,0,1,True,1,[0],Deepfakes,val,1
FaceForensics++_C23\Deepfakes/420_257.mp4,1126,1121,5,2,3,True,5,"[535, 0, 561, 536, 562]",Deepfakes,test,1
FaceForensics++_C23\Deepfakes/421_423.mp4,1038,1037,1,0,1,True,1,[0],Deepfakes,test,1
FaceForensics++_C23\Deepfakes/422_695.mp4,316,266,50,15,35,False,20,"[191, 193, 169, 122, 189, 124, 194, 121, 190, 192, 123, 125, 12, 14, 8, 6, 10, 13, 43, 11]",Deepfakes,test,1
FaceForensics++_C23\Deepfakes/423_421.mp4,1814,1813,1,0,1,True,1,[0],Deepfakes,test,1
FaceForensics++_C23\Deepfakes/424_408.mp4,311,309,2,1,1,True,2,"[0, 10]",Deepfakes,train,1
FaceForensics++_C23\Deepfakes/425_485.mp4,336,333,3,1,2,True,3,"[334, 335, 0]",Deepfakes,test,1
FaceForensics++_C23\Deepfakes/426_287.mp4,335,301,34,10,24,False,20,"[0, 125, 307, 128, 100, 127, 309, 89, 126, 95, 93, 98, 91, 97, 94, 232, 230, 90, 308, 92]",Deepfakes,train,1
FaceForensics++_C23\Deepfakes/427_637.mp4,468,467,1,0,1,True,1,[0],Deepfakes,train,1
FaceForensics++_C23\Deepfakes/428_466.mp4,540,539,1,0,1,True,1,[0],Deepfakes,train,1
FaceForensics++_C23\Deepfakes/429_404.mp4,457,454,3,1,2,True,3,"[317, 0, 318]",Deepfakes,test,1
FaceForensics++_C23\Deepfakes/430_459.mp4,357,355,2,1,1,True,2,"[0, 162]",Deepfakes,train,1
FaceForensics++_C23\Deepfakes/431_447.mp4,616,615,1,0,1,True,1,[0],Deepfakes,train,1
FaceForensics++_C23\Deepfakes/432_357.mp4,360,359,1,0,1,True,1,[0],Deepfakes,train,1
FaceForensics++_C23\Deepfakes/433_498.mp4,532,530,2,1,1,True,2,"[0, 77]",Deepfakes,train,1
FaceForensics++_C23\Deepfakes/434_438.mp4,337,336,1,0,1,True,1,[0],Deepfakes,train,1
FaceForensics++_C23\Deepfakes/435_456.mp4,476,463,13,4,9,True,13,"[111, 110, 22, 20, 21, 395, 19, 18, 17, 396, 16, 14, 0]",Deepfakes,train,1
FaceForensics++_C23\Deepfakes/436_526.mp4,518,475,43,13,30,False,20,"[497, 291, 339, 348, 353, 351, 310, 317, 331, 329, 325, 315, 333, 311, 319, 334, 320, 324, 396, 314]",Deepfakes,train,1
FaceForensics++_C23\Deepfakes/437_360.mp4,593,547,46,14,32,False,20,"[292, 313, 505, 0, 529, 187, 537, 531, 472, 176, 189, 547, 301, 180, 488, 538, 178, 545, 188, 171]",Deepfakes,train,1
FaceForensics++_C23\Deepfakes/438_434.mp4,542,541,1,0,1,True,1,[0],Deepfakes,train,1
FaceForensics++_C23\Deepfakes/439_441.mp4,462,460,2,1,1,True,2,"[174, 0]",Deepfakes,train,1
FaceForensics++_C23\Deepfakes/440_364.mp4,419,414,5,2,3,True,5,"[97, 76, 77, 98, 0]",Deepfakes,val,1
FaceForensics++_C23\Deepfakes/441_439.mp4,305,299,6,2,4,True,6,"[124, 0, 53, 57, 63, 67]",Deepfakes,train,1
FaceForensics++_C23\Deepfakes/442_195.mp4,355,309,46,14,32,False,20,"[9, 10, 0, 1, 8, 4, 2, 3, 11, 7, 5, 6, 13, 16, 15, 19, 22, 14, 17, 12]",Deepfakes,train,1
FaceForensics++_C23\Deepfakes/443_514.mp4,1146,1145,1,0,1,True,1,[0],Deepfakes,val,1
FaceForensics++_C23\Deepfakes/444_655.mp4,437,436,1,0,1,True,1,[0],Deepfakes,train,1
FaceForensics++_C23\Deepfakes/445_494.mp4,1053,1052,1,0,1,True,1,[0],Deepfakes,test,1
FaceForensics++_C23\Deepfakes/446_667.mp4,423,412,11,3,8,True,11,"[0, 1, 359, 153, 152, 155, 156, 154, 2, 219, 220]",Deepfakes,train,1
FaceForensics++_C23\Deepfakes/447_431.mp4,326,325,1,0,1,True,1,[0],Deepfakes,train,1
FaceForensics++_C23\Deepfakes/448_361.mp4,528,527,1,0,1,True,1,[0],Deepfakes,train,1
FaceForensics++_C23\Deepfakes/449_451.mp4,306,304,2,1,1,True,2,"[305, 0]",Deepfakes,train,1
FaceForensics++_C23\Deepfakes/450_533.mp4,774,768,6,2,4,True,6,"[639, 0, 638, 637, 636, 635]",Deepfakes,train,1
FaceForensics++_C23\Deepfakes/451_449.mp4,383,382,1,0,1,True,1,[0],Deepfakes,train,1
FaceForensics++_C23\Deepfakes/452_550.mp4,606,605,1,0,1,True,1,[0],Deepfakes,test,1
FaceForensics++_C23\Deepfakes/453_402.mp4,645,644,1,0,1,True,1,[0],Deepfakes,val,1
FaceForensics++_C23\Deepfakes/454_527.mp4,384,366,18,6,12,True,18,"[238, 239, 237, 236, 380, 0, 381, 376, 382, 377, 383, 374, 375, 372, 368, 367, 373, 369]",Deepfakes,test,1
FaceForensics++_C23\Deepfakes/455_471.mp4,370,155,215,65,150,False,20,"[0, 206, 184, 282, 281, 289, 219, 355, 203, 14, 285, 292, 3, 222, 295, 319, 212, 183, 205, 347]",Deepfakes,val,1
FaceForensics++_C23\Deepfakes/456_435.mp4,608,602,6,2,4,True,6,"[322, 0, 214, 90, 420, 502]",Deepfakes,train,1
FaceForensics++_C23\Deepfakes/457_398.mp4,528,526,2,1,1,True,2,"[192, 0]",Deepfakes,train,1
FaceForensics++_C23\Deepfakes/458_722.mp4,351,350,1,0,1,True,1,[0],Deepfakes,train,1
FaceForensics++_C23\Deepfakes/459_430.mp4,526,521,5,2,3,True,5,"[304, 302, 328, 303, 0]",Deepfakes,train,1
FaceForensics++_C23\Deepfakes/460_678.mp4,640,636,4,1,3,True,4,"[0, 603, 605, 604]",Deepfakes,train,1
FaceForensics++_C23\Deepfakes/461_250.mp4,612,610,2,1,1,True,2,"[611, 0]",Deepfakes,train,1
FaceForensics++_C23\Deepfakes/462_467.mp4,585,584,1,0,1,True,1,[0],Deepfakes,test,1
FaceForensics++_C23\Deepfakes/463_464.mp4,315,279,36,11,25,False,20,"[213, 203, 210, 201, 204, 80, 205, 202, 82, 209, 211, 216, 143, 212, 207, 81, 208, 272, 215, 217]",Deepfakes,train,1
FaceForensics++_C23\Deepfakes/464_463.mp4,404,402,2,1,1,True,2,"[0, 143]",Deepfakes,train,1
FaceForensics++_C23\Deepfakes/465_482.mp4,329,328,1,0,1,True,1,[0],Deepfakes,val,1
FaceForensics++_C23\Deepfakes/466_428.mp4,334,327,7,2,5,True,7,"[280, 283, 333, 332, 128, 0, 129]",Deepfakes,train,1
FaceForensics++_C23\Deepfakes/467_462.mp4,423,421,2,1,1,True,2,"[33, 0]",Deepfakes,test,1
FaceForensics++_C23\Deepfakes/468_470.mp4,597,596,1,0,1,True,1,[0],Deepfakes,val,1
FaceForensics++_C23\Deepfakes/469_481.mp4,414,395,19,6,13,True,19,"[0, 44, 333, 330, 409, 45, 386, 327, 328, 331, 388, 46, 329, 47, 35, 51, 52, 124, 123]",Deepfakes,train,1
FaceForensics++_C23\Deepfakes/470_468.mp4,905,904,1,0,1,True,1,[0],Deepfakes,val,1
FaceForensics++_C23\Deepfakes/471_455.mp4,540,539,1,0,1,True,1,[0],Deepfakes,val,1
FaceForensics++_C23\Deepfakes/472_511.mp4,479,478,1,0,1,True,1,[0],Deepfakes,val,1
FaceForensics++_C23\Deepfakes/473_366.mp4,574,573,1,0,1,True,1,[0],Deepfakes,train,1
FaceForensics++_C23\Deepfakes/474_281.mp4,296,59,237,71,166,False,20,"[103, 105, 113, 109, 85, 83, 93, 88, 107, 97, 100, 99, 189, 110, 179, 104, 187, 92, 94, 90]",Deepfakes,train,1
FaceForensics++_C23\Deepfakes/475_265.mp4,337,332,5,2,3,True,5,"[50, 19, 20, 0, 7]",Deepfakes,train,1
FaceForensics++_C23\Deepfakes/476_400.mp4,310,248,62,19,43,False,20,"[115, 94, 0, 114, 109, 89, 113, 84, 79, 120, 119, 34, 4, 253, 255, 112, 64, 256, 289, 254]",Deepfakes,train,1
FaceForensics++_C23\Deepfakes/477_487.mp4,365,354,11,3,8,True,11,"[0, 320, 315, 23, 316, 321, 322, 323, 318, 319, 317]",Deepfakes,train,1
FaceForensics++_C23\Deepfakes/478_506.mp4,749,748,1,0,1,True,1,[0],Deepfakes,train,1
FaceForensics++_C23\Deepfakes/479_706.mp4,488,485,3,1,2,True,3,"[312, 0, 450]",Deepfakes,test,1
FaceForensics++_C23\Deepfakes/480_389.mp4,485,484,1,0,1,True,1,[0],Deepfakes,test,1
FaceForensics++_C23\Deepfakes/481_469.mp4,414,400,14,4,10,True,14,"[0, 356, 355, 228, 227, 167, 177, 169, 51, 168, 49, 52, 50, 53]",Deepfakes,train,1
FaceForensics++_C23\Deepfakes/482_465.mp4,354,282,72,22,50,False,20,"[169, 333, 329, 332, 212, 168, 336, 213, 214, 291, 334, 339, 335, 229, 230, 0, 233, 231, 234, 351]",Deepfakes,val,1
FaceForensics++_C23\Deepfakes/483_370.mp4,375,374,1,0,1,True,1,[0],Deepfakes,val,1
FaceForensics++_C23\Deepfakes/484_415.mp4,319,318,1,0,1,True,1,[0],Deepfakes,train,1
FaceForensics++_C23\Deepfakes/485_425.mp4,803,802,1,0,1,True,1,[0],Deepfakes,test,1
FaceForensics++_C23\Deepfakes/486_680.mp4,564,563,1,0,1,True,1,[0],Deepfakes,train,1
FaceForensics++_C23\Deepfakes/487_477.mp4,319,318,1,0,1,True,1,[0],Deepfakes,train,1
FaceForensics++_C23\Deepfakes/488_399.mp4,518,511,7,2,5,True,7,"[82, 64, 255, 144, 46, 514, 0]",Deepfakes,test,1
FaceForensics++_C23\Deepfakes/489_022.mp4,566,562,4,1,3,True,4,"[7, 3, 0, 1]",Deepfakes,train,1
FaceForensics++_C23\Deepfakes/490_534.mp4,635,634,1,0,1,True,1,[0],Deepfakes,train,1
FaceForensics++_C23\Deepfakes/491_226.mp4,427,426,1,0,1,True,1,[0],Deepfakes,train,1
FaceForensics++_C23\Deepfakes/492_325.mp4,347,346,1,0,1,True,1,[0],Deepfakes,val,1
FaceForensics++_C23\Deepfakes/493_538.mp4,395,392,3,1,2,True,3,"[387, 386, 0]",Deepfakes,val,1
FaceForensics++_C23\Deepfakes/494_445.mp4,802,801,1,0,1,True,1,[0],Deepfakes,test,1
FaceForensics++_C23\Deepfakes/495_512.mp4,573,571,2,1,1,True,2,"[0, 43]",Deepfakes,train,1
FaceForensics++_C23\Deepfakes/496_417.mp4,1496,1491,5,2,3,True,5,"[0, 1022, 882, 957, 1021]",Deepfakes,train,1
FaceForensics++_C23\Deepfakes/497_403.mp4,621,619,2,1,1,True,2,"[0, 145]",Deepfakes,train,1
FaceForensics++_C23\Deepfakes/498_433.mp4,317,316,1,0,1,True,1,[0],Deepfakes,train,1
FaceForensics++_C23\Deepfakes/499_539.mp4,514,511,3,1,2,True,3,"[302, 0, 37]",Deepfakes,train,1
FaceForensics++_C23\Deepfakes/500_592.mp4,292,291,1,0,1,True,1,[0],Deepfakes,train,1
FaceForensics++_C23\Deepfakes/501_326.mp4,522,521,1,0,1,True,1,[0],Deepfakes,train,1
FaceForensics++_C23\Deepfakes/502_504.mp4,317,315,2,1,1,True,2,"[36, 0]",Deepfakes,train,1
FaceForensics++_C23\Deepfakes/503_756.mp4,674,673,1,0,1,True,1,[0],Deepfakes,train,1
FaceForensics++_C23\Deepfakes/504_502.mp4,317,316,1,0,1,True,1,[0],Deepfakes,train,1
FaceForensics++_C23\Deepfakes/505_600.mp4,543,540,3,1,2,True,3,"[532, 538, 0]",Deepfakes,train,1
FaceForensics++_C23\Deepfakes/506_478.mp4,668,667,1,0,1,True,1,[0],Deepfakes,train,1
FaceForensics++_C23\Deepfakes/507_418.mp4,469,457,12,4,8,True,12,"[174, 154, 228, 173, 153, 227, 403, 278, 409, 280, 279, 0]",Deepfakes,test,1
FaceForensics++_C23\Deepfakes/508_831.mp4,603,597,6,2,4,True,6,"[590, 362, 363, 592, 589, 0]",Deepfakes,train,1
FaceForensics++_C23\Deepfakes/509_525.mp4,563,440,123,39,84,False,20,"[126, 128, 125, 122, 136, 116, 144, 124, 142, 146, 127, 166, 110, 140, 119, 108, 114, 145, 123, 135]",Deepfakes,train,1
FaceForensics++_C23\Deepfakes/510_528.mp4,340,254,86,26,60,False,20,"[0, 105, 108, 107, 122, 60, 84, 109, 85, 86, 83, 112, 88, 315, 316, 307, 319, 317, 318, 87]",Deepfakes,train,1
FaceForensics++_C23\Deepfakes/511_472.mp4,809,808,1,0,1,True,1,[0],Deepfakes,val,1
FaceForensics++_C23\Deepfakes/512_495.mp4,750,749,1,0,1,True,1,[0],Deepfakes,train,1
FaceForensics++_C23\Deepfakes/513_305.mp4,494,488,6,2,4,True,6,"[0, 104, 102, 105, 106, 103]",Deepfakes,train,1
FaceForensics++_C23\Deepfakes/514_443.mp4,361,357,4,1,3,True,4,"[216, 0, 207, 179]",Deepfakes,val,1
FaceForensics++_C23\Deepfakes/515_519.mp4,766,765,1,0,1,True,1,[0],Deepfakes,train,1
FaceForensics++_C23\Deepfakes/516_555.mp4,354,352,2,1,1,True,2,"[0, 248]",Deepfakes,train,1
FaceForensics++_C23\Deepfakes/517_521.mp4,373,372,1,0,1,True,1,[0],Deepfakes,test,1
FaceForensics++_C23\Deepfakes/518_131.mp4,295,294,1,0,1,True,1,[0],Deepfakes,train,1
FaceForensics++_C23\Deepfakes/519_515.mp4,751,750,1,0,1,True,1,[0],Deepfakes,train,1
FaceForensics++_C23\Deepfakes/520_542.mp4,350,349,1,0,1,True,1,[0],Deepfakes,train,1
FaceForensics++_C23\Deepfakes/521_517.mp4,304,303,1,0,1,True,1,[0],Deepfakes,test,1
FaceForensics++_C23\Deepfakes/522_337.mp4,713,712,1,0,1,True,1,[0],Deepfakes,train,1
FaceForensics++_C23\Deepfakes/523_541.mp4,375,374,1,0,1,True,1,[0],Deepfakes,train,1
FaceForensics++_C23\Deepfakes/524_580.mp4,527,526,1,0,1,True,1,[0],Deepfakes,train,1
FaceForensics++_C23\Deepfakes/525_509.mp4,517,516,1,0,1,True,1,[0],Deepfakes,train,1
FaceForensics++_C23\Deepfakes/526_436.mp4,838,836,2,1,1,True,2,"[302, 0]",Deepfakes,train,1
FaceForensics++_C23\Deepfakes/527_454.mp4,342,334,8,3,5,True,8,"[300, 301, 302, 0, 284, 303, 304, 18]",Deepfakes,test,1
FaceForensics++_C23\Deepfakes/528_510.mp4,377,336,41,12,29,False,20,"[114, 112, 217, 221, 218, 224, 223, 214, 222, 225, 235, 236, 212, 242, 227, 238, 237, 230, 232, 233]",Deepfakes,train,1
FaceForensics++_C23\Deepfakes/529_633.mp4,335,332,3,1,2,True,3,"[334, 10, 0]",Deepfakes,test,1
FaceForensics++_C23\Deepfakes/530_594.mp4,716,712,4,1,3,True,4,"[699, 201, 0, 436]",Deepfakes,train,1
FaceForensics++_C23\Deepfakes/531_549.mp4,319,312,7,2,5,True,7,"[1, 0, 36, 41, 46, 38, 39]",Deepfakes,train,1
FaceForensics++_C23\Deepfakes/532_544.mp4,391,390,1,0,1,True,1,[0],Deepfakes,train,1
FaceForensics++_C23\Deepfakes/533_450.mp4,558,555,3,1,2,True,3,"[536, 0, 237]",Deepfakes,train,1
FaceForensics++_C23\Deepfakes/534_490.mp4,384,382,2,1,1,True,2,"[334, 0]",Deepfakes,train,1
FaceForensics++_C23\Deepfakes/535_587.mp4,667,664,3,1,2,True,3,"[664, 666, 0]",Deepfakes,train,1
FaceForensics++_C23\Deepfakes/536_540.mp4,603,602,1,0,1,True,1,[0],Deepfakes,train,1
FaceForensics++_C23\Deepfakes/537_563.mp4,385,383,2,1,1,True,2,"[0, 286]",Deepfakes,train,1
FaceForensics++_C23\Deepfakes/538_493.mp4,596,595,1,0,1,True,1,[0],Deepfakes,val,1
FaceForensics++_C23\Deepfakes/539_499.mp4,313,312,1,0,1,True,1,[0],Deepfakes,train,1
FaceForensics++_C23\Deepfakes/540_536.mp4,957,955,2,1,1,True,2,"[815, 0]",Deepfakes,train,1
FaceForensics++_C23\Deepfakes/541_523.mp4,390,389,1,0,1,True,1,[0],Deepfakes,train,1
FaceForensics++_C23\Deepfakes/542_520.mp4,320,318,2,1,1,True,2,"[0, 319]",Deepfakes,train,1
FaceForensics++_C23\Deepfakes/543_559.mp4,718,713,5,2,3,True,5,"[160, 46, 161, 47, 0]",Deepfakes,train,1
FaceForensics++_C23\Deepfakes/544_532.mp4,355,352,3,1,2,True,3,"[0, 353, 354]",Deepfakes,train,1
FaceForensics++_C23\Deepfakes/545_553.mp4,436,432,4,1,3,True,4,"[0, 365, 364, 363]",Deepfakes,train,1
FaceForensics++_C23\Deepfakes/546_621.mp4,714,711,3,1,2,True,3,"[18, 522, 0]",Deepfakes,train,1
FaceForensics++_C23\Deepfakes/547_574.mp4,496,495,1,0,1,True,1,[0],Deepfakes,train,1
FaceForensics++_C23\Deepfakes/548_632.mp4,573,572,1,0,1,True,1,[0],Deepfakes,val,1
FaceForensics++_C23\Deepfakes/549_531.mp4,624,406,218,66,152,False,20,"[396, 394, 398, 542, 384, 529, 541, 589, 386, 544, 539, 561, 401, 559, 546, 533, 560, 547, 551, 557]",Deepfakes,train,1
FaceForensics++_C23\Deepfakes/550_452.mp4,444,441,3,1,2,True,3,"[0, 442, 443]",Deepfakes,test,1
FaceForensics++_C23\Deepfakes/551_631.mp4,727,726,1,0,1,True,1,[0],Deepfakes,train,1
FaceForensics++_C23\Deepfakes/552_851.mp4,303,300,3,1,2,True,3,"[302, 0, 234]",Deepfakes,test,1
FaceForensics++_C23\Deepfakes/553_545.mp4,364,362,2,1,1,True,2,"[236, 0]",Deepfakes,train,1
FaceForensics++_C23\Deepfakes/554_572.mp4,828,827,1,0,1,True,1,[0],Deepfakes,train,1
FaceForensics++_C23\Deepfakes/555_516.mp4,572,571,1,0,1,True,1,[0],Deepfakes,train,1
FaceForensics++_C23\Deepfakes/556_588.mp4,372,371,1,0,1,True,1,[0],Deepfakes,train,1
FaceForensics++_C23\Deepfakes/557_560.mp4,509,506,3,1,2,True,3,"[444, 0, 445]",Deepfakes,val,1
FaceForensics++_C23\Deepfakes/558_583.mp4,535,471,64,19,45,False,20,"[8, 6, 471, 7, 292, 4, 5, 344, 250, 3, 296, 254, 75, 2, 0, 251, 73, 252, 253, 298]",Deepfakes,val,1
FaceForensics++_C23\Deepfakes/559_543.mp4,334,333,1,0,1,True,1,[0],Deepfakes,train,1
FaceForensics++_C23\Deepfakes/560_557.mp4,349,347,2,1,1,True,2,"[0, 276]",Deepfakes,val,1
FaceForensics++_C23\Deepfakes/561_998.mp4,416,415,1,0,1,True,1,[0],Deepfakes,train,1
FaceForensics++_C23\Deepfakes/562_626.mp4,467,464,3,1,2,True,3,"[38, 0, 39]",Deepfakes,train,1
FaceForensics++_C23\Deepfakes/563_537.mp4,390,389,1,0,1,True,1,[0],Deepfakes,train,1
FaceForensics++_C23\Deepfakes/564_971.mp4,648,647,1,0,1,True,1,[0],Deepfakes,val,1
FaceForensics++_C23\Deepfakes/565_589.mp4,430,429,1,0,1,True,1,[0],Deepfakes,val,1
FaceForensics++_C23\Deepfakes/566_617.mp4,723,693,30,9,21,False,20,"[211, 574, 506, 701, 55, 649, 646, 705, 186, 666, 380, 246, 449, 471, 0, 277, 173, 158, 140, 155]",Deepfakes,val,1
FaceForensics++_C23\Deepfakes/567_606.mp4,340,339,1,0,1,True,1,[0],Deepfakes,val,1
FaceForensics++_C23\Deepfakes/568_628.mp4,570,569,1,0,1,True,1,[0],Deepfakes,train,1
FaceForensics++_C23\Deepfakes/569_921.mp4,335,334,1,0,1,True,1,[0],Deepfakes,train,1
FaceForensics++_C23\Deepfakes/570_624.mp4,430,429,1,0,1,True,1,[0],Deepfakes,train,1
FaceForensics++_C23\Deepfakes/571_746.mp4,576,575,1,0,1,True,1,[0],Deepfakes,val,1
FaceForensics++_C23\Deepfakes/572_554.mp4,347,345,2,1,1,True,2,"[24, 0]",Deepfakes,train,1
FaceForensics++_C23\Deepfakes/573_757.mp4,613,612,1,0,1,True,1,[0],Deepfakes,train,1
FaceForensics++_C23\Deepfakes/574_547.mp4,507,506,1,0,1,True,1,[0],Deepfakes,train,1
FaceForensics++_C23\Deepfakes/575_603.mp4,557,534,23,7,16,True,20,"[192, 193, 309, 489, 236, 488, 41, 46, 40, 42, 518, 514, 0, 45, 162, 515, 519, 158, 163, 157]",Deepfakes,train,1
FaceForensics++_C23\Deepfakes/576_155.mp4,461,439,22,7,15,True,20,"[0, 261, 264, 259, 260, 263, 262, 258, 257, 265, 266, 268, 274, 272, 256, 267, 273, 270, 269, 271]",Deepfakes,train,1
FaceForensics++_C23\Deepfakes/577_593.mp4,344,343,1,0,1,True,1,[0],Deepfakes,train,1
FaceForensics++_C23\Deepfakes/578_636.mp4,564,559,5,2,3,True,5,"[0, 344, 345, 347, 346]",Deepfakes,train,1
FaceForensics++_C23\Deepfakes/579_701.mp4,476,475,1,0,1,True,1,[0],Deepfakes,test,1
FaceForensics++_C23\Deepfakes/580_524.mp4,292,291,1,0,1,True,1,[0],Deepfakes,train,1
FaceForensics++_C23\Deepfakes/581_697.mp4,382,381,1,0,1,True,1,[0],Deepfakes,train,1
FaceForensics++_C23\Deepfakes/582_172.mp4,431,349,82,25,57,False,20,"[201, 253, 197, 202, 250, 215, 200, 248, 2, 0, 179, 329, 4, 269, 3, 246, 8, 241, 1, 16]",Deepfakes,train,1
FaceForensics++_C23\Deepfakes/583_558.mp4,475,474,1,0,1,True,1,[0],Deepfakes,val,1
FaceForensics++_C23\Deepfakes/584_823.mp4,475,474,1,0,1,True,1,[0],Deepfakes,val,1
FaceForensics++_C23\Deepfakes/585_599.mp4,359,358,1,0,1,True,1,[0],Deepfakes,val,1
FaceForensics++_C23\Deepfakes/586_223.mp4,379,376,3,1,2,True,3,"[0, 312, 106]",Deepfakes,val,1
FaceForensics++_C23\Deepfakes/587_535.mp4,626,623,3,1,2,True,3,"[0, 624, 625]",Deepfakes,train,1
FaceForensics++_C23\Deepfakes/588_556.mp4,544,543,1,0,1,True,1,[0],Deepfakes,train,1
FaceForensics++_C23\Deepfakes/589_565.mp4,686,683,3,1,2,True,3,"[71, 0, 66]",Deepfakes,val,1
FaceForensics++_C23\Deepfakes/590_034.mp4,600,597,3,1,2,True,3,"[245, 244, 0]",Deepfakes,train,1
FaceForensics++_C23\Deepfakes/591_605.mp4,541,533,8,3,5,True,8,"[0, 174, 173, 30, 27, 26, 29, 28]",Deepfakes,train,1
FaceForensics++_C23\Deepfakes/592_500.mp4,383,380,3,1,2,True,3,"[0, 381, 382]",Deepfakes,train,1
FaceForensics++_C23\Deepfakes/593_577.mp4,535,534,1,0,1,True,1,[0],Deepfakes,train,1
FaceForensics++_C23\Deepfakes/594_530.mp4,294,293,1,0,1,True,1,[0],Deepfakes,train,1
FaceForensics++_C23\Deepfakes/595_597.mp4,565,564,1,0,1,True,1,[0],Deepfakes,val,1
FaceForensics++_C23\Deepfakes/596_609.mp4,557,556,1,0,1,True,1,[0],Deepfakes,train,1
FaceForensics++_C23\Deepfakes/597_595.mp4,297,296,1,0,1,True,1,[0],Deepfakes,val,1
FaceForensics++_C23\Deepfakes/598_178.mp4,686,685,1,0,1,True,1,[0],Deepfakes,train,1
FaceForensics++_C23\Deepfakes/599_585.mp4,398,390,8,3,5,True,8,"[142, 143, 396, 0, 395, 350, 349, 348]",Deepfakes,val,1
FaceForensics++_C23\Deepfakes/600_505.mp4,388,387,1,0,1,True,1,[0],Deepfakes,train,1
FaceForensics++_C23\Deepfakes/601_653.mp4,364,363,1,0,1,True,1,[0],Deepfakes,train,1
FaceForensics++_C23\Deepfakes/602_397.mp4,667,664,3,1,2,True,3,"[0, 37, 26]",Deepfakes,train,1
FaceForensics++_C23\Deepfakes/603_575.mp4,296,295,1,0,1,True,1,[0],Deepfakes,train,1
FaceForensics++_C23\Deepfakes/604_703.mp4,825,824,1,0,1,True,1,[0],Deepfakes,train,1
FaceForensics++_C23\Deepfakes/605_591.mp4,664,663,1,0,1,True,1,[0],Deepfakes,train,1
FaceForensics++_C23\Deepfakes/606_567.mp4,387,386,1,0,1,True,1,[0],Deepfakes,val,1
FaceForensics++_C23\Deepfakes/607_683.mp4,454,453,1,0,1,True,1,[0],Deepfakes,test,1
FaceForensics++_C23\Deepfakes/608_675.mp4,1205,1204,1,0,1,True,1,[0],Deepfakes,test,1
FaceForensics++_C23\Deepfakes/609_596.mp4,489,365,124,37,87,False,20,"[164, 166, 168, 206, 209, 165, 211, 167, 203, 210, 205, 192, 213, 207, 204, 201, 198, 208, 190, 191]",Deepfakes,train,1
FaceForensics++_C23\Deepfakes/610_692.mp4,394,391,3,1,2,True,3,"[0, 250, 172]",Deepfakes,train,1
FaceForensics++_C23\Deepfakes/611_760.mp4,645,642,3,1,2,True,3,"[0, 532, 389]",Deepfakes,train,1
FaceForensics++_C23\Deepfakes/612_702.mp4,420,418,2,1,1,True,2,"[0, 324]",Deepfakes,val,1
FaceForensics++_C23\Deepfakes/613_685.mp4,415,414,1,0,1,True,1,[0],Deepfakes,train,1
FaceForensics++_C23\Deepfakes/614_616.mp4,507,504,3,1,2,True,3,"[505, 506, 0]",Deepfakes,train,1
FaceForensics++_C23\Deepfakes/615_687.mp4,452,451,1,0,1,True,1,[0],Deepfakes,train,1
FaceForensics++_C23\Deepfakes/616_614.mp4,663,638,25,8,17,True,20,"[25, 24, 26, 23, 28, 27, 30, 31, 29, 34, 32, 33, 35, 661, 662, 37, 21, 36, 657, 20]",Deepfakes,train,1
FaceForensics++_C23\Deepfakes/617_566.mp4,312,311,1,0,1,True,1,[0],Deepfakes,val,1
FaceForensics++_C23\Deepfakes/618_629.mp4,382,381,1,0,1,True,1,[0],Deepfakes,train,1
FaceForensics++_C23\Deepfakes/619_620.mp4,305,304,1,0,1,True,1,[0],Deepfakes,train,1
FaceForensics++_C23\Deepfakes/620_619.mp4,628,627,1,0,1,True,1,[0],Deepfakes,train,1
FaceForensics++_C23\Deepfakes/621_546.mp4,370,367,3,1,2,True,3,"[289, 0, 288]",Deepfakes,train,1
FaceForensics++_C23\Deepfakes/622_647.mp4,371,370,1,0,1,True,1,[0],Deepfakes,val,1
FaceForensics++_C23\Deepfakes/623_630.mp4,352,351,1,0,1,True,1,[0],Deepfakes,test,1
FaceForensics++_C23\Deepfakes/624_570.mp4,350,311,39,12,27,False,20,"[173, 106, 175, 171, 176, 141, 198, 199, 201, 196, 206, 200, 203, 204, 174, 236, 223, 336, 202, 321]",Deepfakes,train,1
FaceForensics++_C23\Deepfakes/625_650.mp4,332,325,7,2,5,True,7,"[195, 185, 187, 54, 51, 43, 0]",Deepfakes,test,1
FaceForensics++_C23\Deepfakes/626_562.mp4,975,974,1,0,1,True,1,[0],Deepfakes,train,1
FaceForensics++_C23\Deepfakes/627_658.mp4,374,373,1,0,1,True,1,[0],Deepfakes,train,1
FaceForensics++_C23\Deepfakes/628_568.mp4,895,894,1,0,1,True,1,[0],Deepfakes,train,1
FaceForensics++_C23\Deepfakes/629_618.mp4,990,968,22,8,14,True,20,"[119, 786, 706, 48, 52, 289, 0, 39, 316, 329, 318, 328, 327, 357, 319, 320, 321, 322, 326, 325]",Deepfakes,train,1
FaceForensics++_C23\Deepfakes/630_623.mp4,423,353,70,21,49,False,20,"[231, 262, 266, 307, 267, 265, 271, 261, 337, 302, 263, 312, 264, 297, 226, 269, 272, 296, 274, 277]",Deepfakes,test,1
FaceForensics++_C23\Deepfakes/631_551.mp4,424,423,1,0,1,True,1,[0],Deepfakes,train,1
FaceForensics++_C23\Deepfakes/632_548.mp4,427,422,5,2,3,True,5,"[38, 423, 424, 426, 0]",Deepfakes,val,1
FaceForensics++_C23\Deepfakes/633_529.mp4,512,511,1,0,1,True,1,[0],Deepfakes,test,1
FaceForensics++_C23\Deepfakes/634_660.mp4,338,337,1,0,1,True,1,[0],Deepfakes,test,1
FaceForensics++_C23\Deepfakes/635_642.mp4,764,763,1,0,1,True,1,[0],Deepfakes,train,1
FaceForensics++_C23\Deepfakes/636_578.mp4,335,321,14,4,10,True,14,"[199, 297, 93, 0, 47, 33, 51, 8, 26, 11, 10, 16, 2, 3]",Deepfakes,train,1
FaceForensics++_C23\Deepfakes/637_427.mp4,510,509,1,0,1,True,1,[0],Deepfakes,train,1
FaceForensics++_C23\Deepfakes/638_640.mp4,698,697,1,0,1,True,1,[0],Deepfakes,val,1
FaceForensics++_C23\Deepfakes/639_841.mp4,662,661,1,0,1,True,1,[0],Deepfakes,train,1
FaceForensics++_C23\Deepfakes/640_638.mp4,306,305,1,0,1,True,1,[0],Deepfakes,val,1
FaceForensics++_C23\Deepfakes/641_662.mp4,350,330,20,6,14,True,20,"[198, 197, 196, 313, 72, 296, 17, 19, 57, 9, 58, 275, 56, 18, 7, 0, 20, 276, 59, 8]",Deepfakes,train,1
FaceForensics++_C23\Deepfakes/642_635.mp4,573,572,1,0,1,True,1,[0],Deepfakes,train,1
FaceForensics++_C23\Deepfakes/643_646.mp4,364,363,1,0,1,True,1,[0],Deepfakes,train,1
FaceForensics++_C23\Deepfakes/644_657.mp4,413,406,7,2,5,True,7,"[0, 408, 411, 410, 407, 412, 409]",Deepfakes,train,1
FaceForensics++_C23\Deepfakes/645_688.mp4,554,494,60,18,42,False,20,"[152, 153, 477, 44, 151, 48, 150, 52, 149, 83, 211, 53, 51, 49, 43, 450, 88, 50, 36, 42]",Deepfakes,train,1
FaceForensics++_C23\Deepfakes/646_643.mp4,440,439,1,0,1,True,1,[0],Deepfakes,train,1
FaceForensics++_C23\Deepfakes/647_622.mp4,699,698,1,0,1,True,1,[0],Deepfakes,val,1
FaceForensics++_C23\Deepfakes/648_654.mp4,471,468,3,1,2,True,3,"[469, 0, 470]",Deepfakes,train,1
FaceForensics++_C23\Deepfakes/649_816.mp4,930,929,1,0,1,True,1,[0],Deepfakes,val,1
FaceForensics++_C23\Deepfakes/650_625.mp4,693,692,1,0,1,True,1,[0],Deepfakes,test,1
FaceForensics++_C23\Deepfakes/651_835.mp4,380,350,30,9,21,False,20,"[271, 291, 279, 294, 311, 304, 269, 373, 374, 375, 369, 367, 372, 208, 21, 209, 93, 12, 95, 84]",Deepfakes,train,1
FaceForensics++_C23\Deepfakes/652_773.mp4,456,442,14,4,10,True,14,"[215, 346, 214, 213, 148, 147, 216, 145, 143, 142, 0, 144, 129, 128]",Deepfakes,train,1
FaceForensics++_C23\Deepfakes/653_601.mp4,731,699,32,10,22,False,20,"[43, 41, 0, 280, 42, 355, 282, 261, 284, 260, 44, 251, 356, 285, 354, 283, 262, 222, 248, 250]",Deepfakes,train,1
FaceForensics++_C23\Deepfakes/654_648.mp4,410,409,1,0,1,True,1,[0],Deepfakes,train,1
FaceForensics++_C23\Deepfakes/655_444.mp4,678,672,6,2,4,True,6,"[252, 250, 0, 253, 251, 59]",Deepfakes,train,1
FaceForensics++_C23\Deepfakes/656_666.mp4,505,504,1,0,1,True,1,[0],Deepfakes,val,1
FaceForensics++_C23\Deepfakes/657_644.mp4,546,520,26,8,18,True,20,"[297, 301, 299, 303, 305, 300, 27, 298, 304, 302, 28, 11, 10, 9, 8, 7, 6, 531, 0, 3]",Deepfakes,train,1
FaceForensics++_C23\Deepfakes/658_627.mp4,404,403,1,0,1,True,1,[0],Deepfakes,train,1
FaceForensics++_C23\Deepfakes/659_749.mp4,1001,990,11,3,8,True,11,"[67, 3, 214, 5, 348, 91, 937, 0, 929, 662, 850]",Deepfakes,train,1
FaceForensics++_C23\Deepfakes/660_634.mp4,340,147,193,58,135,False,20,"[154, 146, 311, 155, 158, 114, 91, 111, 116, 319, 157, 166, 113, 156, 112, 300, 117, 147, 312, 317]",Deepfakes,test,1
FaceForensics++_C23\Deepfakes/661_670.mp4,513,509,4,1,3,True,4,"[90, 401, 205, 0]",Deepfakes,test,1
FaceForensics++_C23\Deepfakes/662_641.mp4,496,493,3,1,2,True,3,"[52, 427, 0]",Deepfakes,train,1
FaceForensics++_C23\Deepfakes/663_231.mp4,316,315,1,0,1,True,1,[0],Deepfakes,train,1
FaceForensics++_C23\Deepfakes/664_668.mp4,293,292,1,0,1,True,1,[0],Deepfakes,val,1
FaceForensics++_C23\Deepfakes/665_679.mp4,324,323,1,0,1,True,1,[0],Deepfakes,train,1
FaceForensics++_C23\Deepfakes/666_656.mp4,383,382,1,0,1,True,1,[0],Deepfakes,val,1
FaceForensics++_C23\Deepfakes/667_446.mp4,469,427,42,13,29,False,20,"[466, 467, 112, 319, 113, 116, 315, 118, 311, 302, 114, 391, 111, 117, 120, 303, 309, 304, 122, 115]",Deepfakes,train,1
FaceForensics++_C23\Deepfakes/668_664.mp4,398,397,1,0,1,True,1,[0],Deepfakes,val,1
FaceForensics++_C23\Deepfakes/669_682.mp4,489,488,1,0,1,True,1,[0],Deepfakes,test,1
FaceForensics++_C23\Deepfakes/670_661.mp4,481,479,2,1,1,True,2,"[96, 0]",Deepfakes,test,1
FaceForensics++_C23\Deepfakes/671_677.mp4,343,342,1,0,1,True,1,[0],Deepfakes,train,1
FaceForensics++_C23\Deepfakes/672_720.mp4,541,540,1,0,1,True,1,[0],Deepfakes,val,1
FaceForensics++_C23\Deepfakes/673_728.mp4,592,591,1,0,1,True,1,[0],Deepfakes,train,1
FaceForensics++_C23\Deepfakes/674_744.mp4,367,363,4,1,3,True,4,"[0, 151, 160, 159]",Deepfakes,train,1
FaceForensics++_C23\Deepfakes/675_608.mp4,421,420,1,0,1,True,1,[0],Deepfakes,test,1
FaceForensics++_C23\Deepfakes/676_776.mp4,515,509,6,2,4,True,6,"[304, 199, 455, 303, 109, 0]",Deepfakes,train,1
FaceForensics++_C23\Deepfakes/677_671.mp4,314,312,2,1,1,True,2,"[264, 0]",Deepfakes,train,1
FaceForensics++_C23\Deepfakes/678_460.mp4,400,324,76,23,53,False,20,"[78, 114, 30, 0, 40, 48, 39, 29, 49, 116, 41, 36, 45, 32, 50, 28, 43, 33, 47, 34]",Deepfakes,train,1
FaceForensics++_C23\Deepfakes/679_665.mp4,416,415,1,0,1,True,1,[0],Deepfakes,train,1
FaceForensics++_C23\Deepfakes/680_486.mp4,300,299,1,0,1,True,1,[0],Deepfakes,train,1
FaceForensics++_C23\Deepfakes/681_711.mp4,840,839,1,0,1,True,1,[0],Deepfakes,train,1
FaceForensics++_C23\Deepfakes/682_669.mp4,965,964,1,0,1,True,1,[0],Deepfakes,test,1
FaceForensics++_C23\Deepfakes/683_607.mp4,302,301,1,0,1,True,1,[0],Deepfakes,test,1
FaceForensics++_C23\Deepfakes/684_717.mp4,497,496,1,0,1,True,1,[0],Deepfakes,train,1
FaceForensics++_C23\Deepfakes/685_613.mp4,522,521,1,0,1,True,1,[0],Deepfakes,train,1
FaceForensics++_C23\Deepfakes/686_696.mp4,342,341,1,0,1,True,1,[0],Deepfakes,train,1
FaceForensics++_C23\Deepfakes/687_615.mp4,469,468,1,0,1,True,1,[0],Deepfakes,train,1
FaceForensics++_C23\Deepfakes/688_645.mp4,571,564,7,2,5,True,7,"[521, 522, 523, 0, 524, 525, 526]",Deepfakes,train,1
FaceForensics++_C23\Deepfakes/689_690.mp4,455,454,1,0,1,True,1,[0],Deepfakes,train,1
FaceForensics++_C23\Deepfakes/690_689.mp4,331,328,3,1,2,True,3,"[329, 330, 0]",Deepfakes,train,1
FaceForensics++_C23\Deepfakes/691_732.mp4,540,539,1,0,1,True,1,[0],Deepfakes,test,1
FaceForensics++_C23\Deepfakes/692_610.mp4,354,347,7,2,5,True,7,"[36, 12, 351, 350, 24, 352, 0]",Deepfakes,train,1
FaceForensics++_C23\Deepfakes/693_698.mp4,595,577,18,6,12,True,18,"[185, 186, 29, 31, 30, 0, 187, 32, 28, 190, 188, 418, 189, 434, 430, 429, 431, 432]",Deepfakes,train,1
FaceForensics++_C23\Deepfakes/694_767.mp4,299,298,1,0,1,True,1,[0],Deepfakes,train,1
FaceForensics++_C23\Deepfakes/695_422.mp4,310,308,2,1,1,True,2,"[184, 0]",Deepfakes,test,1
FaceForensics++_C23\Deepfakes/696_686.mp4,405,404,1,0,1,True,1,[0],Deepfakes,train,1
FaceForensics++_C23\Deepfakes/697_581.mp4,465,464,1,0,1,True,1,[0],Deepfakes,train,1
FaceForensics++_C23\Deepfakes/698_693.mp4,304,303,1,0,1,True,1,[0],Deepfakes,train,1
FaceForensics++_C23\Deepfakes/699_734.mp4,524,523,1,0,1,True,1,[0],Deepfakes,train,1
FaceForensics++_C23\Deepfakes/700_813.mp4,333,332,1,0,1,True,1,[0],Deepfakes,train,1
FaceForensics++_C23\Deepfakes/701_579.mp4,393,392,1,0,1,True,1,[0],Deepfakes,test,1
FaceForensics++_C23\Deepfakes/702_612.mp4,749,742,7,2,5,True,7,"[0, 392, 393, 386, 385, 384, 383]",Deepfakes,val,1
FaceForensics++_C23\Deepfakes/703_604.mp4,375,374,1,0,1,True,1,[0],Deepfakes,train,1
FaceForensics++_C23\Deepfakes/704_723.mp4,450,449,1,0,1,True,1,[0],Deepfakes,train,1
FaceForensics++_C23\Deepfakes/705_707.mp4,473,472,1,0,1,True,1,[0],Deepfakes,test,1
FaceForensics++_C23\Deepfakes/706_479.mp4,328,319,9,3,6,True,9,"[118, 238, 0, 70, 69, 295, 67, 68, 327]",Deepfakes,test,1
FaceForensics++_C23\Deepfakes/707_705.mp4,1034,1001,33,10,23,False,20,"[504, 813, 199, 824, 528, 202, 825, 804, 538, 521, 527, 526, 529, 219, 829, 501, 0, 841, 522, 833]",Deepfakes,test,1
FaceForensics++_C23\Deepfakes/708_772.mp4,549,548,1,0,1,True,1,[0],Deepfakes,train,1
FaceForensics++_C23\Deepfakes/709_390.mp4,300,295,5,2,3,True,5,"[0, 37, 36, 38, 39]",Deepfakes,train,1
FaceForensics++_C23\Deepfakes/710_788.mp4,378,377,1,0,1,True,1,[0],Deepfakes,train,1
FaceForensics++_C23\Deepfakes/711_681.mp4,292,291,1,0,1,True,1,[0],Deepfakes,train,1
FaceForensics++_C23\Deepfakes/712_716.mp4,550,549,1,0,1,True,1,[0],Deepfakes,train,1
FaceForensics++_C23\Deepfakes/713_726.mp4,527,370,157,47,110,False,20,"[524, 525, 336, 334, 338, 0, 522, 518, 333, 332, 250, 515, 420, 417, 513, 520, 88, 85, 510, 357]",Deepfakes,train,1
FaceForensics++_C23\Deepfakes/714_842.mp4,560,559,1,0,1,True,1,[0],Deepfakes,test,1
FaceForensics++_C23\Deepfakes/715_721.mp4,856,854,2,1,1,True,2,"[0, 17]",Deepfakes,train,1
FaceForensics++_C23\Deepfakes/716_712.mp4,628,627,1,0,1,True,1,[0],Deepfakes,train,1
FaceForensics++_C23\Deepfakes/717_684.mp4,374,373,1,0,1,True,1,[0],Deepfakes,train,1
FaceForensics++_C23\Deepfakes/718_972.mp4,578,537,41,12,29,False,20,"[47, 424, 349, 350, 418, 423, 417, 370, 0, 562, 390, 391, 479, 347, 282, 256, 283, 321, 255, 348]",Deepfakes,train,1
FaceForensics++_C23\Deepfakes/719_737.mp4,402,401,1,0,1,True,1,[0],Deepfakes,train,1
FaceForensics++_C23\Deepfakes/720_672.mp4,564,563,1,0,1,True,1,[0],Deepfakes,val,1
FaceForensics++_C23\Deepfakes/721_715.mp4,581,578,3,1,2,True,3,"[249, 533, 0]",Deepfakes,train,1
FaceForensics++_C23\Deepfakes/722_458.mp4,396,372,24,7,17,True,20,"[255, 256, 254, 257, 258, 259, 260, 0, 261, 262, 263, 264, 265, 287, 266, 267, 268, 269, 270, 272]",Deepfakes,train,1
FaceForensics++_C23\Deepfakes/723_704.mp4,730,729,1,0,1,True,1,[0],Deepfakes,train,1
FaceForensics++_C23\Deepfakes/724_725.mp4,600,599,1,0,1,True,1,[0],Deepfakes,test,1
FaceForensics++_C23\Deepfakes/725_724.mp4,699,698,1,0,1,True,1,[0],Deepfakes,test,1
FaceForensics++_C23\Deepfakes/726_713.mp4,410,407,3,1,2,True,3,"[0, 392, 391]",Deepfakes,train,1
FaceForensics++_C23\Deepfakes/727_729.mp4,554,553,1,0,1,True,1,[0],Deepfakes,val,1
FaceForensics++_C23\Deepfakes/728_673.mp4,568,550,18,6,12,True,18,"[530, 535, 538, 536, 314, 43, 537, 534, 32, 531, 532, 138, 533, 141, 315, 139, 0, 140]",Deepfakes,train,1
FaceForensics++_C23\Deepfakes/729_727.mp4,636,634,2,1,1,True,2,"[0, 121]",Deepfakes,val,1
FaceForensics++_C23\Deepfakes/730_815.mp4,719,717,2,1,1,True,2,"[0, 325]",Deepfakes,train,1
FaceForensics++_C23\Deepfakes/731_741.mp4,778,777,1,0,1,True,1,[0],Deepfakes,test,1
FaceForensics++_C23\Deepfakes/732_691.mp4,426,405,21,6,15,True,20,"[0, 19, 24, 17, 21, 8, 6, 23, 4, 2, 20, 22, 18, 25, 11, 50, 9, 5, 7, 1]",Deepfakes,test,1
FaceForensics++_C23\Deepfakes/733_935.mp4,518,508,10,3,7,True,10,"[318, 330, 380, 331, 273, 335, 333, 332, 334, 0]",Deepfakes,train,1
FaceForensics++_C23\Deepfakes/734_699.mp4,1098,1097,1,0,1,True,1,[0],Deepfakes,train,1
FaceForensics++_C23\Deepfakes/735_774.mp4,802,801,1,0,1,True,1,[0],Deepfakes,train,1
FaceForensics++_C23\Deepfakes/736_785.mp4,414,413,1,0,1,True,1,[0],Deepfakes,train,1
FaceForensics++_C23\Deepfakes/737_719.mp4,369,359,10,3,7,True,10,"[0, 265, 24, 272, 363, 268, 21, 364, 365, 367]",Deepfakes,train,1
FaceForensics++_C23\Deepfakes/738_804.mp4,417,404,13,4,9,True,13,"[0, 152, 151, 301, 337, 338, 150, 149, 52, 51, 148, 46, 359]",Deepfakes,train,1
FaceForensics++_C23\Deepfakes/739_865.mp4,304,303,1,0,1,True,1,[0],Deepfakes,test,1
FaceForensics++_C23\Deepfakes/740_796.mp4,348,346,2,1,1,True,2,"[347, 0]",Deepfakes,train,1
FaceForensics++_C23\Deepfakes/741_731.mp4,370,369,1,0,1,True,1,[0],Deepfakes,test,1
FaceForensics++_C23\Deepfakes/742_775.mp4,623,622,1,0,1,True,1,[0],Deepfakes,val,1
FaceForensics++_C23\Deepfakes/743_750.mp4,311,310,1,0,1,True,1,[0],Deepfakes,train,1
FaceForensics++_C23\Deepfakes/744_674.mp4,294,276,18,6,12,True,18,"[53, 64, 65, 63, 62, 0, 19, 169, 274, 61, 54, 79, 78, 77, 81, 66, 84, 83]",Deepfakes,train,1
FaceForensics++_C23\Deepfakes/745_777.mp4,569,568,1,0,1,True,1,[0],Deepfakes,val,1
FaceForensics++_C23\Deepfakes/746_571.mp4,493,492,1,0,1,True,1,[0],Deepfakes,val,1
FaceForensics++_C23\Deepfakes/747_854.mp4,470,469,1,0,1,True,1,[0],Deepfakes,train,1
FaceForensics++_C23\Deepfakes/748_355.mp4,318,290,28,9,19,True,20,"[218, 224, 248, 226, 228, 240, 236, 238, 234, 212, 28, 216, 0, 230, 214, 272, 280, 258, 262, 282]",Deepfakes,train,1
FaceForensics++_C23\Deepfakes/749_659.mp4,693,692,1,0,1,True,1,[0],Deepfakes,train,1
FaceForensics++_C23\Deepfakes/750_743.mp4,441,399,42,13,29,False,20,"[440, 0, 183, 122, 117, 116, 184, 341, 340, 283, 185, 284, 201, 331, 391, 258, 114, 285, 392, 115]",Deepfakes,train,1
FaceForensics++_C23\Deepfakes/751_752.mp4,331,280,51,15,36,False,20,"[0, 3, 18, 14, 21, 316, 234, 140, 152, 151, 158, 129, 136, 309, 201, 133, 252, 213, 302, 313]",Deepfakes,train,1
FaceForensics++_C23\Deepfakes/752_751.mp4,1016,978,38,12,26,False,20,"[803, 862, 866, 830, 730, 632, 1004, 900, 280, 897, 832, 0, 259, 656, 842, 834, 1007, 846, 838, 652]",Deepfakes,train,1
FaceForensics++_C23\Deepfakes/753_789.mp4,686,684,2,1,1,True,2,"[1, 0]",Deepfakes,train,1
FaceForensics++_C23\Deepfakes/754_758.mp4,401,400,1,0,1,True,1,[0],Deepfakes,train,1
FaceForensics++_C23\Deepfakes/755_759.mp4,336,335,1,0,1,True,1,[0],Deepfakes,test,1
FaceForensics++_C23\Deepfakes/756_503.mp4,570,568,2,1,1,True,2,"[0, 188]",Deepfakes,train,1
FaceForensics++_C23\Deepfakes/757_573.mp4,441,440,1,0,1,True,1,[0],Deepfakes,train,1
FaceForensics++_C23\Deepfakes/758_754.mp4,391,389,2,1,1,True,2,"[0, 336]",Deepfakes,train,1
FaceForensics++_C23\Deepfakes/759_755.mp4,434,433,1,0,1,True,1,[0],Deepfakes,test,1
FaceForensics++_C23\Deepfakes/760_611.mp4,306,305,1,0,1,True,1,[0],Deepfakes,train,1
FaceForensics++_C23\Deepfakes/761_766.mp4,343,333,10,3,7,True,10,"[33, 16, 13, 17, 8, 10, 9, 21, 20, 0]",Deepfakes,train,1
FaceForensics++_C23\Deepfakes/762_832.mp4,416,415,1,0,1,True,1,[0],Deepfakes,val,1
FaceForensics++_C23\Deepfakes/763_930.mp4,812,811,1,0,1,True,1,[0],Deepfakes,train,1
FaceForensics++_C23\Deepfakes/764_850.mp4,369,368,1,0,1,True,1,[0],Deepfakes,train,1
FaceForensics++_C23\Deepfakes/765_867.mp4,388,386,2,1,1,True,2,"[3, 0]",Deepfakes,train,1
FaceForensics++_C23\Deepfakes/766_761.mp4,860,859,1,0,1,True,1,[0],Deepfakes,train,1
FaceForensics++_C23\Deepfakes/767_694.mp4,407,406,1,0,1,True,1,[0],Deepfakes,train,1
FaceForensics++_C23\Deepfakes/768_793.mp4,330,329,1,0,1,True,1,[0],Deepfakes,val,1
FaceForensics++_C23\Deepfakes/769_784.mp4,484,483,1,0,1,True,1,[0],Deepfakes,train,1
FaceForensics++_C23\Deepfakes/770_791.mp4,653,652,1,0,1,True,1,[0],Deepfakes,train,1
FaceForensics++_C23\Deepfakes/771_849.mp4,634,633,1,0,1,True,1,[0],Deepfakes,train,1
FaceForensics++_C23\Deepfakes/772_708.mp4,341,340,1,0,1,True,1,[0],Deepfakes,train,1
FaceForensics++_C23\Deepfakes/773_652.mp4,579,578,1,0,1,True,1,[0],Deepfakes,train,1
FaceForensics++_C23\Deepfakes/774_735.mp4,313,312,1,0,1,True,1,[0],Deepfakes,train,1
FaceForensics++_C23\Deepfakes/775_742.mp4,559,558,1,0,1,True,1,[0],Deepfakes,val,1
FaceForensics++_C23\Deepfakes/776_676.mp4,331,262,69,21,48,False,20,"[266, 267, 195, 197, 272, 268, 300, 270, 191, 225, 193, 273, 275, 47, 192, 198, 115, 271, 150, 200]",Deepfakes,train,1
FaceForensics++_C23\Deepfakes/777_745.mp4,325,324,1,0,1,True,1,[0],Deepfakes,val,1
FaceForensics++_C23\Deepfakes/778_798.mp4,328,327,1,0,1,True,1,[0],Deepfakes,train,1
FaceForensics++_C23\Deepfakes/779_794.mp4,306,305,1,0,1,True,1,[0],Deepfakes,val,1
FaceForensics++_C23\Deepfakes/780_869.mp4,402,401,1,0,1,True,1,[0],Deepfakes,train,1
FaceForensics++_C23\Deepfakes/781_806.mp4,475,474,1,0,1,True,1,[0],Deepfakes,train,1
FaceForensics++_C23\Deepfakes/782_787.mp4,556,555,1,0,1,True,1,[0],Deepfakes,train,1
FaceForensics++_C23\Deepfakes/783_916.mp4,403,402,1,0,1,True,1,[0],Deepfakes,train,1
FaceForensics++_C23\Deepfakes/784_769.mp4,557,556,1,0,1,True,1,[0],Deepfakes,train,1
FaceForensics++_C23\Deepfakes/785_736.mp4,413,412,1,0,1,True,1,[0],Deepfakes,train,1
FaceForensics++_C23\Deepfakes/786_819.mp4,520,433,87,26,61,False,20,"[0, 244, 26, 36, 35, 110, 33, 34, 109, 140, 175, 176, 32, 27, 141, 174, 101, 173, 245, 172]",Deepfakes,train,1
FaceForensics++_C23\Deepfakes/787_782.mp4,502,492,10,3,7,True,10,"[0, 413, 412, 410, 409, 414, 411, 321, 320, 408]",Deepfakes,train,1
FaceForensics++_C23\Deepfakes/788_710.mp4,534,208,326,98,228,False,20,"[465, 469, 463, 467, 461, 459, 471, 455, 477, 473, 460, 462, 457, 443, 464, 475, 458, 437, 369, 439]",Deepfakes,train,1
FaceForensics++_C23\Deepfakes/789_753.mp4,567,544,23,7,16,True,20,"[403, 405, 399, 398, 404, 401, 406, 400, 411, 391, 393, 470, 396, 301, 473, 530, 531, 395, 394, 410]",Deepfakes,train,1
FaceForensics++_C23\Deepfakes/790_014.mp4,690,689,1,0,1,True,1,[0],Deepfakes,train,1
FaceForensics++_C23\Deepfakes/791_770.mp4,333,329,4,1,3,True,4,"[46, 67, 66, 0]",Deepfakes,train,1
FaceForensics++_C23\Deepfakes/792_903.mp4,383,381,2,1,1,True,2,"[0, 382]",Deepfakes,train,1
FaceForensics++_C23\Deepfakes/793_768.mp4,590,588,2,1,1,True,2,"[589, 0]",Deepfakes,val,1
FaceForensics++_C23\Deepfakes/794_779.mp4,879,868,11,3,8,True,11,"[0, 479, 810, 403, 658, 157, 734, 327, 66, 575, 232]",Deepfakes,val,1
FaceForensics++_C23\Deepfakes/795_907.mp4,550,549,1,0,1,True,1,[0],Deepfakes,train,1
FaceForensics++_C23\Deepfakes/796_740.mp4,1001,1000,1,0,1,True,1,[0],Deepfakes,train,1
FaceForensics++_C23\Deepfakes/797_844.mp4,434,429,5,2,3,True,5,"[29, 272, 0, 415, 271]",Deepfakes,train,1
FaceForensics++_C23\Deepfakes/798_778.mp4,371,370,1,0,1,True,1,[0],Deepfakes,train,1
FaceForensics++_C23\Deepfakes/799_809.mp4,1227,900,327,98,229,False,20,"[1077, 1069, 1073, 1085, 1081, 1075, 1076, 983, 1048, 1055, 1074, 1047, 1065, 1061, 1089, 1054, 1060, 1051, 1068, 1053]",Deepfakes,train,1
FaceForensics++_C23\Deepfakes/800_840.mp4,338,337,1,0,1,True,1,[0],Deepfakes,train,1
FaceForensics++_C23\Deepfakes/801_855.mp4,444,443,1,0,1,True,1,[0],Deepfakes,test,1
FaceForensics++_C23\Deepfakes/802_885.mp4,351,350,1,0,1,True,1,[0],Deepfakes,train,1
FaceForensics++_C23\Deepfakes/803_017.mp4,297,292,5,2,3,True,5,"[0, 257, 138, 256, 255]",Deepfakes,train,1
FaceForensics++_C23\Deepfakes/804_738.mp4,359,353,6,2,4,True,6,"[0, 358, 356, 357, 355, 42]",Deepfakes,train,1
FaceForensics++_C23\Deepfakes/805_011.mp4,411,396,15,5,10,True,15,"[0, 375, 221, 177, 326, 146, 158, 147, 159, 327, 148, 145, 149, 150, 151]",Deepfakes,train,1
FaceForensics++_C23\Deepfakes/806_781.mp4,301,300,1,0,1,True,1,[0],Deepfakes,train,1
FaceForensics++_C23\Deepfakes/807_273.mp4,650,641,9,3,6,True,9,"[521, 68, 194, 306, 522, 195, 0, 69, 307]",Deepfakes,val,1
FaceForensics++_C23\Deepfakes/808_829.mp4,637,633,4,1,3,True,4,"[384, 0, 383, 398]",Deepfakes,train,1
FaceForensics++_C23\Deepfakes/809_799.mp4,367,366,1,0,1,True,1,[0],Deepfakes,train,1
FaceForensics++_C23\Deepfakes/810_838.mp4,1052,1048,4,1,3,True,4,"[225, 573, 1050, 0]",Deepfakes,train,1
FaceForensics++_C23\Deepfakes/811_920.mp4,542,541,1,0,1,True,1,[0],Deepfakes,train,1
FaceForensics++_C23\Deepfakes/812_821.mp4,433,432,1,0,1,True,1,[0],Deepfakes,test,1
FaceForensics++_C23\Deepfakes/813_700.mp4,360,250,110,33,77,False,20,"[336, 273, 262, 37, 349, 274, 337, 34, 168, 155, 286, 35, 272, 342, 339, 152, 28, 341, 162, 71]",Deepfakes,train,1
FaceForensics++_C23\Deepfakes/814_871.mp4,550,549,1,0,1,True,1,[0],Deepfakes,train,1
FaceForensics++_C23\Deepfakes/815_730.mp4,452,451,1,0,1,True,1,[0],Deepfakes,train,1
FaceForensics++_C23\Deepfakes/816_649.mp4,411,410,1,0,1,True,1,[0],Deepfakes,val,1
FaceForensics++_C23\Deepfakes/817_827.mp4,419,418,1,0,1,True,1,[0],Deepfakes,val,1
FaceForensics++_C23\Deepfakes/818_820.mp4,466,465,1,0,1,True,1,[0],Deepfakes,val,1
FaceForensics++_C23\Deepfakes/819_786.mp4,927,926,1,0,1,True,1,[0],Deepfakes,train,1
FaceForensics++_C23\Deepfakes/820_818.mp4,665,664,1,0,1,True,1,[0],Deepfakes,val,1
FaceForensics++_C23\Deepfakes/821_812.mp4,423,422,1,0,1,True,1,[0],Deepfakes,test,1
FaceForensics++_C23\Deepfakes/822_244.mp4,297,296,1,0,1,True,1,[0],Deepfakes,train,1
FaceForensics++_C23\Deepfakes/823_584.mp4,672,564,108,33,75,False,20,"[664, 636, 653, 399, 559, 500, 499, 582, 516, 389, 607, 635, 349, 616, 608, 609, 536, 606, 617, 336]",Deepfakes,val,1
FaceForensics++_C23\Deepfakes/824_419.mp4,577,473,104,31,73,False,20,"[0, 3, 1, 9, 2, 6, 15, 26, 5, 12, 4, 29, 24, 8, 18, 7, 11, 21, 17, 27]",Deepfakes,val,1
FaceForensics++_C23\Deepfakes/825_074.mp4,547,546,1,0,1,True,1,[0],Deepfakes,train,1
FaceForensics++_C23\Deepfakes/826_833.mp4,355,354,1,0,1,True,1,[0],Deepfakes,train,1
FaceForensics++_C23\Deepfakes/827_817.mp4,311,310,1,0,1,True,1,[0],Deepfakes,val,1
FaceForensics++_C23\Deepfakes/828_830.mp4,319,318,1,0,1,True,1,[0],Deepfakes,train,1
FaceForensics++_C23\Deepfakes/829_808.mp4,801,799,2,1,1,True,2,"[144, 0]",Deepfakes,train,1
FaceForensics++_C23\Deepfakes/830_828.mp4,511,510,1,0,1,True,1,[0],Deepfakes,train,1
FaceForensics++_C23\Deepfakes/831_508.mp4,327,321,6,2,4,True,6,"[0, 313, 312, 314, 108, 315]",Deepfakes,train,1
FaceForensics++_C23\Deepfakes/832_762.mp4,553,552,1,0,1,True,1,[0],Deepfakes,val,1
FaceForensics++_C23\Deepfakes/833_826.mp4,600,567,33,10,23,False,20,"[559, 515, 546, 503, 542, 513, 538, 581, 536, 577, 540, 514, 537, 512, 548, 544, 539, 547, 541, 545]",Deepfakes,train,1
FaceForensics++_C23\Deepfakes/834_852.mp4,303,291,12,4,8,True,12,"[23, 115, 176, 119, 186, 20, 7, 10, 6, 0, 5, 3]",Deepfakes,val,1
FaceForensics++_C23\Deepfakes/835_651.mp4,426,425,1,0,1,True,1,[0],Deepfakes,train,1
FaceForensics++_C23\Deepfakes/836_950.mp4,343,342,1,0,1,True,1,[0],Deepfakes,train,1
FaceForensics++_C23\Deepfakes/837_890.mp4,443,442,1,0,1,True,1,[0],Deepfakes,val,1
FaceForensics++_C23\Deepfakes/838_810.mp4,457,456,1,0,1,True,1,[0],Deepfakes,train,1
FaceForensics++_C23\Deepfakes/839_864.mp4,385,384,1,0,1,True,1,[0],Deepfakes,train,1
FaceForensics++_C23\Deepfakes/840_800.mp4,840,838,2,1,1,True,2,"[73, 0]",Deepfakes,train,1
FaceForensics++_C23\Deepfakes/841_639.mp4,519,518,1,0,1,True,1,[0],Deepfakes,train,1
FaceForensics++_C23\Deepfakes/842_714.mp4,447,266,181,54,127,False,20,"[0, 44, 54, 62, 55, 43, 56, 63, 61, 64, 65, 124, 66, 57, 75, 163, 60, 192, 59, 158]",Deepfakes,test,1
FaceForensics++_C23\Deepfakes/843_859.mp4,318,317,1,0,1,True,1,[0],Deepfakes,train,1
FaceForensics++_C23\Deepfakes/844_797.mp4,852,851,1,0,1,True,1,[0],Deepfakes,train,1
FaceForensics++_C23\Deepfakes/845_846.mp4,356,355,1,0,1,True,1,[0],Deepfakes,train,1
FaceForensics++_C23\Deepfakes/846_845.mp4,353,346,7,2,5,True,7,"[352, 331, 0, 4, 2, 3, 5]",Deepfakes,train,1
FaceForensics++_C23\Deepfakes/847_906.mp4,301,291,10,3,7,True,10,"[78, 0, 79, 74, 77, 73, 72, 71, 70, 69]",Deepfakes,test,1
FaceForensics++_C23\Deepfakes/848_894.mp4,360,359,1,0,1,True,1,[0],Deepfakes,train,1
FaceForensics++_C23\Deepfakes/849_771.mp4,322,320,2,1,1,True,2,"[66, 0]",Deepfakes,train,1
FaceForensics++_C23\Deepfakes/850_764.mp4,612,611,1,0,1,True,1,[0],Deepfakes,train,1
FaceForensics++_C23\Deepfakes/851_552.mp4,833,831,2,1,1,True,2,"[167, 0]",Deepfakes,test,1
FaceForensics++_C23\Deepfakes/852_834.mp4,427,426,1,0,1,True,1,[0],Deepfakes,val,1
FaceForensics++_C23\Deepfakes/853_863.mp4,616,615,1,0,1,True,1,[0],Deepfakes,train,1
FaceForensics++_C23\Deepfakes/854_747.mp4,294,293,1,0,1,True,1,[0],Deepfakes,train,1
FaceForensics++_C23\Deepfakes/855_801.mp4,630,629,1,0,1,True,1,[0],Deepfakes,test,1
FaceForensics++_C23\Deepfakes/856_881.mp4,1103,1102,1,0,1,True,1,[0],Deepfakes,train,1
FaceForensics++_C23\Deepfakes/857_909.mp4,640,639,1,0,1,True,1,[0],Deepfakes,val,1
FaceForensics++_C23\Deepfakes/858_861.mp4,483,482,1,0,1,True,1,[0],Deepfakes,train,1
FaceForensics++_C23\Deepfakes/859_843.mp4,333,332,1,0,1,True,1,[0],Deepfakes,train,1
FaceForensics++_C23\Deepfakes/860_905.mp4,459,436,23,7,16,True,20,"[192, 191, 190, 189, 175, 174, 186, 187, 188, 185, 184, 176, 182, 181, 183, 173, 180, 178, 177, 179]",Deepfakes,train,1
FaceForensics++_C23\Deepfakes/861_858.mp4,594,391,203,61,142,False,20,"[505, 502, 156, 504, 503, 528, 527, 506, 530, 524, 35, 501, 529, 360, 205, 333, 9, 523, 520, 531]",Deepfakes,train,1
FaceForensics++_C23\Deepfakes/862_047.mp4,470,468,2,1,1,True,2,"[0, 469]",Deepfakes,test,1
FaceForensics++_C23\Deepfakes/863_853.mp4,513,509,4,1,3,True,4,"[408, 409, 0, 34]",Deepfakes,train,1
FaceForensics++_C23\Deepfakes/864_839.mp4,326,325,1,0,1,True,1,[0],Deepfakes,train,1
FaceForensics++_C23\Deepfakes/865_739.mp4,347,346,1,0,1,True,1,[0],Deepfakes,test,1
FaceForensics++_C23\Deepfakes/866_878.mp4,509,508,1,0,1,True,1,[0],Deepfakes,train,1
FaceForensics++_C23\Deepfakes/867_765.mp4,1489,1488,1,0,1,True,1,[0],Deepfakes,train,1
FaceForensics++_C23\Deepfakes/868_949.mp4,431,429,2,1,1,True,2,"[0, 53]",Deepfakes,test,1
FaceForensics++_C23\Deepfakes/869_780.mp4,333,329,4,1,3,True,4,"[0, 87, 192, 270]",Deepfakes,train,1
FaceForensics++_C23\Deepfakes/870_001.mp4,604,600,4,1,3,True,4,"[69, 68, 70, 0]",Deepfakes,train,1
FaceForensics++_C23\Deepfakes/871_814.mp4,348,345,3,1,2,True,3,"[14, 116, 0]",Deepfakes,train,1
FaceForensics++_C23\Deepfakes/872_873.mp4,474,473,1,0,1,True,1,[0],Deepfakes,train,1
FaceForensics++_C23\Deepfakes/873_872.mp4,884,883,1,0,1,True,1,[0],Deepfakes,train,1
FaceForensics++_C23\Deepfakes/874_291.mp4,469,461,8,3,5,True,8,"[0, 96, 20, 21, 377, 376, 22, 378]",Deepfakes,train,1
FaceForensics++_C23\Deepfakes/875_979.mp4,422,421,1,0,1,True,1,[0],Deepfakes,val,1
FaceForensics++_C23\Deepfakes/876_891.mp4,313,312,1,0,1,True,1,[0],Deepfakes,train,1
FaceForensics++_C23\Deepfakes/877_886.mp4,570,569,1,0,1,True,1,[0],Deepfakes,train,1
FaceForensics++_C23\Deepfakes/878_866.mp4,736,735,1,0,1,True,1,[0],Deepfakes,train,1
FaceForensics++_C23\Deepfakes/879_963.mp4,839,838,1,0,1,True,1,[0],Deepfakes,train,1
FaceForensics++_C23\Deepfakes/880_135.mp4,435,434,1,0,1,True,1,[0],Deepfakes,test,1
FaceForensics++_C23\Deepfakes/881_856.mp4,638,637,1,0,1,True,1,[0],Deepfakes,train,1
FaceForensics++_C23\Deepfakes/882_952.mp4,333,317,16,5,11,True,16,"[229, 70, 143, 144, 174, 142, 173, 0, 35, 156, 145, 175, 224, 146, 176, 36]",Deepfakes,train,1
FaceForensics++_C23\Deepfakes/883_013.mp4,433,415,18,6,12,True,18,"[235, 233, 236, 232, 311, 312, 313, 231, 230, 237, 93, 432, 0, 14, 16, 13, 17, 11]",Deepfakes,train,1
FaceForensics++_C23\Deepfakes/884_968.mp4,343,316,27,8,19,True,20,"[9, 82, 86, 10, 158, 83, 200, 81, 13, 85, 11, 8, 7, 201, 12, 84, 202, 203, 198, 0]",Deepfakes,train,1
FaceForensics++_C23\Deepfakes/885_802.mp4,329,328,1,0,1,True,1,[0],Deepfakes,train,1
FaceForensics++_C23\Deepfakes/886_877.mp4,525,524,1,0,1,True,1,[0],Deepfakes,train,1
FaceForensics++_C23\Deepfakes/887_275.mp4,339,326,13,4,9,True,13,"[0, 11, 210, 139, 54, 146, 135, 53, 134, 158, 77, 159, 160]",Deepfakes,train,1
FaceForensics++_C23\Deepfakes/888_937.mp4,307,306,1,0,1,True,1,[0],Deepfakes,train,1
FaceForensics++_C23\Deepfakes/889_045.mp4,329,270,59,18,41,False,20,"[153, 95, 94, 87, 88, 159, 154, 133, 164, 134, 83, 240, 84, 135, 99, 127, 101, 73, 68, 78]",Deepfakes,train,1
FaceForensics++_C23\Deepfakes/890_837.mp4,341,337,4,1,3,True,4,"[0, 3, 2, 1]",Deepfakes,val,1
FaceForensics++_C23\Deepfakes/891_876.mp4,296,295,1,0,1,True,1,[0],Deepfakes,train,1
FaceForensics++_C23\Deepfakes/892_112.mp4,311,307,4,1,3,True,4,"[19, 17, 18, 0]",Deepfakes,train,1
FaceForensics++_C23\Deepfakes/893_913.mp4,537,536,1,0,1,True,1,[0],Deepfakes,train,1
FaceForensics++_C23\Deepfakes/894_848.mp4,328,327,1,0,1,True,1,[0],Deepfakes,train,1
FaceForensics++_C23\Deepfakes/895_915.mp4,294,293,1,0,1,True,1,[0],Deepfakes,val,1
FaceForensics++_C23\Deepfakes/896_128.mp4,531,530,1,0,1,True,1,[0],Deepfakes,test,1
FaceForensics++_C23\Deepfakes/897_969.mp4,333,332,1,0,1,True,1,[0],Deepfakes,train,1
FaceForensics++_C23\Deepfakes/898_922.mp4,349,348,1,0,1,True,1,[0],Deepfakes,val,1
FaceForensics++_C23\Deepfakes/899_914.mp4,560,559,1,0,1,True,1,[0],Deepfakes,train,1
FaceForensics++_C23\Deepfakes/900_926.mp4,341,340,1,0,1,True,1,[0],Deepfakes,val,1
FaceForensics++_C23\Deepfakes/901_902.mp4,523,522,1,0,1,True,1,[0],Deepfakes,train,1
FaceForensics++_C23\Deepfakes/902_901.mp4,295,294,1,0,1,True,1,[0],Deepfakes,train,1
FaceForensics++_C23\Deepfakes/903_792.mp4,567,555,12,4,8,True,12,"[19, 0, 360, 566, 20, 17, 16, 18, 21, 359, 357, 358]",Deepfakes,train,1
FaceForensics++_C23\Deepfakes/904_046.mp4,359,358,1,0,1,True,1,[0],Deepfakes,val,1
FaceForensics++_C23\Deepfakes/905_860.mp4,382,374,8,3,5,True,8,"[169, 0, 375, 376, 296, 246, 377, 381]",Deepfakes,train,1
FaceForensics++_C23\Deepfakes/906_847.mp4,389,388,1,0,1,True,1,[0],Deepfakes,test,1
FaceForensics++_C23\Deepfakes/907_795.mp4,525,524,1,0,1,True,1,[0],Deepfakes,train,1
FaceForensics++_C23\Deepfakes/908_207.mp4,667,664,3,1,2,True,3,"[462, 0, 316]",Deepfakes,train,1
FaceForensics++_C23\Deepfakes/909_857.mp4,637,636,1,0,1,True,1,[0],Deepfakes,val,1
FaceForensics++_C23\Deepfakes/910_911.mp4,292,291,1,0,1,True,1,[0],Deepfakes,train,1
FaceForensics++_C23\Deepfakes/911_910.mp4,329,328,1,0,1,True,1,[0],Deepfakes,train,1
FaceForensics++_C23\Deepfakes/912_927.mp4,647,646,1,0,1,True,1,[0],Deepfakes,val,1
FaceForensics++_C23\Deepfakes/913_893.mp4,634,633,1,0,1,True,1,[0],Deepfakes,train,1
FaceForensics++_C23\Deepfakes/914_899.mp4,307,306,1,0,1,True,1,[0],Deepfakes,train,1
FaceForensics++_C23\Deepfakes/915_895.mp4,352,351,1,0,1,True,1,[0],Deepfakes,val,1
FaceForensics++_C23\Deepfakes/916_783.mp4,484,475,9,3,6,True,9,"[134, 314, 0, 2, 4, 3, 5, 6, 7]",Deepfakes,train,1
FaceForensics++_C23\Deepfakes/917_924.mp4,448,442,6,2,4,True,6,"[447, 77, 78, 80, 76, 0]",Deepfakes,test,1
FaceForensics++_C23\Deepfakes/918_934.mp4,472,471,1,0,1,True,1,[0],Deepfakes,train,1
FaceForensics++_C23\Deepfakes/919_015.mp4,534,532,2,1,1,True,2,"[533, 0]",Deepfakes,test,1
FaceForensics++_C23\Deepfakes/920_811.mp4,371,363,8,3,5,True,8,"[0, 139, 138, 136, 133, 141, 140, 142]",Deepfakes,train,1
FaceForensics++_C23\Deepfakes/921_569.mp4,296,295,1,0,1,True,1,[0],Deepfakes,train,1
FaceForensics++_C23\Deepfakes/922_898.mp4,616,609,7,2,5,True,7,"[409, 242, 166, 485, 334, 90, 0]",Deepfakes,val,1
FaceForensics++_C23\Deepfakes/923_023.mp4,602,601,1,0,1,True,1,[0],Deepfakes,val,1
FaceForensics++_C23\Deepfakes/924_917.mp4,1248,1247,1,0,1,True,1,[0],Deepfakes,test,1
FaceForensics++_C23\Deepfakes/925_933.mp4,356,355,1,0,1,True,1,[0],Deepfakes,val,1
FaceForensics++_C23\Deepfakes/926_900.mp4,333,332,1,0,1,True,1,[0],Deepfakes,val,1
FaceForensics++_C23\Deepfakes/927_912.mp4,697,696,1,0,1,True,1,[0],Deepfakes,val,1
FaceForensics++_C23\Deepfakes/928_160.mp4,376,375,1,0,1,True,1,[0],Deepfakes,train,1
FaceForensics++_C23\Deepfakes/929_962.mp4,462,460,2,1,1,True,2,"[0, 421]",Deepfakes,train,1
FaceForensics++_C23\Deepfakes/930_763.mp4,448,191,257,77,180,False,20,"[379, 377, 375, 0, 371, 374, 372, 286, 12, 370, 376, 366, 292, 373, 296, 288, 197, 207, 256, 290]",Deepfakes,train,1
FaceForensics++_C23\Deepfakes/931_936.mp4,319,318,1,0,1,True,1,[0],Deepfakes,train,1
FaceForensics++_C23\Deepfakes/932_384.mp4,484,433,51,15,36,False,20,"[0, 416, 346, 415, 347, 348, 353, 117, 349, 351, 288, 116, 350, 70, 352, 71, 72, 287, 285, 54]",Deepfakes,test,1
FaceForensics++_C23\Deepfakes/933_925.mp4,494,493,1,0,1,True,1,[0],Deepfakes,val,1
FaceForensics++_C23\Deepfakes/934_918.mp4,377,376,1,0,1,True,1,[0],Deepfakes,train,1
FaceForensics++_C23\Deepfakes/935_733.mp4,540,537,3,1,2,True,3,"[0, 302, 309]",Deepfakes,train,1
FaceForensics++_C23\Deepfakes/936_931.mp4,297,285,12,4,8,True,12,"[159, 158, 176, 168, 166, 160, 161, 165, 164, 0, 162, 163]",Deepfakes,train,1
FaceForensics++_C23\Deepfakes/937_888.mp4,455,426,29,9,20,False,20,"[241, 0, 32, 25, 162, 26, 161, 24, 27, 160, 23, 168, 22, 31, 156, 21, 167, 155, 163, 166]",Deepfakes,train,1
FaceForensics++_C23\Deepfakes/938_987.mp4,369,350,19,6,13,True,19,"[272, 106, 0, 38, 101, 5, 155, 170, 166, 177, 165, 168, 169, 15, 167, 25, 171, 176, 175]",Deepfakes,train,1
FaceForensics++_C23\Deepfakes/939_115.mp4,511,508,3,1,2,True,3,"[0, 509, 510]",Deepfakes,val,1
FaceForensics++_C23\Deepfakes/940_941.mp4,309,308,1,0,1,True,1,[0],Deepfakes,train,1
FaceForensics++_C23\Deepfakes/941_940.mp4,494,493,1,0,1,True,1,[0],Deepfakes,train,1
FaceForensics++_C23\Deepfakes/942_943.mp4,495,494,1,0,1,True,1,[0],Deepfakes,train,1
FaceForensics++_C23\Deepfakes/943_942.mp4,470,469,1,0,1,True,1,[0],Deepfakes,train,1
FaceForensics++_C23\Deepfakes/944_032.mp4,342,341,1,0,1,True,1,[0],Deepfakes,train,1
FaceForensics++_C23\Deepfakes/945_044.mp4,761,740,21,6,15,True,20,"[448, 0, 445, 436, 444, 2, 442, 451, 469, 460, 450, 468, 454, 50, 472, 462, 53, 463, 466, 456]",Deepfakes,test,1
FaceForensics++_C23\Deepfakes/946_049.mp4,462,461,1,0,1,True,1,[0],Deepfakes,train,1
FaceForensics++_C23\Deepfakes/947_951.mp4,641,640,1,0,1,True,1,[0],Deepfakes,val,1
FaceForensics++_C23\Deepfakes/948_965.mp4,434,431,3,1,2,True,3,"[0, 145, 372]",Deepfakes,train,1
FaceForensics++_C23\Deepfakes/949_868.mp4,686,684,2,1,1,True,2,"[0, 207]",Deepfakes,test,1
FaceForensics++_C23\Deepfakes/950_836.mp4,763,752,11,5,6,True,11,"[0, 453, 736, 735, 724, 734, 725, 733, 726, 727, 732]",Deepfakes,train,1
FaceForensics++_C23\Deepfakes/951_947.mp4,1176,1172,4,1,3,True,4,"[0, 1088, 152, 921]",Deepfakes,val,1
FaceForensics++_C23\Deepfakes/952_882.mp4,700,695,5,2,3,True,5,"[0, 97, 98, 100, 99]",Deepfakes,train,1
FaceForensics++_C23\Deepfakes/953_974.mp4,351,346,5,2,3,True,5,"[91, 217, 257, 0, 350]",Deepfakes,test,1
FaceForensics++_C23\Deepfakes/954_976.mp4,376,375,1,0,1,True,1,[0],Deepfakes,train,1
FaceForensics++_C23\Deepfakes/955_078.mp4,531,523,8,3,5,True,8,"[520, 495, 496, 500, 499, 497, 0, 498]",Deepfakes,test,1
FaceForensics++_C23\Deepfakes/956_958.mp4,542,541,1,0,1,True,1,[0],Deepfakes,val,1
FaceForensics++_C23\Deepfakes/957_959.mp4,418,343,75,23,52,False,20,"[381, 404, 402, 401, 399, 32, 380, 12, 18, 412, 384, 20, 385, 36, 30, 400, 16, 25, 23, 14]",Deepfakes,train,1
FaceForensics++_C23\Deepfakes/958_956.mp4,392,376,16,5,11,True,16,"[0, 7, 16, 5, 17, 26, 274, 25, 28, 320, 325, 24, 284, 335, 340, 289]",Deepfakes,val,1
FaceForensics++_C23\Deepfakes/959_957.mp4,482,475,7,2,5,True,7,"[242, 240, 372, 241, 245, 244, 0]",Deepfakes,train,1
FaceForensics++_C23\Deepfakes/960_999.mp4,345,344,1,0,1,True,1,[0],Deepfakes,train,1
FaceForensics++_C23\Deepfakes/961_069.mp4,323,321,2,1,1,True,2,"[0, 18]",Deepfakes,train,1
FaceForensics++_C23\Deepfakes/962_929.mp4,460,459,1,0,1,True,1,[0],Deepfakes,train,1
FaceForensics++_C23\Deepfakes/963_879.mp4,692,691,1,0,1,True,1,[0],Deepfakes,train,1
FaceForensics++_C23\Deepfakes/964_174.mp4,451,450,1,0,1,True,1,[0],Deepfakes,train,1
FaceForensics++_C23\Deepfakes/965_948.mp4,348,347,1,0,1,True,1,[0],Deepfakes,train,1
FaceForensics++_C23\Deepfakes/966_988.mp4,364,351,13,4,9,True,13,"[291, 292, 362, 363, 290, 1, 0, 74, 73, 72, 270, 68, 32]",Deepfakes,train,1
FaceForensics++_C23\Deepfakes/967_984.mp4,412,406,6,2,4,True,6,"[0, 411, 6, 5, 4, 3]",Deepfakes,train,1
FaceForensics++_C23\Deepfakes/968_884.mp4,300,295,5,2,3,True,5,"[0, 175, 172, 173, 170]",Deepfakes,train,1
FaceForensics++_C23\Deepfakes/969_897.mp4,356,355,1,0,1,True,1,[0],Deepfakes,train,1
FaceForensics++_C23\Deepfakes/970_973.mp4,476,475,1,0,1,True,1,[0],Deepfakes,test,1
FaceForensics++_C23\Deepfakes/971_564.mp4,354,353,1,0,1,True,1,[0],Deepfakes,val,1
FaceForensics++_C23\Deepfakes/972_718.mp4,311,310,1,0,1,True,1,[0],Deepfakes,train,1
FaceForensics++_C23\Deepfakes/973_970.mp4,533,532,1,0,1,True,1,[0],Deepfakes,test,1
FaceForensics++_C23\Deepfakes/974_953.mp4,318,314,4,1,3,True,4,"[0, 244, 243, 242]",Deepfakes,test,1
FaceForensics++_C23\Deepfakes/975_978.mp4,304,303,1,0,1,True,1,[0],Deepfakes,train,1
FaceForensics++_C23\Deepfakes/976_954.mp4,328,324,4,1,3,True,4,"[0, 23, 37, 225]",Deepfakes,train,1
FaceForensics++_C23\Deepfakes/977_075.mp4,651,635,16,5,11,True,16,"[427, 502, 429, 501, 500, 499, 444, 99, 101, 100, 0, 120, 121, 122, 490, 510]",Deepfakes,train,1
FaceForensics++_C23\Deepfakes/978_975.mp4,757,756,1,0,1,True,1,[0],Deepfakes,train,1
FaceForensics++_C23\Deepfakes/979_875.mp4,335,334,1,0,1,True,1,[0],Deepfakes,val,1
FaceForensics++_C23\Deepfakes/980_992.mp4,383,382,1,0,1,True,1,[0],Deepfakes,val,1
FaceForensics++_C23\Deepfakes/981_985.mp4,372,371,1,0,1,True,1,[0],Deepfakes,train,1
FaceForensics++_C23\Deepfakes/982_004.mp4,845,844,1,0,1,True,1,[0],Deepfakes,val,1
FaceForensics++_C23\Deepfakes/983_113.mp4,406,405,1,0,1,True,1,[0],Deepfakes,train,1
FaceForensics++_C23\Deepfakes/984_967.mp4,339,338,1,0,1,True,1,[0],Deepfakes,train,1
FaceForensics++_C23\Deepfakes/985_981.mp4,343,341,2,1,1,True,2,"[0, 8]",Deepfakes,train,1
FaceForensics++_C23\Deepfakes/986_994.mp4,828,827,1,0,1,True,1,[0],Deepfakes,train,1
FaceForensics++_C23\Deepfakes/987_938.mp4,575,574,1,0,1,True,1,[0],Deepfakes,train,1
FaceForensics++_C23\Deepfakes/988_966.mp4,455,454,1,0,1,True,1,[0],Deepfakes,train,1
FaceForensics++_C23\Deepfakes/989_993.mp4,960,959,1,0,1,True,1,[0],Deepfakes,train,1
FaceForensics++_C23\Deepfakes/990_008.mp4,305,302,3,1,2,True,3,"[0, 289, 174]",Deepfakes,train,1
FaceForensics++_C23\Deepfakes/991_064.mp4,402,401,1,0,1,True,1,[0],Deepfakes,val,1
FaceForensics++_C23\Deepfakes/992_980.mp4,718,0,718,216,502,False,20,"[649, 676, 682, 679, 644, 651, 647, 650, 648, 684, 646, 643, 680, 681, 678, 683, 677, 645, 664, 665]",Deepfakes,val,1
FaceForensics++_C23\Deepfakes/993_989.mp4,409,408,1,0,1,True,1,[0],Deepfakes,train,1
FaceForensics++_C23\Deepfakes/994_986.mp4,316,306,10,3,7,True,10,"[57, 253, 92, 139, 144, 299, 146, 143, 140, 0]",Deepfakes,train,1
FaceForensics++_C23\Deepfakes/995_233.mp4,548,547,1,0,1,True,1,[0],Deepfakes,test,1
FaceForensics++_C23\Deepfakes/996_056.mp4,312,309,3,1,2,True,3,"[0, 246, 291]",Deepfakes,train,1
FaceForensics++_C23\Deepfakes/997_040.mp4,438,436,2,1,1,True,2,"[0, 118]",Deepfakes,train,1
FaceForensics++_C23\Deepfakes/998_561.mp4,344,343,1,0,1,True,1,[0],Deepfakes,train,1
FaceForensics++_C23\Deepfakes/999_960.mp4,335,334,1,0,1,True,1,[0],Deepfakes,train,1
FaceForensics++_C23\Face2Face/002_006.mp4,310,308,2,1,1,True,2,"[82, 0]",Face2Face,train,1
FaceForensics++_C23\Face2Face/003_000.mp4,396,395,1,0,1,True,1,[0],Face2Face,test,1
FaceForensics++_C23\Face2Face/004_982.mp4,845,836,9,3,6,True,9,"[0, 586, 378, 126, 741, 490, 645, 30, 238]",Face2Face,val,1
FaceForensics++_C23\Face2Face/005_010.mp4,474,302,172,52,120,False,20,"[366, 364, 369, 402, 404, 401, 378, 380, 373, 308, 365, 458, 311, 363, 357, 393, 360, 371, 377, 368]",Face2Face,train,1
FaceForensics++_C23\Face2Face/006_002.mp4,693,692,1,0,1,True,1,[0],Face2Face,train,1
FaceForensics++_C23\Face2Face/007_132.mp4,413,411,2,1,1,True,2,"[34, 0]",Face2Face,train,1
FaceForensics++_C23\Face2Face/008_990.mp4,305,304,1,0,1,True,1,[0],Face2Face,train,1
FaceForensics++_C23\Face2Face/009_027.mp4,315,314,1,0,1,True,1,[0],Face2Face,train,1
FaceForensics++_C23\Face2Face/010_005.mp4,385,383,2,1,1,True,2,"[373, 0]",Face2Face,train,1
FaceForensics++_C23\Face2Face/011_805.mp4,411,407,4,1,3,True,4,"[0, 134, 120, 215]",Face2Face,train,1
FaceForensics++_C23\Face2Face/012_026.mp4,322,310,12,4,8,True,12,"[34, 3, 7, 11, 8, 12, 4, 13, 5, 15, 0, 16]",Face2Face,test,1
FaceForensics++_C23\Face2Face/013_883.mp4,433,416,17,5,12,True,17,"[0, 239, 423, 238, 424, 237, 425, 236, 50, 47, 235, 45, 49, 426, 48, 427, 46]",Face2Face,train,1
FaceForensics++_C23\Face2Face/014_790.mp4,690,1,689,207,482,False,20,"[141, 140, 120, 128, 142, 122, 121, 126, 127, 112, 139, 136, 119, 100, 135, 341, 134, 118, 110, 340]",Face2Face,train,1
FaceForensics++_C23\Face2Face/015_919.mp4,534,531,3,1,2,True,3,"[0, 253, 233]",Face2Face,test,1
FaceForensics++_C23\Face2Face/016_209.mp4,337,336,1,0,1,True,1,[0],Face2Face,train,1
FaceForensics++_C23\Face2Face/017_803.mp4,297,294,3,1,2,True,3,"[117, 190, 0]",Face2Face,train,1
FaceForensics++_C23\Face2Face/018_019.mp4,1385,1384,1,0,1,True,1,[0],Face2Face,train,1
FaceForensics++_C23\Face2Face/019_018.mp4,432,431,1,0,1,True,1,[0],Face2Face,train,1
FaceForensics++_C23\Face2Face/020_344.mp4,631,630,1,0,1,True,1,[0],Face2Face,train,1
FaceForensics++_C23\Face2Face/021_312.mp4,428,427,1,0,1,True,1,[0],Face2Face,train,1
FaceForensics++_C23\Face2Face/022_489.mp4,566,565,1,0,1,True,1,[0],Face2Face,train,1
FaceForensics++_C23\Face2Face/023_923.mp4,602,524,78,24,54,False,20,"[0, 1, 2, 4, 3, 452, 8, 422, 551, 430, 426, 434, 391, 387, 6, 477, 5, 462, 467, 457]",Face2Face,val,1
FaceForensics++_C23\Face2Face/024_073.mp4,703,694,9,3,6,True,9,"[225, 383, 228, 386, 0, 227, 382, 385, 224]",Face2Face,test,1
FaceForensics++_C23\Face2Face/025_067.mp4,538,537,1,0,1,True,1,[0],Face2Face,train,1
FaceForensics++_C23\Face2Face/026_012.mp4,363,362,1,0,1,True,1,[0],Face2Face,test,1
FaceForensics++_C23\Face2Face/027_009.mp4,588,575,13,4,9,True,13,"[211, 0, 417, 264, 363, 467, 270, 365, 364, 265, 161, 263, 358]",Face2Face,train,1
FaceForensics++_C23\Face2Face/028_068.mp4,401,400,1,0,1,True,1,[0],Face2Face,train,1
FaceForensics++_C23\Face2Face/029_048.mp4,485,484,1,0,1,True,1,[0],Face2Face,test,1
FaceForensics++_C23\Face2Face/030_193.mp4,372,227,145,44,101,False,20,"[238, 239, 351, 353, 10, 30, 361, 9, 282, 305, 283, 39, 287, 284, 247, 246, 350, 241, 308, 102]",Face2Face,train,1
FaceForensics++_C23\Face2Face/031_163.mp4,304,303,1,0,1,True,1,[0],Face2Face,train,1
FaceForensics++_C23\Face2Face/032_944.mp4,342,308,34,10,24,False,20,"[108, 0, 322, 296, 298, 321, 319, 299, 297, 320, 318, 300, 301, 302, 316, 315, 246, 303, 158, 314]",Face2Face,train,1
FaceForensics++_C23\Face2Face/033_097.mp4,478,475,3,1,2,True,3,"[215, 0, 214]",Face2Face,train,1
FaceForensics++_C23\Face2Face/034_590.mp4,600,595,5,2,3,True,5,"[189, 484, 328, 143, 0]",Face2Face,train,1
FaceForensics++_C23\Face2Face/035_036.mp4,337,336,1,0,1,True,1,[0],Face2Face,test,1
FaceForensics++_C23\Face2Face/036_035.mp4,423,399,24,7,17,True,20,"[292, 302, 375, 297, 307, 380, 360, 370, 365, 317, 355, 312, 237, 232, 0, 227, 151, 10, 222, 15]",Face2Face,test,1
FaceForensics++_C23\Face2Face/037_072.mp4,311,310,1,0,1,True,1,[0],Face2Face,train,1
FaceForensics++_C23\Face2Face/038_125.mp4,500,497,3,1,2,True,3,"[314, 0, 294]",Face2Face,train,1
FaceForensics++_C23\Face2Face/039_058.mp4,669,666,3,1,2,True,3,"[0, 159, 156]",Face2Face,train,1
FaceForensics++_C23\Face2Face/040_997.mp4,438,435,3,1,2,True,3,"[185, 422, 0]",Face2Face,train,1
FaceForensics++_C23\Face2Face/041_063.mp4,930,929,1,0,1,True,1,[0],Face2Face,train,1
FaceForensics++_C23\Face2Face/042_084.mp4,375,333,42,13,29,False,20,"[261, 325, 0, 101, 255, 262, 318, 313, 260, 239, 317, 64, 288, 357, 372, 355, 349, 291, 356, 312]",Face2Face,val,1
FaceForensics++_C23\Face2Face/043_110.mp4,565,561,4,1,3,True,4,"[71, 72, 0, 73]",Face2Face,train,1
FaceForensics++_C23\Face2Face/044_945.mp4,761,750,11,3,8,True,11,"[494, 174, 493, 492, 175, 176, 236, 235, 0, 433, 432]",Face2Face,test,1
FaceForensics++_C23\Face2Face/045_889.mp4,329,328,1,0,1,True,1,[0],Face2Face,train,1
FaceForensics++_C23\Face2Face/046_904.mp4,359,358,1,0,1,True,1,[0],Face2Face,val,1
FaceForensics++_C23\Face2Face/047_862.mp4,470,466,4,1,3,True,4,"[321, 0, 23, 315]",Face2Face,test,1
FaceForensics++_C23\Face2Face/048_029.mp4,416,415,1,0,1,True,1,[0],Face2Face,test,1
FaceForensics++_C23\Face2Face/049_946.mp4,462,453,9,3,6,True,9,"[0, 365, 355, 356, 364, 362, 354, 363, 353]",Face2Face,train,1
FaceForensics++_C23\Face2Face/050_059.mp4,721,718,3,1,2,True,3,"[0, 153, 152]",Face2Face,train,1
FaceForensics++_C23\Face2Face/051_332.mp4,695,694,1,0,1,True,1,[0],Face2Face,train,1
FaceForensics++_C23\Face2Face/052_108.mp4,300,299,1,0,1,True,1,[0],Face2Face,train,1
FaceForensics++_C23\Face2Face/053_095.mp4,1006,1005,1,0,1,True,1,[0],Face2Face,train,1
FaceForensics++_C23\Face2Face/054_071.mp4,453,452,1,0,1,True,1,[0],Face2Face,train,1
FaceForensics++_C23\Face2Face/055_147.mp4,667,666,1,0,1,True,1,[0],Face2Face,train,1
FaceForensics++_C23\Face2Face/056_996.mp4,312,311,1,0,1,True,1,[0],Face2Face,train,1
FaceForensics++_C23\Face2Face/057_070.mp4,367,363,4,1,3,True,4,"[0, 1, 2, 43]",Face2Face,train,1
FaceForensics++_C23\Face2Face/058_039.mp4,609,608,1,0,1,True,1,[0],Face2Face,train,1
FaceForensics++_C23\Face2Face/059_050.mp4,530,529,1,0,1,True,1,[0],Face2Face,train,1
FaceForensics++_C23\Face2Face/060_088.mp4,665,196,469,141,328,False,20,"[556, 613, 185, 531, 555, 535, 355, 353, 488, 354, 357, 106, 208, 623, 518, 540, 356, 181, 656, 108]",Face2Face,train,1
FaceForensics++_C23\Face2Face/061_080.mp4,483,482,1,0,1,True,1,[0],Face2Face,train,1
FaceForensics++_C23\Face2Face/062_066.mp4,435,434,1,0,1,True,1,[0],Face2Face,train,1
FaceForensics++_C23\Face2Face/063_041.mp4,349,348,1,0,1,True,1,[0],Face2Face,train,1
FaceForensics++_C23\Face2Face/064_991.mp4,402,398,4,1,3,True,4,"[65, 60, 0, 10]",Face2Face,val,1
FaceForensics++_C23\Face2Face/065_089.mp4,751,736,15,5,10,True,15,"[732, 150, 726, 731, 155, 729, 727, 730, 728, 154, 151, 152, 156, 153, 0]",Face2Face,train,1
FaceForensics++_C23\Face2Face/066_062.mp4,423,310,113,34,79,False,20,"[387, 339, 338, 384, 340, 386, 383, 351, 336, 350, 388, 348, 335, 334, 333, 330, 382, 352, 371, 381]",Face2Face,train,1
FaceForensics++_C23\Face2Face/067_025.mp4,747,746,1,0,1,True,1,[0],Face2Face,train,1
FaceForensics++_C23\Face2Face/068_028.mp4,434,423,11,3,8,True,11,"[0, 171, 174, 173, 187, 185, 172, 186, 278, 276, 277]",Face2Face,train,1
FaceForensics++_C23\Face2Face/069_961.mp4,323,248,75,23,52,False,20,"[201, 200, 199, 202, 302, 139, 103, 0, 133, 278, 194, 284, 102, 72, 296, 290, 138, 108, 46, 106]",Face2Face,train,1
FaceForensics++_C23\Face2Face/070_057.mp4,431,408,23,7,16,True,20,"[0, 286, 261, 267, 277, 283, 288, 287, 285, 264, 269, 268, 284, 280, 265, 266, 260, 278, 282, 263]",Face2Face,train,1
FaceForensics++_C23\Face2Face/071_054.mp4,368,332,36,11,25,False,20,"[0, 208, 206, 340, 18, 234, 266, 271, 236, 284, 290, 274, 272, 235, 115, 278, 151, 273, 283, 174]",Face2Face,train,1
FaceForensics++_C23\Face2Face/072_037.mp4,454,447,7,2,5,True,7,"[395, 0, 225, 394, 226, 393, 227]",Face2Face,train,1
FaceForensics++_C23\Face2Face/073_024.mp4,306,305,1,0,1,True,1,[0],Face2Face,test,1
FaceForensics++_C23\Face2Face/074_825.mp4,547,546,1,0,1,True,1,[0],Face2Face,train,1
FaceForensics++_C23\Face2Face/075_977.mp4,651,597,54,16,38,False,20,"[0, 2, 320, 1, 410, 411, 412, 413, 414, 44, 417, 416, 279, 415, 43, 36, 29, 32, 574, 31]",Face2Face,train,1
FaceForensics++_C23\Face2Face/076_079.mp4,424,423,1,0,1,True,1,[0],Face2Face,train,1
FaceForensics++_C23\Face2Face/077_100.mp4,423,422,1,0,1,True,1,[0],Face2Face,train,1
FaceForensics++_C23\Face2Face/078_955.mp4,531,530,1,0,1,True,1,[0],Face2Face,test,1
FaceForensics++_C23\Face2Face/079_076.mp4,329,328,1,0,1,True,1,[0],Face2Face,train,1
FaceForensics++_C23\Face2Face/080_061.mp4,337,336,1,0,1,True,1,[0],Face2Face,train,1
FaceForensics++_C23\Face2Face/081_087.mp4,309,306,3,1,2,True,3,"[0, 198, 82]",Face2Face,train,1
FaceForensics++_C23\Face2Face/082_103.mp4,595,594,1,0,1,True,1,[0],Face2Face,train,1
FaceForensics++_C23\Face2Face/083_213.mp4,378,377,1,0,1,True,1,[0],Face2Face,train,1
FaceForensics++_C23\Face2Face/084_042.mp4,338,337,1,0,1,True,1,[0],Face2Face,val,1
FaceForensics++_C23\Face2Face/085_124.mp4,318,317,1,0,1,True,1,[0],Face2Face,train,1
FaceForensics++_C23\Face2Face/086_090.mp4,687,686,1,0,1,True,1,[0],Face2Face,train,1
FaceForensics++_C23\Face2Face/087_081.mp4,1170,1169,1,0,1,True,1,[0],Face2Face,train,1
FaceForensics++_C23\Face2Face/088_060.mp4,844,797,47,14,33,False,20,"[212, 121, 122, 123, 232, 120, 215, 126, 125, 192, 217, 453, 127, 327, 457, 190, 128, 86, 133, 131]",Face2Face,train,1
FaceForensics++_C23\Face2Face/089_065.mp4,442,441,1,0,1,True,1,[0],Face2Face,train,1
FaceForensics++_C23\Face2Face/090_086.mp4,935,785,150,45,105,False,20,"[58, 208, 291, 209, 124, 76, 171, 289, 287, 48, 75, 227, 148, 262, 129, 585, 74, 0, 557, 551]",Face2Face,train,1
FaceForensics++_C23\Face2Face/091_116.mp4,327,325,2,1,1,True,2,"[31, 0]",Face2Face,val,1
FaceForensics++_C23\Face2Face/092_098.mp4,299,298,1,0,1,True,1,[0],Face2Face,train,1
FaceForensics++_C23\Face2Face/093_121.mp4,553,552,1,0,1,True,1,[0],Face2Face,train,1
FaceForensics++_C23\Face2Face/094_111.mp4,433,432,1,0,1,True,1,[0],Face2Face,train,1
FaceForensics++_C23\Face2Face/095_053.mp4,417,416,1,0,1,True,1,[0],Face2Face,train,1
FaceForensics++_C23\Face2Face/096_101.mp4,1148,1147,1,0,1,True,1,[0],Face2Face,train,1
FaceForensics++_C23\Face2Face/097_033.mp4,809,803,6,2,4,True,6,"[29, 28, 27, 26, 0, 25]",Face2Face,train,1
FaceForensics++_C23\Face2Face/098_092.mp4,460,459,1,0,1,True,1,[0],Face2Face,train,1
FaceForensics++_C23\Face2Face/099_295.mp4,411,403,8,3,5,True,8,"[113, 151, 0, 152, 328, 326, 327, 205]",Face2Face,train,1
FaceForensics++_C23\Face2Face/100_077.mp4,611,610,1,0,1,True,1,[0],Face2Face,train,1
FaceForensics++_C23\Face2Face/101_096.mp4,504,503,1,0,1,True,1,[0],Face2Face,train,1
FaceForensics++_C23\Face2Face/102_114.mp4,1269,1268,1,0,1,True,1,[0],Face2Face,test,1
FaceForensics++_C23\Face2Face/103_082.mp4,316,309,7,2,5,True,7,"[0, 281, 275, 276, 279, 277, 278]",Face2Face,train,1
FaceForensics++_C23\Face2Face/104_126.mp4,328,232,96,29,67,False,20,"[248, 250, 247, 244, 150, 246, 243, 154, 38, 253, 251, 151, 153, 148, 158, 240, 252, 152, 245, 146]",Face2Face,val,1
FaceForensics++_C23\Face2Face/105_180.mp4,569,507,62,19,43,False,20,"[478, 38, 120, 560, 0, 463, 135, 138, 460, 457, 458, 139, 140, 456, 142, 141, 338, 222, 187, 278]",Face2Face,train,1
FaceForensics++_C23\Face2Face/106_198.mp4,392,391,1,0,1,True,1,[0],Face2Face,val,1
FaceForensics++_C23\Face2Face/107_109.mp4,298,297,1,0,1,True,1,[0],Face2Face,train,1
FaceForensics++_C23\Face2Face/108_052.mp4,323,312,11,3,8,True,11,"[303, 295, 301, 297, 302, 300, 296, 298, 116, 115, 0]",Face2Face,train,1
FaceForensics++_C23\Face2Face/109_107.mp4,556,555,1,0,1,True,1,[0],Face2Face,train,1
FaceForensics++_C23\Face2Face/110_043.mp4,495,494,1,0,1,True,1,[0],Face2Face,train,1
FaceForensics++_C23\Face2Face/111_094.mp4,559,558,1,0,1,True,1,[0],Face2Face,train,1
FaceForensics++_C23\Face2Face/112_892.mp4,311,252,59,18,41,False,20,"[190, 189, 264, 191, 214, 216, 217, 283, 285, 213, 215, 207, 266, 287, 282, 192, 284, 267, 286, 268]",Face2Face,train,1
FaceForensics++_C23\Face2Face/113_983.mp4,406,404,2,1,1,True,2,"[14, 0]",Face2Face,train,1
FaceForensics++_C23\Face2Face/114_102.mp4,389,388,1,0,1,True,1,[0],Face2Face,test,1
FaceForensics++_C23\Face2Face/115_939.mp4,511,510,1,0,1,True,1,[0],Face2Face,val,1
FaceForensics++_C23\Face2Face/116_091.mp4,639,638,1,0,1,True,1,[0],Face2Face,val,1
FaceForensics++_C23\Face2Face/117_217.mp4,702,619,83,25,58,False,20,"[431, 423, 422, 432, 643, 424, 421, 662, 79, 617, 12, 642, 670, 476, 451, 16, 585, 429, 508, 333]",Face2Face,train,1
FaceForensics++_C23\Face2Face/118_120.mp4,405,399,6,2,4,True,6,"[0, 14, 15, 16, 139, 138]",Face2Face,train,1
FaceForensics++_C23\Face2Face/119_123.mp4,514,513,1,0,1,True,1,[0],Face2Face,train,1
FaceForensics++_C23\Face2Face/120_118.mp4,352,351,1,0,1,True,1,[0],Face2Face,train,1
FaceForensics++_C23\Face2Face/121_093.mp4,308,305,3,1,2,True,3,"[0, 192, 307]",Face2Face,train,1
FaceForensics++_C23\Face2Face/122_144.mp4,344,320,24,7,17,True,20,"[323, 293, 322, 294, 321, 246, 0, 320, 238, 295, 296, 247, 248, 311, 31, 32, 216, 215, 33, 214]",Face2Face,train,1
FaceForensics++_C23\Face2Face/123_119.mp4,502,501,1,0,1,True,1,[0],Face2Face,train,1
FaceForensics++_C23\Face2Face/124_085.mp4,329,297,32,10,22,False,20,"[167, 164, 165, 17, 166, 168, 16, 23, 14, 25, 159, 24, 11, 0, 12, 15, 313, 59, 44, 10]",Face2Face,train,1
FaceForensics++_C23\Face2Face/125_038.mp4,305,298,7,2,5,True,7,"[149, 150, 148, 299, 301, 300, 0]",Face2Face,train,1
FaceForensics++_C23\Face2Face/126_104.mp4,462,376,86,26,60,False,20,"[256, 393, 260, 257, 69, 397, 254, 252, 394, 398, 400, 261, 250, 4, 2, 94, 117, 391, 90, 402]",Face2Face,val,1
FaceForensics++_C23\Face2Face/127_129.mp4,330,329,1,0,1,True,1,[0],Face2Face,train,1
FaceForensics++_C23\Face2Face/128_896.mp4,531,530,1,0,1,True,1,[0],Face2Face,test,1
FaceForensics++_C23\Face2Face/129_127.mp4,864,861,3,1,2,True,3,"[395, 263, 0]",Face2Face,train,1
FaceForensics++_C23\Face2Face/130_139.mp4,378,358,20,6,14,True,20,"[52, 84, 0, 53, 65, 111, 61, 66, 63, 54, 109, 62, 64, 55, 56, 110, 60, 57, 58, 59]",Face2Face,train,1
FaceForensics++_C23\Face2Face/131_518.mp4,295,294,1,0,1,True,1,[0],Face2Face,train,1
FaceForensics++_C23\Face2Face/132_007.mp4,505,504,1,0,1,True,1,[0],Face2Face,train,1
FaceForensics++_C23\Face2Face/133_148.mp4,475,474,1,0,1,True,1,[0],Face2Face,train,1
FaceForensics++_C23\Face2Face/134_192.mp4,287,283,4,1,3,True,4,"[0, 228, 226, 227]",Face2Face,val,1
FaceForensics++_C23\Face2Face/135_880.mp4,435,434,1,0,1,True,1,[0],Face2Face,test,1
FaceForensics++_C23\Face2Face/136_285.mp4,383,381,2,1,1,True,2,"[0, 342]",Face2Face,train,1
FaceForensics++_C23\Face2Face/137_165.mp4,387,335,52,16,36,False,20,"[296, 335, 250, 34, 29, 8, 336, 39, 54, 64, 325, 386, 37, 376, 381, 305, 251, 0, 24, 301]",Face2Face,train,1
FaceForensics++_C23\Face2Face/138_142.mp4,962,961,1,0,1,True,1,[0],Face2Face,test,1
FaceForensics++_C23\Face2Face/139_130.mp4,662,661,1,0,1,True,1,[0],Face2Face,train,1
FaceForensics++_C23\Face2Face/140_143.mp4,414,379,35,11,24,False,20,"[391, 151, 383, 148, 386, 149, 152, 390, 147, 150, 385, 4, 24, 6, 10, 8, 2, 27, 14, 25]",Face2Face,train,1
FaceForensics++_C23\Face2Face/141_161.mp4,369,363,6,2,4,True,6,"[250, 0, 138, 20, 24, 23]",Face2Face,test,1
FaceForensics++_C23\Face2Face/142_138.mp4,410,409,1,0,1,True,1,[0],Face2Face,test,1
FaceForensics++_C23\Face2Face/143_140.mp4,485,484,1,0,1,True,1,[0],Face2Face,train,1
FaceForensics++_C23\Face2Face/144_122.mp4,309,308,1,0,1,True,1,[0],Face2Face,train,1
FaceForensics++_C23\Face2Face/145_299.mp4,314,313,1,0,1,True,1,[0],Face2Face,val,1
FaceForensics++_C23\Face2Face/146_256.mp4,546,528,18,6,12,True,18,"[0, 7, 3, 52, 5, 53, 51, 97, 109, 29, 117, 113, 57, 111, 119, 115, 63, 280]",Face2Face,train,1
FaceForensics++_C23\Face2Face/147_055.mp4,394,362,32,10,22,False,20,"[154, 156, 120, 108, 150, 78, 114, 168, 361, 265, 271, 216, 142, 180, 138, 144, 385, 355, 240, 17]",Face2Face,train,1
FaceForensics++_C23\Face2Face/148_133.mp4,767,766,1,0,1,True,1,[0],Face2Face,train,1
FaceForensics++_C23\Face2Face/149_152.mp4,313,312,1,0,1,True,1,[0],Face2Face,train,1
FaceForensics++_C23\Face2Face/150_153.mp4,732,730,2,1,1,True,2,"[0, 146]",Face2Face,train,1
FaceForensics++_C23\Face2Face/151_225.mp4,304,302,2,1,1,True,2,"[0, 20]",Face2Face,train,1
FaceForensics++_C23\Face2Face/152_149.mp4,363,362,1,0,1,True,1,[0],Face2Face,train,1
FaceForensics++_C23\Face2Face/153_150.mp4,456,452,4,1,3,True,4,"[55, 54, 53, 0]",Face2Face,train,1
FaceForensics++_C23\Face2Face/154_386.mp4,449,435,14,4,10,True,14,"[333, 338, 334, 326, 332, 328, 335, 327, 336, 337, 322, 321, 320, 0]",Face2Face,test,1
FaceForensics++_C23\Face2Face/155_576.mp4,461,460,1,0,1,True,1,[0],Face2Face,train,1
FaceForensics++_C23\Face2Face/156_243.mp4,387,385,2,1,1,True,2,"[0, 106]",Face2Face,train,1
FaceForensics++_C23\Face2Face/157_245.mp4,334,333,1,0,1,True,1,[0],Face2Face,val,1
FaceForensics++_C23\Face2Face/158_379.mp4,341,340,1,0,1,True,1,[0],Face2Face,test,1
FaceForensics++_C23\Face2Face/159_175.mp4,504,491,13,4,9,True,13,"[0, 211, 123, 437, 57, 122, 86, 56, 12, 25, 26, 24, 16]",Face2Face,val,1
FaceForensics++_C23\Face2Face/160_928.mp4,376,375,1,0,1,True,1,[0],Face2Face,train,1
FaceForensics++_C23\Face2Face/161_141.mp4,508,507,1,0,1,True,1,[0],Face2Face,test,1
FaceForensics++_C23\Face2Face/162_330.mp4,407,390,17,5,12,True,17,"[0, 168, 288, 213, 164, 163, 165, 162, 167, 243, 210, 244, 245, 212, 161, 211, 250]",Face2Face,train,1
FaceForensics++_C23\Face2Face/163_031.mp4,482,481,1,0,1,True,1,[0],Face2Face,train,1
FaceForensics++_C23\Face2Face/164_216.mp4,476,473,3,1,2,True,3,"[0, 288, 287]",Face2Face,train,1
FaceForensics++_C23\Face2Face/165_137.mp4,606,605,1,0,1,True,1,[0],Face2Face,train,1
FaceForensics++_C23\Face2Face/166_167.mp4,341,340,1,0,1,True,1,[0],Face2Face,train,1
FaceForensics++_C23\Face2Face/167_166.mp4,756,755,1,0,1,True,1,[0],Face2Face,train,1
FaceForensics++_C23\Face2Face/168_222.mp4,407,406,1,0,1,True,1,[0],Face2Face,train,1
FaceForensics++_C23\Face2Face/169_227.mp4,441,440,1,0,1,True,1,[0],Face2Face,test,1
FaceForensics++_C23\Face2Face/170_186.mp4,334,313,21,6,15,True,20,"[298, 264, 286, 299, 263, 285, 265, 266, 268, 267, 277, 300, 284, 283, 0, 304, 306, 301, 282, 303]",Face2Face,test,1
FaceForensics++_C23\Face2Face/171_173.mp4,721,720,1,0,1,True,1,[0],Face2Face,train,1
FaceForensics++_C23\Face2Face/172_582.mp4,431,430,1,0,1,True,1,[0],Face2Face,train,1
FaceForensics++_C23\Face2Face/173_171.mp4,541,460,81,24,57,False,20,"[375, 376, 534, 535, 533, 531, 250, 177, 255, 338, 254, 257, 339, 479, 249, 349, 496, 329, 526, 325]",Face2Face,train,1
FaceForensics++_C23\Face2Face/174_964.mp4,451,449,2,1,1,True,2,"[200, 0]",Face2Face,train,1
FaceForensics++_C23\Face2Face/175_159.mp4,325,322,3,1,2,True,3,"[0, 121, 120]",Face2Face,val,1
FaceForensics++_C23\Face2Face/176_190.mp4,331,272,59,18,41,False,20,"[236, 235, 234, 233, 179, 178, 281, 180, 145, 153, 176, 231, 175, 261, 278, 230, 144, 181, 279, 268]",Face2Face,test,1
FaceForensics++_C23\Face2Face/177_211.mp4,527,491,36,11,25,False,20,"[2, 7, 1, 0, 6, 432, 386, 352, 467, 306, 351, 466, 512, 310, 513, 305, 312, 499, 510, 307]",Face2Face,train,1
FaceForensics++_C23\Face2Face/178_598.mp4,686,685,1,0,1,True,1,[0],Face2Face,train,1
FaceForensics++_C23\Face2Face/179_212.mp4,415,406,9,3,6,True,9,"[249, 278, 302, 363, 0, 99, 230, 390, 204]",Face2Face,train,1
FaceForensics++_C23\Face2Face/180_105.mp4,300,298,2,1,1,True,2,"[38, 0]",Face2Face,train,1
FaceForensics++_C23\Face2Face/181_199.mp4,368,367,1,0,1,True,1,[0],Face2Face,train,1
FaceForensics++_C23\Face2Face/182_242.mp4,331,330,1,0,1,True,1,[0],Face2Face,train,1
FaceForensics++_C23\Face2Face/183_253.mp4,501,500,1,0,1,True,1,[0],Face2Face,train,1
FaceForensics++_C23\Face2Face/184_205.mp4,307,306,1,0,1,True,1,[0],Face2Face,train,1
FaceForensics++_C23\Face2Face/185_276.mp4,331,323,8,3,5,True,8,"[0, 249, 253, 252, 254, 250, 248, 251]",Face2Face,train,1
FaceForensics++_C23\Face2Face/186_170.mp4,504,503,1,0,1,True,1,[0],Face2Face,test,1
FaceForensics++_C23\Face2Face/187_234.mp4,528,477,51,15,36,False,20,"[436, 458, 296, 431, 454, 450, 430, 437, 288, 438, 452, 429, 328, 291, 455, 459, 432, 464, 441, 483]",Face2Face,train,1
FaceForensics++_C23\Face2Face/188_191.mp4,372,355,17,5,12,True,17,"[0, 307, 310, 308, 306, 311, 305, 312, 304, 313, 303, 302, 314, 315, 301, 316, 317]",Face2Face,train,1
FaceForensics++_C23\Face2Face/189_200.mp4,719,714,5,2,3,True,5,"[88, 86, 87, 85, 0]",Face2Face,train,1
FaceForensics++_C23\Face2Face/190_176.mp4,376,372,4,1,3,True,4,"[328, 332, 150, 0]",Face2Face,test,1
FaceForensics++_C23\Face2Face/191_188.mp4,310,309,1,0,1,True,1,[0],Face2Face,train,1
FaceForensics++_C23\Face2Face/192_134.mp4,346,345,1,0,1,True,1,[0],Face2Face,val,1
FaceForensics++_C23\Face2Face/193_030.mp4,297,295,2,1,1,True,2,"[1, 0]",Face2Face,train,1
FaceForensics++_C23\Face2Face/194_235.mp4,312,306,6,2,4,True,6,"[63, 60, 59, 149, 0, 150]",Face2Face,train,1
FaceForensics++_C23\Face2Face/195_442.mp4,355,354,1,0,1,True,1,[0],Face2Face,train,1
FaceForensics++_C23\Face2Face/196_310.mp4,375,374,1,0,1,True,1,[0],Face2Face,train,1
FaceForensics++_C23\Face2Face/197_224.mp4,488,487,1,0,1,True,1,[0],Face2Face,train,1
FaceForensics++_C23\Face2Face/198_106.mp4,356,355,1,0,1,True,1,[0],Face2Face,val,1
FaceForensics++_C23\Face2Face/199_181.mp4,478,477,1,0,1,True,1,[0],Face2Face,train,1
FaceForensics++_C23\Face2Face/200_189.mp4,512,483,29,9,20,False,20,"[250, 252, 240, 251, 253, 237, 236, 238, 354, 500, 350, 489, 502, 501, 353, 490, 503, 485, 0, 487]",Face2Face,train,1
FaceForensics++_C23\Face2Face/201_203.mp4,446,445,1,0,1,True,1,[0],Face2Face,train,1
FaceForensics++_C23\Face2Face/202_348.mp4,414,413,1,0,1,True,1,[0],Face2Face,train,1
FaceForensics++_C23\Face2Face/203_201.mp4,863,763,100,30,70,False,20,"[737, 153, 750, 755, 754, 752, 136, 753, 751, 135, 749, 138, 140, 141, 139, 137, 717, 258, 632, 631]",Face2Face,train,1
FaceForensics++_C23\Face2Face/204_230.mp4,372,367,5,2,3,True,5,"[333, 0, 249, 184, 185]",Face2Face,train,1
FaceForensics++_C23\Face2Face/205_184.mp4,1254,1223,31,9,22,False,20,"[1218, 608, 2, 609, 613, 0, 607, 1221, 1219, 5, 614, 1223, 1224, 6, 4, 616, 3, 1228, 606, 615]",Face2Face,train,1
FaceForensics++_C23\Face2Face/206_221.mp4,718,717,1,0,1,True,1,[0],Face2Face,train,1
FaceForensics++_C23\Face2Face/207_908.mp4,667,664,3,1,2,True,3,"[477, 213, 0]",Face2Face,train,1
FaceForensics++_C23\Face2Face/208_215.mp4,588,586,2,1,1,True,2,"[119, 0]",Face2Face,train,1
FaceForensics++_C23\Face2Face/209_016.mp4,678,529,149,45,104,False,20,"[236, 239, 242, 233, 230, 0, 224, 245, 434, 227, 390, 393, 446, 431, 437, 440, 443, 221, 428, 283]",Face2Face,train,1
FaceForensics++_C23\Face2Face/210_241.mp4,292,288,4,1,3,True,4,"[0, 250, 48, 247]",Face2Face,train,1
FaceForensics++_C23\Face2Face/211_177.mp4,410,409,1,0,1,True,1,[0],Face2Face,train,1
FaceForensics++_C23\Face2Face/212_179.mp4,1260,1253,7,2,5,True,7,"[563, 562, 265, 1092, 266, 1093, 0]",Face2Face,train,1
FaceForensics++_C23\Face2Face/213_083.mp4,545,532,13,4,9,True,13,"[0, 318, 314, 436, 312, 444, 313, 442, 310, 400, 441, 354, 440]",Face2Face,train,1
FaceForensics++_C23\Face2Face/214_255.mp4,470,465,5,2,3,True,5,"[0, 12, 11, 13, 10]",Face2Face,test,1
FaceForensics++_C23\Face2Face/215_208.mp4,465,464,1,0,1,True,1,[0],Face2Face,train,1
FaceForensics++_C23\Face2Face/216_164.mp4,1021,1018,3,1,2,True,3,"[539, 411, 0]",Face2Face,train,1
FaceForensics++_C23\Face2Face/217_117.mp4,548,512,36,11,25,False,20,"[31, 59, 0, 211, 35, 37, 58, 36, 99, 69, 72, 70, 194, 198, 197, 195, 71, 196, 540, 313]",Face2Face,train,1
FaceForensics++_C23\Face2Face/218_239.mp4,588,587,1,0,1,True,1,[0],Face2Face,train,1
FaceForensics++_C23\Face2Face/219_220.mp4,357,347,10,3,7,True,10,"[269, 267, 235, 237, 170, 0, 153, 152, 151, 150]",Face2Face,test,1
FaceForensics++_C23\Face2Face/220_219.mp4,350,349,1,0,1,True,1,[0],Face2Face,test,1
FaceForensics++_C23\Face2Face/221_206.mp4,714,713,1,0,1,True,1,[0],Face2Face,train,1
FaceForensics++_C23\Face2Face/222_168.mp4,1228,1215,13,4,9,True,13,"[0, 792, 37, 848, 20, 36, 847, 831, 775, 681, 776, 131, 942]",Face2Face,train,1
FaceForensics++_C23\Face2Face/223_586.mp4,379,378,1,0,1,True,1,[0],Face2Face,val,1
FaceForensics++_C23\Face2Face/224_197.mp4,880,879,1,0,1,True,1,[0],Face2Face,train,1
FaceForensics++_C23\Face2Face/225_151.mp4,347,346,1,0,1,True,1,[0],Face2Face,train,1
FaceForensics++_C23\Face2Face/226_491.mp4,427,421,6,2,4,True,6,"[17, 18, 0, 19, 20, 21]",Face2Face,train,1
FaceForensics++_C23\Face2Face/227_169.mp4,649,647,2,1,1,True,2,"[230, 0]",Face2Face,test,1
FaceForensics++_C23\Face2Face/228_289.mp4,597,596,1,0,1,True,1,[0],Face2Face,train,1
FaceForensics++_C23\Face2Face/229_247.mp4,399,394,5,2,3,True,5,"[49, 48, 47, 51, 0]",Face2Face,train,1
FaceForensics++_C23\Face2Face/230_204.mp4,515,514,1,0,1,True,1,[0],Face2Face,train,1
FaceForensics++_C23\Face2Face/231_663.mp4,316,315,1,0,1,True,1,[0],Face2Face,train,1
FaceForensics++_C23\Face2Face/232_248.mp4,496,495,1,0,1,True,1,[0],Face2Face,train,1
FaceForensics++_C23\Face2Face/233_995.mp4,548,544,4,1,3,True,4,"[0, 51, 50, 39]",Face2Face,test,1
FaceForensics++_C23\Face2Face/234_187.mp4,986,985,1,0,1,True,1,[0],Face2Face,train,1
FaceForensics++_C23\Face2Face/235_194.mp4,567,496,71,21,50,False,20,"[262, 250, 360, 134, 488, 282, 500, 508, 113, 507, 339, 509, 114, 341, 281, 115, 119, 340, 285, 287]",Face2Face,train,1
FaceForensics++_C23\Face2Face/236_237.mp4,757,750,7,2,5,True,7,"[346, 625, 510, 675, 225, 0, 170]",Face2Face,train,1
FaceForensics++_C23\Face2Face/237_236.mp4,651,650,1,0,1,True,1,[0],Face2Face,train,1
FaceForensics++_C23\Face2Face/238_282.mp4,594,593,1,0,1,True,1,[0],Face2Face,train,1
FaceForensics++_C23\Face2Face/239_218.mp4,353,347,6,2,4,True,6,"[0, 3, 2, 5, 6, 4]",Face2Face,train,1
FaceForensics++_C23\Face2Face/240_290.mp4,422,421,1,0,1,True,1,[0],Face2Face,train,1
FaceForensics++_C23\Face2Face/241_210.mp4,839,810,29,9,20,False,20,"[304, 279, 273, 269, 276, 305, 274, 309, 308, 277, 303, 312, 306, 307, 278, 310, 272, 311, 271, 275]",Face2Face,train,1
FaceForensics++_C23\Face2Face/242_182.mp4,620,619,1,0,1,True,1,[0],Face2Face,train,1
FaceForensics++_C23\Face2Face/243_156.mp4,518,505,13,4,9,True,13,"[76, 77, 75, 86, 100, 356, 416, 0, 35, 69, 70, 71, 131]",Face2Face,train,1
FaceForensics++_C23\Face2Face/244_822.mp4,297,296,1,0,1,True,1,[0],Face2Face,train,1
FaceForensics++_C23\Face2Face/245_157.mp4,486,485,1,0,1,True,1,[0],Face2Face,val,1
FaceForensics++_C23\Face2Face/246_258.mp4,498,497,1,0,1,True,1,[0],Face2Face,train,1
FaceForensics++_C23\Face2Face/247_229.mp4,392,355,37,11,26,False,20,"[204, 209, 222, 207, 211, 220, 205, 203, 208, 224, 206, 219, 212, 221, 223, 210, 226, 0, 227, 225]",Face2Face,train,1
FaceForensics++_C23\Face2Face/248_232.mp4,574,572,2,1,1,True,2,"[0, 48]",Face2Face,train,1
FaceForensics++_C23\Face2Face/249_280.mp4,606,590,16,5,11,True,16,"[169, 0, 549, 546, 557, 548, 555, 554, 552, 551, 397, 545, 544, 541, 542, 539]",Face2Face,test,1
FaceForensics++_C23\Face2Face/250_461.mp4,612,611,1,0,1,True,1,[0],Face2Face,train,1
FaceForensics++_C23\Face2Face/251_375.mp4,353,352,1,0,1,True,1,[0],Face2Face,train,1
FaceForensics++_C23\Face2Face/252_266.mp4,465,421,44,13,31,False,20,"[324, 323, 306, 311, 327, 326, 313, 328, 333, 305, 338, 339, 341, 353, 340, 342, 167, 428, 68, 204]",Face2Face,train,1
FaceForensics++_C23\Face2Face/253_183.mp4,390,386,4,1,3,True,4,"[176, 0, 364, 365]",Face2Face,train,1
FaceForensics++_C23\Face2Face/254_261.mp4,677,676,1,0,1,True,1,[0],Face2Face,val,1
FaceForensics++_C23\Face2Face/255_214.mp4,462,460,2,1,1,True,2,"[188, 0]",Face2Face,test,1
FaceForensics++_C23\Face2Face/256_146.mp4,1003,970,33,10,23,False,20,"[611, 479, 465, 481, 509, 505, 467, 630, 463, 629, 459, 581, 507, 623, 583, 632, 625, 609, 460, 628]",Face2Face,train,1
FaceForensics++_C23\Face2Face/257_420.mp4,1126,473,653,196,457,False,20,"[799, 801, 724, 722, 803, 720, 836, 798, 804, 689, 802, 800, 691, 725, 834, 832, 723, 721, 685, 841]",Face2Face,test,1
FaceForensics++_C23\Face2Face/258_246.mp4,496,352,144,43,101,False,20,"[150, 147, 149, 146, 165, 164, 12, 13, 161, 162, 15, 14, 167, 176, 171, 175, 163, 16, 11, 18]",Face2Face,train,1
FaceForensics++_C23\Face2Face/259_345.mp4,423,417,6,2,4,True,6,"[405, 288, 0, 157, 351, 222]",Face2Face,train,1
FaceForensics++_C23\Face2Face/260_331.mp4,469,468,1,0,1,True,1,[0],Face2Face,train,1
FaceForensics++_C23\Face2Face/261_254.mp4,427,426,1,0,1,True,1,[0],Face2Face,val,1
FaceForensics++_C23\Face2Face/262_301.mp4,763,762,1,0,1,True,1,[0],Face2Face,train,1
FaceForensics++_C23\Face2Face/263_284.mp4,483,405,78,24,54,False,20,"[418, 176, 188, 194, 193, 422, 174, 195, 150, 403, 153, 168, 402, 412, 196, 183, 190, 430, 198, 424]",Face2Face,val,1
FaceForensics++_C23\Face2Face/264_271.mp4,490,489,1,0,1,True,1,[0],Face2Face,train,1
FaceForensics++_C23\Face2Face/265_475.mp4,337,336,1,0,1,True,1,[0],Face2Face,train,1
FaceForensics++_C23\Face2Face/266_252.mp4,572,519,53,16,37,False,20,"[434, 494, 429, 504, 499, 419, 424, 489, 509, 414, 409, 519, 404, 514, 72, 87, 92, 524, 363, 67]",Face2Face,train,1
FaceForensics++_C23\Face2Face/267_286.mp4,668,667,1,0,1,True,1,[0],Face2Face,train,1
FaceForensics++_C23\Face2Face/268_269.mp4,387,383,4,1,3,True,4,"[362, 0, 253, 252]",Face2Face,train,1
FaceForensics++_C23\Face2Face/269_268.mp4,1465,1464,1,0,1,True,1,[0],Face2Face,train,1
FaceForensics++_C23\Face2Face/270_297.mp4,390,380,10,3,7,True,10,"[45, 151, 0, 1, 147, 150, 146, 15, 17, 18]",Face2Face,train,1
FaceForensics++_C23\Face2Face/271_264.mp4,455,453,2,1,1,True,2,"[137, 0]",Face2Face,train,1
FaceForensics++_C23\Face2Face/272_396.mp4,525,521,4,1,3,True,4,"[51, 402, 242, 0]",Face2Face,train,1
FaceForensics++_C23\Face2Face/273_807.mp4,650,641,9,3,6,True,9,"[0, 266, 265, 376, 264, 377, 379, 263, 378]",Face2Face,val,1
FaceForensics++_C23\Face2Face/274_412.mp4,572,571,1,0,1,True,1,[0],Face2Face,train,1
FaceForensics++_C23\Face2Face/275_887.mp4,339,312,27,8,19,True,20,"[123, 124, 122, 121, 120, 119, 134, 133, 139, 188, 117, 18, 129, 149, 195, 132, 144, 131, 305, 112]",Face2Face,train,1
FaceForensics++_C23\Face2Face/276_185.mp4,875,819,56,17,39,False,20,"[495, 345, 314, 316, 361, 305, 302, 343, 244, 310, 344, 315, 303, 324, 319, 336, 301, 318, 357, 354]",Face2Face,train,1
FaceForensics++_C23\Face2Face/277_335.mp4,384,383,1,0,1,True,1,[0],Face2Face,train,1
FaceForensics++_C23\Face2Face/278_306.mp4,728,727,1,0,1,True,1,[0],Face2Face,test,1
FaceForensics++_C23\Face2Face/279_298.mp4,569,565,4,1,3,True,4,"[0, 1, 13, 14]",Face2Face,train,1
FaceForensics++_C23\Face2Face/280_249.mp4,632,631,1,0,1,True,1,[0],Face2Face,test,1
FaceForensics++_C23\Face2Face/281_474.mp4,296,295,1,0,1,True,1,[0],Face2Face,train,1
FaceForensics++_C23\Face2Face/282_238.mp4,622,621,1,0,1,True,1,[0],Face2Face,train,1
FaceForensics++_C23\Face2Face/283_313.mp4,481,480,1,0,1,True,1,[0],Face2Face,train,1
FaceForensics++_C23\Face2Face/284_263.mp4,300,262,38,12,26,False,20,"[246, 114, 119, 112, 120, 113, 60, 64, 245, 61, 0, 220, 1, 66, 2, 3, 228, 63, 230, 65]",Face2Face,val,1
FaceForensics++_C23\Face2Face/285_136.mp4,611,610,1,0,1,True,1,[0],Face2Face,train,1
FaceForensics++_C23\Face2Face/286_267.mp4,306,305,1,0,1,True,1,[0],Face2Face,train,1
FaceForensics++_C23\Face2Face/287_426.mp4,335,325,10,3,7,True,10,"[0, 73, 74, 75, 76, 44, 45, 226, 225, 224]",Face2Face,train,1
FaceForensics++_C23\Face2Face/288_321.mp4,567,566,1,0,1,True,1,[0],Face2Face,test,1
FaceForensics++_C23\Face2Face/289_228.mp4,556,555,1,0,1,True,1,[0],Face2Face,train,1
FaceForensics++_C23\Face2Face/290_240.mp4,1274,1246,28,9,19,True,20,"[0, 706, 136, 153, 977, 994, 25, 801, 803, 866, 880, 39, 41, 882, 24, 881, 40, 802, 865, 689]",Face2Face,train,1
FaceForensics++_C23\Face2Face/291_874.mp4,469,466,3,1,2,True,3,"[0, 58, 59]",Face2Face,train,1
FaceForensics++_C23\Face2Face/292_294.mp4,604,603,1,0,1,True,1,[0],Face2Face,train,1
FaceForensics++_C23\Face2Face/293_296.mp4,336,317,19,6,13,True,19,"[209, 210, 141, 211, 140, 138, 139, 137, 214, 130, 124, 126, 129, 131, 132, 128, 127, 125, 0]",Face2Face,train,1
FaceForensics++_C23\Face2Face/294_292.mp4,425,424,1,0,1,True,1,[0],Face2Face,train,1
FaceForensics++_C23\Face2Face/295_099.mp4,613,612,1,0,1,True,1,[0],Face2Face,train,1
FaceForensics++_C23\Face2Face/296_293.mp4,758,757,1,0,1,True,1,[0],Face2Face,train,1
FaceForensics++_C23\Face2Face/297_270.mp4,311,310,1,0,1,True,1,[0],Face2Face,train,1
FaceForensics++_C23\Face2Face/298_279.mp4,906,905,1,0,1,True,1,[0],Face2Face,train,1
FaceForensics++_C23\Face2Face/299_145.mp4,475,466,9,3,6,True,9,"[0, 116, 117, 203, 428, 198, 424, 202, 423]",Face2Face,val,1
FaceForensics++_C23\Face2Face/300_304.mp4,610,606,4,1,3,True,4,"[61, 63, 398, 0]",Face2Face,train,1
FaceForensics++_C23\Face2Face/301_262.mp4,397,390,7,2,5,True,7,"[101, 65, 0, 207, 272, 267, 123]",Face2Face,train,1
FaceForensics++_C23\Face2Face/302_323.mp4,456,455,1,0,1,True,1,[0],Face2Face,train,1
FaceForensics++_C23\Face2Face/303_309.mp4,850,848,2,1,1,True,2,"[290, 0]",Face2Face,train,1
FaceForensics++_C23\Face2Face/304_300.mp4,598,597,1,0,1,True,1,[0],Face2Face,train,1
FaceForensics++_C23\Face2Face/305_513.mp4,494,493,1,0,1,True,1,[0],Face2Face,train,1
FaceForensics++_C23\Face2Face/306_278.mp4,449,448,1,0,1,True,1,[0],Face2Face,test,1
FaceForensics++_C23\Face2Face/307_365.mp4,369,368,1,0,1,True,1,[0],Face2Face,train,1
FaceForensics++_C23\Face2Face/308_388.mp4,636,634,2,1,1,True,2,"[0, 350]",Face2Face,test,1
FaceForensics++_C23\Face2Face/309_303.mp4,571,570,1,0,1,True,1,[0],Face2Face,train,1
FaceForensics++_C23\Face2Face/310_196.mp4,426,425,1,0,1,True,1,[0],Face2Face,train,1
FaceForensics++_C23\Face2Face/311_387.mp4,528,527,1,0,1,True,1,[0],Face2Face,train,1
FaceForensics++_C23\Face2Face/312_021.mp4,431,429,2,1,1,True,2,"[287, 0]",Face2Face,train,1
FaceForensics++_C23\Face2Face/313_283.mp4,966,957,9,3,6,True,9,"[0, 949, 950, 948, 11, 10, 13, 947, 12]",Face2Face,train,1
FaceForensics++_C23\Face2Face/314_347.mp4,458,457,1,0,1,True,1,[0],Face2Face,test,1
FaceForensics++_C23\Face2Face/315_322.mp4,313,303,10,3,7,True,10,"[113, 312, 114, 294, 112, 289, 295, 288, 311, 0]",Face2Face,train,1
FaceForensics++_C23\Face2Face/316_369.mp4,320,319,1,0,1,True,1,[0],Face2Face,val,1
FaceForensics++_C23\Face2Face/317_359.mp4,456,455,1,0,1,True,1,[0],Face2Face,train,1
FaceForensics++_C23\Face2Face/318_334.mp4,1339,1338,1,0,1,True,1,[0],Face2Face,train,1
FaceForensics++_C23\Face2Face/319_352.mp4,421,420,1,0,1,True,1,[0],Face2Face,test,1
FaceForensics++_C23\Face2Face/320_328.mp4,319,306,13,4,9,True,13,"[265, 291, 267, 7, 56, 55, 285, 197, 195, 196, 156, 0, 2]",Face2Face,train,1
FaceForensics++_C23\Face2Face/321_288.mp4,543,542,1,0,1,True,1,[0],Face2Face,test,1
FaceForensics++_C23\Face2Face/322_315.mp4,304,303,1,0,1,True,1,[0],Face2Face,train,1
FaceForensics++_C23\Face2Face/323_302.mp4,875,874,1,0,1,True,1,[0],Face2Face,train,1
FaceForensics++_C23\Face2Face/324_356.mp4,558,536,22,7,15,True,20,"[0, 318, 332, 334, 319, 316, 340, 333, 331, 325, 327, 330, 335, 326, 323, 320, 338, 321, 328, 324]",Face2Face,train,1
FaceForensics++_C23\Face2Face/325_492.mp4,347,253,94,28,66,False,20,"[242, 322, 310, 241, 319, 325, 327, 331, 328, 329, 330, 180, 179, 177, 174, 171, 168, 114, 37, 117]",Face2Face,val,1
FaceForensics++_C23\Face2Face/326_501.mp4,522,520,2,1,1,True,2,"[163, 0]",Face2Face,train,1
FaceForensics++_C23\Face2Face/327_329.mp4,415,410,5,2,3,True,5,"[0, 277, 143, 275, 140]",Face2Face,train,1
FaceForensics++_C23\Face2Face/328_320.mp4,504,497,7,2,5,True,7,"[147, 148, 489, 487, 0, 149, 488]",Face2Face,train,1
FaceForensics++_C23\Face2Face/329_327.mp4,495,494,1,0,1,True,1,[0],Face2Face,train,1
FaceForensics++_C23\Face2Face/330_162.mp4,685,672,13,4,9,True,13,"[0, 350, 349, 463, 462, 402, 409, 403, 410, 408, 405, 404, 407]",Face2Face,train,1
FaceForensics++_C23\Face2Face/331_260.mp4,302,301,1,0,1,True,1,[0],Face2Face,train,1
FaceForensics++_C23\Face2Face/332_051.mp4,717,523,194,58,136,False,20,"[0, 412, 628, 461, 320, 311, 322, 321, 314, 318, 317, 313, 316, 323, 312, 319, 315, 324, 566, 325]",Face2Face,train,1
FaceForensics++_C23\Face2Face/333_377.mp4,398,397,1,0,1,True,1,[0],Face2Face,train,1
FaceForensics++_C23\Face2Face/334_318.mp4,475,474,1,0,1,True,1,[0],Face2Face,train,1
FaceForensics++_C23\Face2Face/335_277.mp4,966,965,1,0,1,True,1,[0],Face2Face,train,1
FaceForensics++_C23\Face2Face/336_338.mp4,889,888,1,0,1,True,1,[0],Face2Face,train,1
FaceForensics++_C23\Face2Face/337_522.mp4,713,695,18,6,12,True,18,"[0, 656, 4, 663, 524, 136, 39, 34, 698, 693, 311, 349, 611, 626, 621, 65, 49, 708]",Face2Face,train,1
FaceForensics++_C23\Face2Face/338_336.mp4,507,506,1,0,1,True,1,[0],Face2Face,train,1
FaceForensics++_C23\Face2Face/339_392.mp4,1496,1487,9,3,6,True,9,"[1284, 373, 1451, 540, 0, 1283, 372, 539, 1450]",Face2Face,train,1
FaceForensics++_C23\Face2Face/340_341.mp4,827,826,1,0,1,True,1,[0],Face2Face,train,1
FaceForensics++_C23\Face2Face/341_340.mp4,293,284,9,3,6,True,9,"[0, 53, 52, 51, 42, 41, 38, 40, 39]",Face2Face,train,1
FaceForensics++_C23\Face2Face/342_416.mp4,313,312,1,0,1,True,1,[0],Face2Face,val,1
FaceForensics++_C23\Face2Face/343_363.mp4,473,472,1,0,1,True,1,[0],Face2Face,train,1
FaceForensics++_C23\Face2Face/344_020.mp4,390,389,1,0,1,True,1,[0],Face2Face,train,1
FaceForensics++_C23\Face2Face/345_259.mp4,444,443,1,0,1,True,1,[0],Face2Face,train,1
FaceForensics++_C23\Face2Face/346_351.mp4,684,683,1,0,1,True,1,[0],Face2Face,train,1
FaceForensics++_C23\Face2Face/347_314.mp4,413,412,1,0,1,True,1,[0],Face2Face,test,1
FaceForensics++_C23\Face2Face/348_202.mp4,323,322,1,0,1,True,1,[0],Face2Face,train,1
FaceForensics++_C23\Face2Face/349_350.mp4,405,404,1,0,1,True,1,[0],Face2Face,val,1
FaceForensics++_C23\Face2Face/350_349.mp4,471,470,1,0,1,True,1,[0],Face2Face,val,1
FaceForensics++_C23\Face2Face/351_346.mp4,615,614,1,0,1,True,1,[0],Face2Face,train,1
FaceForensics++_C23\Face2Face/352_319.mp4,717,715,2,1,1,True,2,"[151, 0]",Face2Face,test,1
FaceForensics++_C23\Face2Face/353_383.mp4,465,464,1,0,1,True,1,[0],Face2Face,train,1
FaceForensics++_C23\Face2Face/354_362.mp4,455,454,1,0,1,True,1,[0],Face2Face,val,1
FaceForensics++_C23\Face2Face/355_748.mp4,318,305,13,4,9,True,13,"[0, 39, 37, 38, 36, 35, 33, 27, 26, 28, 29, 30, 32]",Face2Face,train,1
FaceForensics++_C23\Face2Face/356_324.mp4,1249,1176,73,22,51,False,20,"[881, 882, 233, 232, 463, 0, 909, 908, 910, 205, 204, 651, 203, 912, 201, 858, 256, 911, 915, 202]",Face2Face,train,1
FaceForensics++_C23\Face2Face/357_432.mp4,360,359,1,0,1,True,1,[0],Face2Face,train,1
FaceForensics++_C23\Face2Face/358_380.mp4,455,454,1,0,1,True,1,[0],Face2Face,test,1
FaceForensics++_C23\Face2Face/359_317.mp4,682,680,2,1,1,True,2,"[0, 224]",Face2Face,train,1
FaceForensics++_C23\Face2Face/360_437.mp4,593,571,22,7,15,True,20,"[355, 413, 429, 339, 574, 431, 466, 465, 337, 467, 338, 430, 176, 194, 303, 592, 0, 301, 102, 177]",Face2Face,train,1
FaceForensics++_C23\Face2Face/361_448.mp4,528,468,60,18,42,False,20,"[0, 172, 166, 140, 170, 171, 39, 37, 38, 36, 45, 364, 443, 444, 445, 365, 500, 513, 446, 447]",Face2Face,train,1
FaceForensics++_C23\Face2Face/362_354.mp4,460,459,1,0,1,True,1,[0],Face2Face,val,1
FaceForensics++_C23\Face2Face/363_343.mp4,299,296,3,1,2,True,3,"[15, 132, 0]",Face2Face,train,1
FaceForensics++_C23\Face2Face/364_440.mp4,419,418,1,0,1,True,1,[0],Face2Face,val,1
FaceForensics++_C23\Face2Face/365_307.mp4,378,377,1,0,1,True,1,[0],Face2Face,train,1
FaceForensics++_C23\Face2Face/366_473.mp4,574,562,12,4,8,True,12,"[50, 365, 370, 369, 0, 441, 435, 436, 437, 373, 433, 371]",Face2Face,train,1
FaceForensics++_C23\Face2Face/367_371.mp4,718,717,1,0,1,True,1,[0],Face2Face,test,1
FaceForensics++_C23\Face2Face/368_378.mp4,761,760,1,0,1,True,1,[0],Face2Face,train,1
FaceForensics++_C23\Face2Face/369_316.mp4,566,565,1,0,1,True,1,[0],Face2Face,val,1
FaceForensics++_C23\Face2Face/370_483.mp4,375,350,25,8,17,True,20,"[0, 249, 250, 251, 252, 253, 254, 277, 255, 276, 256, 275, 274, 257, 273, 272, 258, 271, 270, 269]",Face2Face,val,1
FaceForensics++_C23\Face2Face/371_367.mp4,649,648,1,0,1,True,1,[0],Face2Face,test,1
FaceForensics++_C23\Face2Face/372_413.mp4,379,378,1,0,1,True,1,[0],Face2Face,train,1
FaceForensics++_C23\Face2Face/373_394.mp4,420,419,1,0,1,True,1,[0],Face2Face,train,1
FaceForensics++_C23\Face2Face/374_407.mp4,504,503,1,0,1,True,1,[0],Face2Face,train,1
FaceForensics++_C23\Face2Face/375_251.mp4,346,345,1,0,1,True,1,[0],Face2Face,train,1
FaceForensics++_C23\Face2Face/376_381.mp4,578,575,3,1,2,True,3,"[515, 513, 0]",Face2Face,test,1
FaceForensics++_C23\Face2Face/377_333.mp4,429,428,1,0,1,True,1,[0],Face2Face,train,1
FaceForensics++_C23\Face2Face/378_368.mp4,761,757,4,1,3,True,4,"[304, 529, 0, 699]",Face2Face,train,1
FaceForensics++_C23\Face2Face/379_158.mp4,444,415,29,9,20,False,20,"[47, 257, 422, 420, 259, 258, 421, 195, 198, 194, 196, 55, 419, 199, 260, 54, 0, 53, 261, 418]",Face2Face,test,1
FaceForensics++_C23\Face2Face/380_358.mp4,534,533,1,0,1,True,1,[0],Face2Face,test,1
FaceForensics++_C23\Face2Face/381_376.mp4,515,514,1,0,1,True,1,[0],Face2Face,test,1
FaceForensics++_C23\Face2Face/382_409.mp4,361,360,1,0,1,True,1,[0],Face2Face,train,1
FaceForensics++_C23\Face2Face/383_353.mp4,358,357,1,0,1,True,1,[0],Face2Face,train,1
FaceForensics++_C23\Face2Face/384_932.mp4,484,483,1,0,1,True,1,[0],Face2Face,test,1
FaceForensics++_C23\Face2Face/385_414.mp4,587,544,43,13,30,False,20,"[253, 450, 254, 442, 441, 252, 448, 0, 251, 445, 443, 449, 447, 232, 468, 444, 231, 466, 230, 229]",Face2Face,train,1
FaceForensics++_C23\Face2Face/386_154.mp4,594,591,3,1,2,True,3,"[447, 449, 0]",Face2Face,test,1
FaceForensics++_C23\Face2Face/387_311.mp4,368,367,1,0,1,True,1,[0],Face2Face,train,1
FaceForensics++_C23\Face2Face/388_308.mp4,502,498,4,1,3,True,4,"[0, 75, 74, 158]",Face2Face,test,1
FaceForensics++_C23\Face2Face/389_480.mp4,485,484,1,0,1,True,1,[0],Face2Face,test,1
FaceForensics++_C23\Face2Face/390_709.mp4,300,278,22,7,15,True,20,"[93, 97, 56, 81, 100, 12, 125, 10, 44, 101, 9, 121, 8, 98, 11, 99, 109, 0, 4, 1]",Face2Face,train,1
FaceForensics++_C23\Face2Face/391_406.mp4,512,511,1,0,1,True,1,[0],Face2Face,train,1
FaceForensics++_C23\Face2Face/392_339.mp4,457,454,3,1,2,True,3,"[284, 0, 443]",Face2Face,train,1
FaceForensics++_C23\Face2Face/393_405.mp4,531,530,1,0,1,True,1,[0],Face2Face,train,1
FaceForensics++_C23\Face2Face/394_373.mp4,602,601,1,0,1,True,1,[0],Face2Face,train,1
FaceForensics++_C23\Face2Face/395_401.mp4,492,491,1,0,1,True,1,[0],Face2Face,train,1
FaceForensics++_C23\Face2Face/396_272.mp4,323,322,1,0,1,True,1,[0],Face2Face,train,1
FaceForensics++_C23\Face2Face/397_602.mp4,667,568,99,30,69,False,20,"[279, 283, 282, 428, 0, 424, 285, 255, 423, 284, 169, 257, 81, 287, 540, 610, 281, 83, 425, 426]",Face2Face,train,1
FaceForensics++_C23\Face2Face/398_457.mp4,528,527,1,0,1,True,1,[0],Face2Face,train,1
FaceForensics++_C23\Face2Face/399_488.mp4,518,517,1,0,1,True,1,[0],Face2Face,test,1
FaceForensics++_C23\Face2Face/400_476.mp4,310,309,1,0,1,True,1,[0],Face2Face,train,1
FaceForensics++_C23\Face2Face/401_395.mp4,448,447,1,0,1,True,1,[0],Face2Face,train,1
FaceForensics++_C23\Face2Face/402_453.mp4,645,623,22,7,15,True,20,"[132, 131, 133, 127, 59, 55, 53, 0, 54, 299, 51, 57, 545, 60, 52, 129, 128, 56, 58, 66]",Face2Face,val,1
FaceForensics++_C23\Face2Face/403_497.mp4,621,529,92,28,64,False,20,"[0, 266, 414, 302, 533, 265, 318, 301, 300, 503, 261, 508, 90, 524, 454, 506, 203, 241, 339, 298]",Face2Face,train,1
FaceForensics++_C23\Face2Face/404_429.mp4,457,331,126,38,88,False,20,"[267, 283, 287, 285, 282, 173, 284, 286, 7, 4, 6, 5, 3, 2, 0, 393, 1, 387, 392, 385]",Face2Face,test,1
FaceForensics++_C23\Face2Face/405_393.mp4,579,578,1,0,1,True,1,[0],Face2Face,train,1
FaceForensics++_C23\Face2Face/406_391.mp4,547,532,15,5,10,True,15,"[505, 0, 457, 14, 17, 517, 506, 504, 12, 7, 18, 13, 456, 15, 16]",Face2Face,train,1
FaceForensics++_C23\Face2Face/407_374.mp4,586,585,1,0,1,True,1,[0],Face2Face,train,1
FaceForensics++_C23\Face2Face/408_424.mp4,311,170,141,42,99,False,20,"[48, 98, 53, 43, 63, 108, 97, 78, 71, 80, 73, 55, 54, 81, 82, 75, 76, 93, 67, 87]",Face2Face,train,1
FaceForensics++_C23\Face2Face/409_382.mp4,313,312,1,0,1,True,1,[0],Face2Face,train,1
FaceForensics++_C23\Face2Face/410_411.mp4,529,528,1,0,1,True,1,[0],Face2Face,train,1
FaceForensics++_C23\Face2Face/411_410.mp4,459,411,48,15,33,False,20,"[180, 216, 181, 217, 178, 157, 218, 0, 158, 179, 65, 182, 222, 226, 227, 225, 223, 193, 229, 228]",Face2Face,train,1
FaceForensics++_C23\Face2Face/412_274.mp4,474,473,1,0,1,True,1,[0],Face2Face,train,1
FaceForensics++_C23\Face2Face/413_372.mp4,486,485,1,0,1,True,1,[0],Face2Face,train,1
FaceForensics++_C23\Face2Face/414_385.mp4,349,348,1,0,1,True,1,[0],Face2Face,train,1
FaceForensics++_C23\Face2Face/415_484.mp4,319,318,1,0,1,True,1,[0],Face2Face,train,1
FaceForensics++_C23\Face2Face/416_342.mp4,302,301,1,0,1,True,1,[0],Face2Face,val,1
FaceForensics++_C23\Face2Face/417_496.mp4,1496,1430,66,20,46,False,20,"[0, 3, 256, 4, 274, 1465, 14, 1447, 584, 6, 299, 255, 1095, 595, 305, 5, 1464, 306, 1136, 581]",Face2Face,train,1
FaceForensics++_C23\Face2Face/418_507.mp4,469,468,1,0,1,True,1,[0],Face2Face,test,1
FaceForensics++_C23\Face2Face/419_824.mp4,577,576,1,0,1,True,1,[0],Face2Face,val,1
FaceForensics++_C23\Face2Face/420_257.mp4,763,758,5,2,3,True,5,"[535, 0, 561, 536, 562]",Face2Face,test,1
FaceForensics++_C23\Face2Face/421_423.mp4,1814,1813,1,0,1,True,1,[0],Face2Face,test,1
FaceForensics++_C23\Face2Face/422_695.mp4,310,256,54,16,38,False,20,"[191, 193, 189, 190, 194, 122, 124, 169, 192, 125, 123, 121, 119, 12, 14, 240, 43, 10, 6, 243]",Face2Face,test,1
FaceForensics++_C23\Face2Face/423_421.mp4,1038,1037,1,0,1,True,1,[0],Face2Face,test,1
FaceForensics++_C23\Face2Face/424_408.mp4,306,304,2,1,1,True,2,"[0, 10]",Face2Face,train,1
FaceForensics++_C23\Face2Face/425_485.mp4,803,800,3,1,2,True,3,"[334, 336, 0]",Face2Face,test,1
FaceForensics++_C23\Face2Face/426_287.mp4,475,422,53,16,37,False,20,"[0, 125, 127, 128, 224, 95, 89, 93, 100, 126, 307, 94, 91, 360, 98, 97, 361, 92, 438, 96]",Face2Face,train,1
FaceForensics++_C23\Face2Face/427_637.mp4,510,509,1,0,1,True,1,[0],Face2Face,train,1
FaceForensics++_C23\Face2Face/428_466.mp4,334,333,1,0,1,True,1,[0],Face2Face,train,1
FaceForensics++_C23\Face2Face/429_404.mp4,798,793,5,2,3,True,5,"[317, 0, 594, 318, 593]",Face2Face,test,1
FaceForensics++_C23\Face2Face/430_459.mp4,526,524,2,1,1,True,2,"[0, 162]",Face2Face,train,1
FaceForensics++_C23\Face2Face/431_447.mp4,326,325,1,0,1,True,1,[0],Face2Face,train,1
FaceForensics++_C23\Face2Face/432_357.mp4,346,345,1,0,1,True,1,[0],Face2Face,train,1
FaceForensics++_C23\Face2Face/433_498.mp4,317,316,1,0,1,True,1,[0],Face2Face,train,1
FaceForensics++_C23\Face2Face/434_438.mp4,542,541,1,0,1,True,1,[0],Face2Face,train,1
FaceForensics++_C23\Face2Face/435_456.mp4,608,592,16,5,11,True,16,"[111, 98, 110, 22, 20, 21, 554, 19, 17, 18, 395, 555, 396, 16, 14, 0]",Face2Face,train,1
FaceForensics++_C23\Face2Face/436_526.mp4,838,753,85,26,59,False,20,"[497, 291, 339, 348, 686, 353, 351, 681, 683, 701, 310, 724, 317, 703, 331, 329, 325, 723, 315, 333]",Face2Face,train,1
FaceForensics++_C23\Face2Face/437_360.mp4,385,360,25,8,17,True,20,"[292, 0, 192, 367, 196, 313, 355, 187, 259, 189, 46, 50, 180, 301, 188, 267, 176, 178, 171, 13]",Face2Face,train,1
FaceForensics++_C23\Face2Face/438_434.mp4,337,336,1,0,1,True,1,[0],Face2Face,train,1
FaceForensics++_C23\Face2Face/439_441.mp4,305,303,2,1,1,True,2,"[174, 0]",Face2Face,train,1
FaceForensics++_C23\Face2Face/440_364.mp4,648,643,5,2,3,True,5,"[97, 76, 77, 98, 0]",Face2Face,val,1
FaceForensics++_C23\Face2Face/441_439.mp4,462,455,7,2,5,True,7,"[124, 0, 53, 54, 57, 63, 67]",Face2Face,train,1
FaceForensics++_C23\Face2Face/442_195.mp4,333,286,47,14,33,False,20,"[9, 10, 0, 1, 8, 7, 4, 3, 2, 11, 5, 6, 13, 15, 16, 19, 14, 17, 22, 12]",Face2Face,train,1
FaceForensics++_C23\Face2Face/443_514.mp4,361,360,1,0,1,True,1,[0],Face2Face,val,1
FaceForensics++_C23\Face2Face/444_655.mp4,678,677,1,0,1,True,1,[0],Face2Face,train,1
FaceForensics++_C23\Face2Face/445_494.mp4,802,801,1,0,1,True,1,[0],Face2Face,test,1
FaceForensics++_C23\Face2Face/446_667.mp4,469,460,9,3,6,True,9,"[1, 0, 359, 153, 2, 154, 155, 156, 220]",Face2Face,train,1
FaceForensics++_C23\Face2Face/447_431.mp4,616,615,1,0,1,True,1,[0],Face2Face,train,1
FaceForensics++_C23\Face2Face/448_361.mp4,455,454,1,0,1,True,1,[0],Face2Face,train,1
FaceForensics++_C23\Face2Face/449_451.mp4,383,382,1,0,1,True,1,[0],Face2Face,train,1
FaceForensics++_C23\Face2Face/450_533.mp4,558,557,1,0,1,True,1,[0],Face2Face,train,1
FaceForensics++_C23\Face2Face/451_449.mp4,306,305,1,0,1,True,1,[0],Face2Face,train,1
FaceForensics++_C23\Face2Face/452_550.mp4,444,443,1,0,1,True,1,[0],Face2Face,test,1
FaceForensics++_C23\Face2Face/453_402.mp4,423,421,2,1,1,True,2,"[186, 0]",Face2Face,val,1
FaceForensics++_C23\Face2Face/454_527.mp4,342,337,5,2,3,True,5,"[237, 238, 239, 236, 0]",Face2Face,test,1
FaceForensics++_C23\Face2Face/455_471.mp4,540,232,308,93,215,False,20,"[0, 206, 139, 500, 289, 136, 355, 219, 184, 501, 145, 474, 391, 130, 403, 281, 282, 334, 437, 292]",Face2Face,val,1
FaceForensics++_C23\Face2Face/456_435.mp4,476,471,5,2,3,True,5,"[0, 322, 214, 90, 420]",Face2Face,train,1
FaceForensics++_C23\Face2Face/457_398.mp4,582,580,2,1,1,True,2,"[192, 0]",Face2Face,train,1
FaceForensics++_C23\Face2Face/458_722.mp4,396,395,1,0,1,True,1,[0],Face2Face,train,1
FaceForensics++_C23\Face2Face/459_430.mp4,357,352,5,2,3,True,5,"[328, 304, 0, 302, 303]",Face2Face,train,1
FaceForensics++_C23\Face2Face/460_678.mp4,400,399,1,0,1,True,1,[0],Face2Face,train,1
FaceForensics++_C23\Face2Face/461_250.mp4,564,563,1,0,1,True,1,[0],Face2Face,train,1
FaceForensics++_C23\Face2Face/462_467.mp4,423,422,1,0,1,True,1,[0],Face2Face,test,1
FaceForensics++_C23\Face2Face/463_464.mp4,404,366,38,12,26,False,20,"[203, 356, 213, 210, 201, 204, 202, 80, 205, 211, 209, 208, 207, 216, 143, 82, 212, 272, 86, 215]",Face2Face,train,1
FaceForensics++_C23\Face2Face/464_463.mp4,315,314,1,0,1,True,1,[0],Face2Face,train,1
FaceForensics++_C23\Face2Face/465_482.mp4,354,353,1,0,1,True,1,[0],Face2Face,val,1
FaceForensics++_C23\Face2Face/466_428.mp4,540,532,8,3,5,True,8,"[280, 334, 537, 332, 128, 0, 129, 386]",Face2Face,train,1
FaceForensics++_C23\Face2Face/467_462.mp4,585,584,1,0,1,True,1,[0],Face2Face,test,1
FaceForensics++_C23\Face2Face/468_470.mp4,905,904,1,0,1,True,1,[0],Face2Face,val,1
FaceForensics++_C23\Face2Face/469_481.mp4,414,396,18,6,12,True,18,"[0, 48, 46, 45, 47, 51, 330, 44, 328, 386, 327, 52, 329, 408, 331, 388, 35, 123]",Face2Face,train,1
FaceForensics++_C23\Face2Face/470_468.mp4,597,596,1,0,1,True,1,[0],Face2Face,val,1
FaceForensics++_C23\Face2Face/471_455.mp4,370,369,1,0,1,True,1,[0],Face2Face,val,1
FaceForensics++_C23\Face2Face/472_511.mp4,809,808,1,0,1,True,1,[0],Face2Face,val,1
FaceForensics++_C23\Face2Face/473_366.mp4,404,403,1,0,1,True,1,[0],Face2Face,train,1
FaceForensics++_C23\Face2Face/474_281.mp4,309,63,246,74,172,False,20,"[103, 187, 193, 189, 105, 113, 191, 195, 167, 83, 93, 109, 179, 97, 100, 85, 232, 107, 197, 181]",Face2Face,train,1
FaceForensics++_C23\Face2Face/475_265.mp4,552,548,4,1,3,True,4,"[50, 0, 7, 20]",Face2Face,train,1
FaceForensics++_C23\Face2Face/476_400.mp4,357,273,84,25,59,False,20,"[0, 115, 113, 4, 110, 114, 89, 91, 79, 109, 253, 255, 289, 256, 64, 94, 120, 112, 74, 19]",Face2Face,train,1
FaceForensics++_C23\Face2Face/477_487.mp4,319,313,6,2,4,True,6,"[0, 23, 315, 318, 316, 317]",Face2Face,train,1
FaceForensics++_C23\Face2Face/478_506.mp4,668,667,1,0,1,True,1,[0],Face2Face,train,1
FaceForensics++_C23\Face2Face/479_706.mp4,328,326,2,1,1,True,2,"[0, 312]",Face2Face,test,1
FaceForensics++_C23\Face2Face/480_389.mp4,314,313,1,0,1,True,1,[0],Face2Face,test,1
FaceForensics++_C23\Face2Face/481_469.mp4,414,400,14,4,10,True,14,"[0, 356, 355, 228, 227, 167, 51, 169, 177, 49, 168, 52, 53, 50]",Face2Face,train,1
FaceForensics++_C23\Face2Face/482_465.mp4,329,275,54,16,38,False,20,"[169, 168, 211, 212, 214, 213, 229, 234, 233, 80, 230, 21, 231, 78, 79, 76, 77, 31, 232, 0]",Face2Face,val,1
FaceForensics++_C23\Face2Face/483_370.mp4,396,395,1,0,1,True,1,[0],Face2Face,val,1
FaceForensics++_C23\Face2Face/484_415.mp4,563,562,1,0,1,True,1,[0],Face2Face,train,1
FaceForensics++_C23\Face2Face/485_425.mp4,336,335,1,0,1,True,1,[0],Face2Face,test,1
FaceForensics++_C23\Face2Face/486_680.mp4,300,299,1,0,1,True,1,[0],Face2Face,train,1
FaceForensics++_C23\Face2Face/487_477.mp4,365,364,1,0,1,True,1,[0],Face2Face,train,1
FaceForensics++_C23\Face2Face/488_399.mp4,862,854,8,3,5,True,8,"[514, 520, 82, 144, 46, 64, 829, 0]",Face2Face,test,1
FaceForensics++_C23\Face2Face/489_022.mp4,325,321,4,1,3,True,4,"[7, 3, 0, 1]",Face2Face,train,1
FaceForensics++_C23\Face2Face/490_534.mp4,384,383,1,0,1,True,1,[0],Face2Face,train,1
FaceForensics++_C23\Face2Face/491_226.mp4,328,327,1,0,1,True,1,[0],Face2Face,train,1
FaceForensics++_C23\Face2Face/492_325.mp4,1421,1420,1,0,1,True,1,[0],Face2Face,val,1
FaceForensics++_C23\Face2Face/493_538.mp4,596,591,5,2,3,True,5,"[387, 401, 386, 402, 0]",Face2Face,val,1
FaceForensics++_C23\Face2Face/494_445.mp4,1053,1052,1,0,1,True,1,[0],Face2Face,test,1
FaceForensics++_C23\Face2Face/495_512.mp4,750,748,2,1,1,True,2,"[0, 43]",Face2Face,train,1
FaceForensics++_C23\Face2Face/496_417.mp4,861,860,1,0,1,True,1,[0],Face2Face,train,1
FaceForensics++_C23\Face2Face/497_403.mp4,707,705,2,1,1,True,2,"[0, 145]",Face2Face,train,1
FaceForensics++_C23\Face2Face/498_433.mp4,532,531,1,0,1,True,1,[0],Face2Face,train,1
FaceForensics++_C23\Face2Face/499_539.mp4,313,310,3,1,2,True,3,"[302, 0, 37]",Face2Face,train,1
FaceForensics++_C23\Face2Face/500_592.mp4,383,382,1,0,1,True,1,[0],Face2Face,train,1
FaceForensics++_C23\Face2Face/501_326.mp4,914,913,1,0,1,True,1,[0],Face2Face,train,1
FaceForensics++_C23\Face2Face/502_504.mp4,317,315,2,1,1,True,2,"[36, 0]",Face2Face,train,1
FaceForensics++_C23\Face2Face/503_756.mp4,570,569,1,0,1,True,1,[0],Face2Face,train,1
FaceForensics++_C23\Face2Face/504_502.mp4,317,316,1,0,1,True,1,[0],Face2Face,train,1
FaceForensics++_C23\Face2Face/505_600.mp4,388,387,1,0,1,True,1,[0],Face2Face,train,1
FaceForensics++_C23\Face2Face/506_478.mp4,749,748,1,0,1,True,1,[0],Face2Face,train,1
FaceForensics++_C23\Face2Face/507_418.mp4,319,309,10,3,7,True,10,"[228, 278, 227, 173, 280, 154, 279, 153, 174, 0]",Face2Face,test,1
FaceForensics++_C23\Face2Face/508_831.mp4,327,326,1,0,1,True,1,[0],Face2Face,train,1
FaceForensics++_C23\Face2Face/509_525.mp4,517,394,123,37,86,False,20,"[128, 126, 122, 136, 125, 114, 166, 144, 142, 138, 116, 124, 146, 127, 118, 140, 120, 130, 123, 164]",Face2Face,train,1
FaceForensics++_C23\Face2Face/510_528.mp4,377,280,97,29,68,False,20,"[0, 105, 104, 108, 122, 60, 106, 84, 107, 86, 112, 88, 83, 85, 109, 89, 363, 307, 319, 87]",Face2Face,train,1
FaceForensics++_C23\Face2Face/511_472.mp4,479,478,1,0,1,True,1,[0],Face2Face,val,1
FaceForensics++_C23\Face2Face/512_495.mp4,573,571,2,1,1,True,2,"[0, 146]",Face2Face,train,1
FaceForensics++_C23\Face2Face/513_305.mp4,843,837,6,2,4,True,6,"[0, 104, 102, 105, 106, 103]",Face2Face,train,1
FaceForensics++_C23\Face2Face/514_443.mp4,1146,1136,10,3,7,True,10,"[216, 935, 0, 504, 926, 207, 513, 179, 898, 541]",Face2Face,val,1
FaceForensics++_C23\Face2Face/515_519.mp4,751,750,1,0,1,True,1,[0],Face2Face,train,1
FaceForensics++_C23\Face2Face/516_555.mp4,572,569,3,1,2,True,3,"[0, 458, 248]",Face2Face,train,1
FaceForensics++_C23\Face2Face/517_521.mp4,304,303,1,0,1,True,1,[0],Face2Face,test,1
FaceForensics++_C23\Face2Face/518_131.mp4,306,305,1,0,1,True,1,[0],Face2Face,train,1
FaceForensics++_C23\Face2Face/519_515.mp4,766,765,1,0,1,True,1,[0],Face2Face,train,1
FaceForensics++_C23\Face2Face/520_542.mp4,320,319,1,0,1,True,1,[0],Face2Face,train,1
FaceForensics++_C23\Face2Face/521_517.mp4,373,372,1,0,1,True,1,[0],Face2Face,test,1
FaceForensics++_C23\Face2Face/522_337.mp4,331,330,1,0,1,True,1,[0],Face2Face,train,1
FaceForensics++_C23\Face2Face/523_541.mp4,390,389,1,0,1,True,1,[0],Face2Face,train,1
FaceForensics++_C23\Face2Face/524_580.mp4,292,291,1,0,1,True,1,[0],Face2Face,train,1
FaceForensics++_C23\Face2Face/525_509.mp4,563,562,1,0,1,True,1,[0],Face2Face,train,1
FaceForensics++_C23\Face2Face/526_436.mp4,518,516,2,1,1,True,2,"[302, 0]",Face2Face,train,1
FaceForensics++_C23\Face2Face/527_454.mp4,384,371,13,4,9,True,13,"[300, 301, 302, 382, 379, 380, 381, 0, 378, 303, 284, 304, 18]",Face2Face,test,1
FaceForensics++_C23\Face2Face/528_510.mp4,340,306,34,10,24,False,20,"[114, 112, 218, 217, 219, 223, 235, 224, 236, 232, 221, 225, 222, 237, 238, 233, 234, 229, 231, 226]",Face2Face,train,1
FaceForensics++_C23\Face2Face/529_633.mp4,512,510,2,1,1,True,2,"[10, 0]",Face2Face,test,1
FaceForensics++_C23\Face2Face/530_594.mp4,294,292,2,1,1,True,2,"[201, 0]",Face2Face,train,1
FaceForensics++_C23\Face2Face/531_549.mp4,624,614,10,3,7,True,10,"[600, 1, 0, 36, 41, 46, 598, 590, 595, 38]",Face2Face,train,1
FaceForensics++_C23\Face2Face/532_544.mp4,355,354,1,0,1,True,1,[0],Face2Face,train,1
FaceForensics++_C23\Face2Face/533_450.mp4,774,770,4,1,3,True,4,"[578, 536, 0, 237]",Face2Face,train,1
FaceForensics++_C23\Face2Face/534_490.mp4,635,632,3,1,2,True,3,"[334, 432, 0]",Face2Face,train,1
FaceForensics++_C23\Face2Face/535_587.mp4,626,625,1,0,1,True,1,[0],Face2Face,train,1
FaceForensics++_C23\Face2Face/536_540.mp4,957,956,1,0,1,True,1,[0],Face2Face,train,1
FaceForensics++_C23\Face2Face/537_563.mp4,390,388,2,1,1,True,2,"[0, 286]",Face2Face,train,1
FaceForensics++_C23\Face2Face/538_493.mp4,395,394,1,0,1,True,1,[0],Face2Face,val,1
FaceForensics++_C23\Face2Face/539_499.mp4,514,513,1,0,1,True,1,[0],Face2Face,train,1
FaceForensics++_C23\Face2Face/540_536.mp4,603,602,1,0,1,True,1,[0],Face2Face,train,1
FaceForensics++_C23\Face2Face/541_523.mp4,375,374,1,0,1,True,1,[0],Face2Face,train,1
FaceForensics++_C23\Face2Face/542_520.mp4,350,349,1,0,1,True,1,[0],Face2Face,train,1
FaceForensics++_C23\Face2Face/543_559.mp4,334,329,5,2,3,True,5,"[161, 160, 46, 47, 0]",Face2Face,train,1
FaceForensics++_C23\Face2Face/544_532.mp4,391,388,3,1,2,True,3,"[0, 355, 353]",Face2Face,train,1
FaceForensics++_C23\Face2Face/545_553.mp4,364,362,2,1,1,True,2,"[0, 363]",Face2Face,train,1
FaceForensics++_C23\Face2Face/546_621.mp4,370,369,1,0,1,True,1,[0],Face2Face,train,1
FaceForensics++_C23\Face2Face/547_574.mp4,507,506,1,0,1,True,1,[0],Face2Face,train,1
FaceForensics++_C23\Face2Face/548_632.mp4,427,426,1,0,1,True,1,[0],Face2Face,val,1
FaceForensics++_C23\Face2Face/549_531.mp4,319,206,113,34,79,False,20,"[250, 256, 196, 221, 259, 226, 204, 248, 206, 220, 203, 201, 205, 258, 219, 253, 189, 261, 289, 236]",Face2Face,train,1
FaceForensics++_C23\Face2Face/550_452.mp4,606,603,3,1,2,True,3,"[444, 0, 442]",Face2Face,test,1
FaceForensics++_C23\Face2Face/551_631.mp4,424,423,1,0,1,True,1,[0],Face2Face,train,1
FaceForensics++_C23\Face2Face/552_851.mp4,833,830,3,1,2,True,3,"[0, 370, 234]",Face2Face,test,1
FaceForensics++_C23\Face2Face/553_545.mp4,436,435,1,0,1,True,1,[0],Face2Face,train,1
FaceForensics++_C23\Face2Face/554_572.mp4,347,346,1,0,1,True,1,[0],Face2Face,train,1
FaceForensics++_C23\Face2Face/555_516.mp4,354,353,1,0,1,True,1,[0],Face2Face,train,1
FaceForensics++_C23\Face2Face/556_588.mp4,544,543,1,0,1,True,1,[0],Face2Face,train,1
FaceForensics++_C23\Face2Face/557_560.mp4,349,348,1,0,1,True,1,[0],Face2Face,val,1
FaceForensics++_C23\Face2Face/558_583.mp4,475,407,68,21,47,False,20,"[8, 6, 9, 471, 7, 292, 4, 5, 3, 296, 250, 344, 254, 75, 0, 2, 251, 73, 348, 252]",Face2Face,val,1
FaceForensics++_C23\Face2Face/559_543.mp4,718,717,1,0,1,True,1,[0],Face2Face,train,1
FaceForensics++_C23\Face2Face/560_557.mp4,509,506,3,1,2,True,3,"[420, 0, 276]",Face2Face,val,1
FaceForensics++_C23\Face2Face/561_998.mp4,344,343,1,0,1,True,1,[0],Face2Face,train,1
FaceForensics++_C23\Face2Face/562_626.mp4,975,967,8,3,5,True,8,"[38, 465, 0, 39, 893, 970, 894, 467]",Face2Face,train,1
FaceForensics++_C23\Face2Face/563_537.mp4,385,384,1,0,1,True,1,[0],Face2Face,train,1
FaceForensics++_C23\Face2Face/564_971.mp4,354,353,1,0,1,True,1,[0],Face2Face,val,1
FaceForensics++_C23\Face2Face/565_589.mp4,686,685,1,0,1,True,1,[0],Face2Face,val,1
FaceForensics++_C23\Face2Face/566_617.mp4,312,292,20,6,14,True,20,"[211, 55, 246, 186, 0, 277, 173, 140, 108, 175, 158, 100, 134, 123, 155, 127, 280, 282, 176, 184]",Face2Face,val,1
FaceForensics++_C23\Face2Face/567_606.mp4,387,386,1,0,1,True,1,[0],Face2Face,val,1
FaceForensics++_C23\Face2Face/568_628.mp4,895,894,1,0,1,True,1,[0],Face2Face,train,1
FaceForensics++_C23\Face2Face/569_921.mp4,296,295,1,0,1,True,1,[0],Face2Face,train,1
FaceForensics++_C23\Face2Face/570_624.mp4,350,349,1,0,1,True,1,[0],Face2Face,train,1
FaceForensics++_C23\Face2Face/571_746.mp4,493,492,1,0,1,True,1,[0],Face2Face,val,1
FaceForensics++_C23\Face2Face/572_554.mp4,828,824,4,1,3,True,4,"[24, 715, 0, 668]",Face2Face,train,1
FaceForensics++_C23\Face2Face/573_757.mp4,441,440,1,0,1,True,1,[0],Face2Face,train,1
FaceForensics++_C23\Face2Face/574_547.mp4,496,495,1,0,1,True,1,[0],Face2Face,train,1
FaceForensics++_C23\Face2Face/575_603.mp4,296,278,18,6,12,True,18,"[163, 46, 192, 236, 47, 45, 193, 162, 161, 42, 0, 160, 158, 41, 159, 40, 156, 157]",Face2Face,train,1
FaceForensics++_C23\Face2Face/576_155.mp4,829,785,44,13,31,False,20,"[0, 828, 261, 264, 655, 658, 259, 260, 659, 660, 263, 653, 654, 262, 656, 257, 258, 661, 265, 662]",Face2Face,train,1
FaceForensics++_C23\Face2Face/577_593.mp4,535,534,1,0,1,True,1,[0],Face2Face,train,1
FaceForensics++_C23\Face2Face/578_636.mp4,335,334,1,0,1,True,1,[0],Face2Face,train,1
FaceForensics++_C23\Face2Face/579_701.mp4,393,392,1,0,1,True,1,[0],Face2Face,test,1
FaceForensics++_C23\Face2Face/580_524.mp4,527,526,1,0,1,True,1,[0],Face2Face,train,1
FaceForensics++_C23\Face2Face/581_697.mp4,465,464,1,0,1,True,1,[0],Face2Face,train,1
FaceForensics++_C23\Face2Face/582_172.mp4,752,632,120,36,84,False,20,"[202, 253, 201, 750, 200, 591, 2, 661, 657, 645, 0, 658, 663, 4, 659, 250, 215, 8, 199, 197]",Face2Face,train,1
FaceForensics++_C23\Face2Face/583_558.mp4,535,534,1,0,1,True,1,[0],Face2Face,val,1
FaceForensics++_C23\Face2Face/584_823.mp4,672,671,1,0,1,True,1,[0],Face2Face,val,1
FaceForensics++_C23\Face2Face/585_599.mp4,398,397,1,0,1,True,1,[0],Face2Face,val,1
FaceForensics++_C23\Face2Face/586_223.mp4,336,333,3,1,2,True,3,"[0, 312, 106]",Face2Face,val,1
FaceForensics++_C23\Face2Face/587_535.mp4,667,664,3,1,2,True,3,"[626, 0, 624]",Face2Face,train,1
FaceForensics++_C23\Face2Face/588_556.mp4,372,371,1,0,1,True,1,[0],Face2Face,train,1
FaceForensics++_C23\Face2Face/589_565.mp4,430,427,3,1,2,True,3,"[71, 0, 66]",Face2Face,val,1
FaceForensics++_C23\Face2Face/590_034.mp4,407,404,3,1,2,True,3,"[245, 244, 0]",Face2Face,train,1
FaceForensics++_C23\Face2Face/591_605.mp4,664,656,8,3,5,True,8,"[0, 174, 173, 30, 26, 27, 29, 28]",Face2Face,train,1
FaceForensics++_C23\Face2Face/592_500.mp4,292,291,1,0,1,True,1,[0],Face2Face,train,1
FaceForensics++_C23\Face2Face/593_577.mp4,344,343,1,0,1,True,1,[0],Face2Face,train,1
FaceForensics++_C23\Face2Face/594_530.mp4,716,715,1,0,1,True,1,[0],Face2Face,train,1
FaceForensics++_C23\Face2Face/595_597.mp4,297,296,1,0,1,True,1,[0],Face2Face,val,1
FaceForensics++_C23\Face2Face/596_609.mp4,489,488,1,0,1,True,1,[0],Face2Face,train,1
FaceForensics++_C23\Face2Face/597_595.mp4,565,564,1,0,1,True,1,[0],Face2Face,val,1
FaceForensics++_C23\Face2Face/598_178.mp4,521,520,1,0,1,True,1,[0],Face2Face,train,1
FaceForensics++_C23\Face2Face/599_585.mp4,359,354,5,2,3,True,5,"[143, 142, 0, 350, 349]",Face2Face,val,1
FaceForensics++_C23\Face2Face/600_505.mp4,543,542,1,0,1,True,1,[0],Face2Face,train,1
FaceForensics++_C23\Face2Face/601_653.mp4,731,730,1,0,1,True,1,[0],Face2Face,train,1
FaceForensics++_C23\Face2Face/602_397.mp4,355,354,1,0,1,True,1,[0],Face2Face,train,1
FaceForensics++_C23\Face2Face/603_575.mp4,557,556,1,0,1,True,1,[0],Face2Face,train,1
FaceForensics++_C23\Face2Face/604_703.mp4,375,374,1,0,1,True,1,[0],Face2Face,train,1
FaceForensics++_C23\Face2Face/605_591.mp4,541,540,1,0,1,True,1,[0],Face2Face,train,1
FaceForensics++_C23\Face2Face/606_567.mp4,340,339,1,0,1,True,1,[0],Face2Face,val,1
FaceForensics++_C23\Face2Face/607_683.mp4,302,301,1,0,1,True,1,[0],Face2Face,test,1
FaceForensics++_C23\Face2Face/608_675.mp4,421,420,1,0,1,True,1,[0],Face2Face,test,1
FaceForensics++_C23\Face2Face/609_596.mp4,557,438,119,36,83,False,20,"[164, 166, 168, 165, 210, 208, 205, 209, 207, 192, 204, 190, 206, 191, 202, 212, 188, 167, 189, 194]",Face2Face,train,1
FaceForensics++_C23\Face2Face/610_692.mp4,354,351,3,1,2,True,3,"[172, 0, 250]",Face2Face,train,1
FaceForensics++_C23\Face2Face/611_760.mp4,306,305,1,0,1,True,1,[0],Face2Face,train,1
FaceForensics++_C23\Face2Face/612_702.mp4,749,746,3,1,2,True,3,"[0, 324, 514]",Face2Face,val,1
FaceForensics++_C23\Face2Face/613_685.mp4,522,521,1,0,1,True,1,[0],Face2Face,train,1
FaceForensics++_C23\Face2Face/614_616.mp4,663,660,3,1,2,True,3,"[505, 507, 0]",Face2Face,train,1
FaceForensics++_C23\Face2Face/615_687.mp4,469,468,1,0,1,True,1,[0],Face2Face,train,1
FaceForensics++_C23\Face2Face/616_614.mp4,507,489,18,6,12,True,18,"[24, 25, 26, 23, 28, 27, 30, 29, 31, 34, 33, 32, 35, 37, 36, 21, 20, 0]",Face2Face,train,1
FaceForensics++_C23\Face2Face/617_566.mp4,723,722,1,0,1,True,1,[0],Face2Face,val,1
FaceForensics++_C23\Face2Face/618_629.mp4,990,986,4,4,0,True,4,"[355, 0, 356, 357]",Face2Face,train,1
FaceForensics++_C23\Face2Face/619_620.mp4,628,627,1,0,1,True,1,[0],Face2Face,train,1
FaceForensics++_C23\Face2Face/620_619.mp4,305,304,1,0,1,True,1,[0],Face2Face,train,1
FaceForensics++_C23\Face2Face/621_546.mp4,714,709,5,2,3,True,5,"[289, 0, 449, 288, 450]",Face2Face,train,1
FaceForensics++_C23\Face2Face/622_647.mp4,699,698,1,0,1,True,1,[0],Face2Face,val,1
FaceForensics++_C23\Face2Face/623_630.mp4,423,422,1,0,1,True,1,[0],Face2Face,test,1
FaceForensics++_C23\Face2Face/624_570.mp4,430,375,55,17,38,False,20,"[111, 171, 173, 202, 198, 175, 200, 206, 176, 204, 196, 172, 367, 141, 246, 201, 238, 106, 205, 236]",Face2Face,train,1
FaceForensics++_C23\Face2Face/625_650.mp4,693,684,9,3,6,True,9,"[477, 185, 54, 608, 51, 611, 43, 619, 0]",Face2Face,test,1
FaceForensics++_C23\Face2Face/626_562.mp4,467,466,1,0,1,True,1,[0],Face2Face,train,1
FaceForensics++_C23\Face2Face/627_658.mp4,404,403,1,0,1,True,1,[0],Face2Face,train,1
FaceForensics++_C23\Face2Face/628_568.mp4,570,569,1,0,1,True,1,[0],Face2Face,train,1
FaceForensics++_C23\Face2Face/629_618.mp4,382,362,20,8,12,True,20,"[119, 48, 52, 289, 0, 39, 329, 316, 318, 328, 327, 357, 319, 320, 321, 322, 326, 325, 324, 323]",Face2Face,train,1
FaceForensics++_C23\Face2Face/630_623.mp4,352,282,70,21,49,False,20,"[266, 262, 231, 312, 267, 307, 261, 302, 263, 337, 264, 265, 269, 297, 271, 275, 272, 226, 259, 296]",Face2Face,test,1
FaceForensics++_C23\Face2Face/631_551.mp4,727,726,1,0,1,True,1,[0],Face2Face,train,1
FaceForensics++_C23\Face2Face/632_548.mp4,573,568,5,2,3,True,5,"[429, 423, 428, 424, 0]",Face2Face,val,1
FaceForensics++_C23\Face2Face/633_529.mp4,335,334,1,0,1,True,1,[0],Face2Face,test,1
FaceForensics++_C23\Face2Face/634_660.mp4,340,339,1,0,1,True,1,[0],Face2Face,test,1
FaceForensics++_C23\Face2Face/635_642.mp4,573,572,1,0,1,True,1,[0],Face2Face,train,1
FaceForensics++_C23\Face2Face/636_578.mp4,564,548,16,5,11,True,16,"[469, 199, 93, 297, 0, 371, 47, 33, 51, 8, 26, 10, 11, 16, 2, 3]",Face2Face,train,1
FaceForensics++_C23\Face2Face/637_427.mp4,468,467,1,0,1,True,1,[0],Face2Face,train,1
FaceForensics++_C23\Face2Face/638_640.mp4,306,305,1,0,1,True,1,[0],Face2Face,val,1
FaceForensics++_C23\Face2Face/639_841.mp4,519,518,1,0,1,True,1,[0],Face2Face,train,1
FaceForensics++_C23\Face2Face/640_638.mp4,698,697,1,0,1,True,1,[0],Face2Face,val,1
FaceForensics++_C23\Face2Face/641_662.mp4,496,473,23,7,16,True,20,"[198, 197, 196, 72, 404, 402, 296, 17, 294, 275, 57, 19, 9, 58, 56, 276, 18, 422, 423, 20]",Face2Face,train,1
FaceForensics++_C23\Face2Face/642_635.mp4,764,763,1,0,1,True,1,[0],Face2Face,train,1
FaceForensics++_C23\Face2Face/643_646.mp4,440,439,1,0,1,True,1,[0],Face2Face,train,1
FaceForensics++_C23\Face2Face/644_657.mp4,546,535,11,3,8,True,11,"[0, 408, 417, 416, 407, 414, 411, 410, 413, 415, 409]",Face2Face,train,1
FaceForensics++_C23\Face2Face/645_688.mp4,571,512,59,18,41,False,20,"[477, 49, 48, 44, 43, 152, 42, 83, 151, 88, 37, 150, 36, 50, 448, 447, 87, 82, 149, 450]",Face2Face,train,1
FaceForensics++_C23\Face2Face/646_643.mp4,364,363,1,0,1,True,1,[0],Face2Face,train,1
FaceForensics++_C23\Face2Face/647_622.mp4,371,370,1,0,1,True,1,[0],Face2Face,val,1
FaceForensics++_C23\Face2Face/648_654.mp4,410,409,1,0,1,True,1,[0],Face2Face,train,1
FaceForensics++_C23\Face2Face/649_816.mp4,411,410,1,0,1,True,1,[0],Face2Face,val,1
FaceForensics++_C23\Face2Face/650_625.mp4,332,331,1,0,1,True,1,[0],Face2Face,test,1
FaceForensics++_C23\Face2Face/651_835.mp4,426,384,42,13,29,False,20,"[291, 271, 311, 294, 279, 304, 270, 269, 373, 377, 376, 381, 375, 374, 384, 382, 389, 369, 383, 391]",Face2Face,train,1
FaceForensics++_C23\Face2Face/652_773.mp4,579,564,15,5,10,True,15,"[143, 148, 147, 145, 144, 142, 564, 214, 346, 216, 215, 129, 128, 213, 0]",Face2Face,train,1
FaceForensics++_C23\Face2Face/653_601.mp4,364,333,31,9,22,False,20,"[43, 356, 262, 285, 283, 250, 261, 251, 280, 270, 0, 221, 281, 260, 284, 354, 271, 282, 42, 249]",Face2Face,train,1
FaceForensics++_C23\Face2Face/654_648.mp4,471,470,1,0,1,True,1,[0],Face2Face,train,1
FaceForensics++_C23\Face2Face/655_444.mp4,437,431,6,2,4,True,6,"[252, 0, 250, 253, 251, 59]",Face2Face,train,1
FaceForensics++_C23\Face2Face/656_666.mp4,383,382,1,0,1,True,1,[0],Face2Face,val,1
FaceForensics++_C23\Face2Face/657_644.mp4,413,393,20,6,14,True,20,"[27, 301, 297, 303, 299, 305, 300, 304, 298, 302, 306, 10, 9, 11, 7, 8, 6, 5, 0, 3]",Face2Face,train,1
FaceForensics++_C23\Face2Face/658_627.mp4,374,373,1,0,1,True,1,[0],Face2Face,train,1
FaceForensics++_C23\Face2Face/659_749.mp4,693,684,9,3,6,True,9,"[67, 3, 214, 5, 348, 91, 0, 670, 662]",Face2Face,train,1
FaceForensics++_C23\Face2Face/660_634.mp4,338,146,192,58,134,False,20,"[154, 146, 317, 158, 156, 155, 311, 319, 114, 157, 166, 111, 116, 91, 113, 112, 117, 147, 320, 300]",Face2Face,test,1
FaceForensics++_C23\Face2Face/661_670.mp4,481,477,4,1,3,True,4,"[90, 401, 205, 0]",Face2Face,test,1
FaceForensics++_C23\Face2Face/662_641.mp4,350,348,2,1,1,True,2,"[52, 0]",Face2Face,train,1
FaceForensics++_C23\Face2Face/663_231.mp4,573,572,1,0,1,True,1,[0],Face2Face,train,1
FaceForensics++_C23\Face2Face/664_668.mp4,398,397,1,0,1,True,1,[0],Face2Face,val,1
FaceForensics++_C23\Face2Face/665_679.mp4,416,415,1,0,1,True,1,[0],Face2Face,train,1
FaceForensics++_C23\Face2Face/666_656.mp4,505,504,1,0,1,True,1,[0],Face2Face,val,1
FaceForensics++_C23\Face2Face/667_446.mp4,423,384,39,12,27,False,20,"[112, 315, 113, 319, 302, 116, 311, 118, 391, 121, 114, 117, 303, 309, 111, 300, 317, 304, 310, 313]",Face2Face,train,1
FaceForensics++_C23\Face2Face/668_664.mp4,293,291,2,1,1,True,2,"[79, 0]",Face2Face,val,1
FaceForensics++_C23\Face2Face/669_682.mp4,965,964,1,0,1,True,1,[0],Face2Face,test,1
FaceForensics++_C23\Face2Face/670_661.mp4,513,511,2,1,1,True,2,"[96, 0]",Face2Face,test,1
FaceForensics++_C23\Face2Face/671_677.mp4,314,313,1,0,1,True,1,[0],Face2Face,train,1
FaceForensics++_C23\Face2Face/672_720.mp4,564,563,1,0,1,True,1,[0],Face2Face,val,1
FaceForensics++_C23\Face2Face/673_728.mp4,568,567,1,0,1,True,1,[0],Face2Face,train,1
FaceForensics++_C23\Face2Face/674_744.mp4,294,290,4,1,3,True,4,"[0, 151, 160, 159]",Face2Face,train,1
FaceForensics++_C23\Face2Face/675_608.mp4,1205,1204,1,0,1,True,1,[0],Face2Face,test,1
FaceForensics++_C23\Face2Face/676_776.mp4,331,326,5,2,3,True,5,"[304, 199, 303, 109, 0]",Face2Face,train,1
FaceForensics++_C23\Face2Face/677_671.mp4,343,341,2,1,1,True,2,"[264, 0]",Face2Face,train,1
FaceForensics++_C23\Face2Face/678_460.mp4,640,517,123,37,86,False,20,"[78, 114, 30, 0, 40, 48, 39, 29, 49, 41, 50, 36, 116, 47, 32, 45, 33, 28, 34, 38]",Face2Face,train,1
FaceForensics++_C23\Face2Face/679_665.mp4,324,323,1,0,1,True,1,[0],Face2Face,train,1
FaceForensics++_C23\Face2Face/680_486.mp4,564,563,1,0,1,True,1,[0],Face2Face,train,1
FaceForensics++_C23\Face2Face/681_711.mp4,292,291,1,0,1,True,1,[0],Face2Face,train,1
FaceForensics++_C23\Face2Face/682_669.mp4,489,488,1,0,1,True,1,[0],Face2Face,test,1
FaceForensics++_C23\Face2Face/683_607.mp4,454,453,1,0,1,True,1,[0],Face2Face,test,1
FaceForensics++_C23\Face2Face/684_717.mp4,374,373,1,0,1,True,1,[0],Face2Face,train,1
FaceForensics++_C23\Face2Face/685_613.mp4,415,414,1,0,1,True,1,[0],Face2Face,train,1
FaceForensics++_C23\Face2Face/686_696.mp4,405,404,1,0,1,True,1,[0],Face2Face,train,1
FaceForensics++_C23\Face2Face/687_615.mp4,452,451,1,0,1,True,1,[0],Face2Face,train,1
FaceForensics++_C23\Face2Face/688_645.mp4,554,547,7,2,5,True,7,"[521, 522, 523, 524, 0, 526, 525]",Face2Face,train,1
FaceForensics++_C23\Face2Face/689_690.mp4,331,330,1,0,1,True,1,[0],Face2Face,train,1
FaceForensics++_C23\Face2Face/690_689.mp4,455,452,3,1,2,True,3,"[331, 329, 0]",Face2Face,train,1
FaceForensics++_C23\Face2Face/691_732.mp4,426,425,1,0,1,True,1,[0],Face2Face,test,1
FaceForensics++_C23\Face2Face/692_610.mp4,394,381,13,4,9,True,13,"[36, 356, 341, 355, 12, 352, 351, 350, 354, 0, 365, 24, 305]",Face2Face,train,1
FaceForensics++_C23\Face2Face/693_698.mp4,304,292,12,4,8,True,12,"[186, 185, 29, 31, 30, 32, 0, 28, 187, 188, 190, 189]",Face2Face,train,1
FaceForensics++_C23\Face2Face/694_767.mp4,407,406,1,0,1,True,1,[0],Face2Face,train,1
FaceForensics++_C23\Face2Face/695_422.mp4,316,314,2,1,1,True,2,"[0, 184]",Face2Face,test,1
FaceForensics++_C23\Face2Face/696_686.mp4,342,341,1,0,1,True,1,[0],Face2Face,train,1
FaceForensics++_C23\Face2Face/697_581.mp4,382,381,1,0,1,True,1,[0],Face2Face,train,1
FaceForensics++_C23\Face2Face/698_693.mp4,595,594,1,0,1,True,1,[0],Face2Face,train,1
FaceForensics++_C23\Face2Face/699_734.mp4,1098,1097,1,0,1,True,1,[0],Face2Face,train,1
FaceForensics++_C23\Face2Face/700_813.mp4,360,359,1,0,1,True,1,[0],Face2Face,train,1
FaceForensics++_C23\Face2Face/701_579.mp4,476,475,1,0,1,True,1,[0],Face2Face,test,1
FaceForensics++_C23\Face2Face/702_612.mp4,420,413,7,2,5,True,7,"[0, 392, 393, 386, 385, 384, 383]",Face2Face,val,1
FaceForensics++_C23\Face2Face/703_604.mp4,825,824,1,0,1,True,1,[0],Face2Face,train,1
FaceForensics++_C23\Face2Face/704_723.mp4,730,729,1,0,1,True,1,[0],Face2Face,train,1
FaceForensics++_C23\Face2Face/705_707.mp4,1034,1033,1,0,1,True,1,[0],Face2Face,test,1
FaceForensics++_C23\Face2Face/706_479.mp4,488,481,7,2,5,True,7,"[118, 238, 416, 70, 0, 69, 68]",Face2Face,test,1
FaceForensics++_C23\Face2Face/707_705.mp4,473,462,11,3,8,True,11,"[199, 202, 225, 0, 226, 227, 219, 236, 224, 220, 228]",Face2Face,test,1
FaceForensics++_C23\Face2Face/708_772.mp4,341,340,1,0,1,True,1,[0],Face2Face,train,1
FaceForensics++_C23\Face2Face/709_390.mp4,809,793,16,5,11,True,16,"[0, 562, 37, 36, 634, 633, 38, 560, 635, 561, 39, 559, 636, 558, 40, 637]",Face2Face,train,1
FaceForensics++_C23\Face2Face/710_788.mp4,534,533,1,0,1,True,1,[0],Face2Face,train,1
FaceForensics++_C23\Face2Face/711_681.mp4,840,839,1,0,1,True,1,[0],Face2Face,train,1
FaceForensics++_C23\Face2Face/712_716.mp4,628,627,1,0,1,True,1,[0],Face2Face,train,1
FaceForensics++_C23\Face2Face/713_726.mp4,410,287,123,37,86,False,20,"[98, 336, 88, 338, 334, 85, 333, 87, 79, 77, 250, 89, 246, 0, 83, 332, 141, 69, 81, 335]",Face2Face,train,1
FaceForensics++_C23\Face2Face/714_842.mp4,447,446,1,0,1,True,1,[0],Face2Face,test,1
FaceForensics++_C23\Face2Face/715_721.mp4,581,578,3,1,2,True,3,"[0, 17, 16]",Face2Face,train,1
FaceForensics++_C23\Face2Face/716_712.mp4,550,549,1,0,1,True,1,[0],Face2Face,train,1
FaceForensics++_C23\Face2Face/717_684.mp4,497,496,1,0,1,True,1,[0],Face2Face,train,1
FaceForensics++_C23\Face2Face/718_972.mp4,311,298,13,4,9,True,13,"[47, 282, 0, 254, 283, 255, 253, 252, 208, 247, 225, 209, 210]",Face2Face,train,1
FaceForensics++_C23\Face2Face/719_737.mp4,369,368,1,0,1,True,1,[0],Face2Face,train,1
FaceForensics++_C23\Face2Face/720_672.mp4,541,540,1,0,1,True,1,[0],Face2Face,val,1
FaceForensics++_C23\Face2Face/721_715.mp4,856,852,4,1,3,True,4,"[249, 627, 533, 0]",Face2Face,train,1
FaceForensics++_C23\Face2Face/722_458.mp4,351,327,24,7,17,True,20,"[255, 256, 254, 257, 258, 259, 260, 261, 0, 262, 263, 264, 265, 287, 266, 267, 268, 269, 270, 272]",Face2Face,train,1
FaceForensics++_C23\Face2Face/723_704.mp4,450,449,1,0,1,True,1,[0],Face2Face,train,1
FaceForensics++_C23\Face2Face/724_725.mp4,699,698,1,0,1,True,1,[0],Face2Face,test,1
FaceForensics++_C23\Face2Face/725_724.mp4,600,599,1,0,1,True,1,[0],Face2Face,test,1
FaceForensics++_C23\Face2Face/726_713.mp4,527,522,5,2,3,True,5,"[0, 427, 392, 426, 391]",Face2Face,train,1
FaceForensics++_C23\Face2Face/727_729.mp4,636,635,1,0,1,True,1,[0],Face2Face,val,1
FaceForensics++_C23\Face2Face/728_673.mp4,592,573,19,6,13,True,19,"[530, 535, 538, 536, 314, 537, 534, 33, 531, 43, 32, 532, 533, 138, 315, 141, 0, 139, 140]",Face2Face,train,1
FaceForensics++_C23\Face2Face/729_727.mp4,554,552,2,1,1,True,2,"[0, 121]",Face2Face,val,1
FaceForensics++_C23\Face2Face/730_815.mp4,452,450,2,1,1,True,2,"[0, 325]",Face2Face,train,1
FaceForensics++_C23\Face2Face/731_741.mp4,370,369,1,0,1,True,1,[0],Face2Face,test,1
FaceForensics++_C23\Face2Face/732_691.mp4,540,519,21,6,15,True,20,"[0, 24, 19, 17, 21, 8, 23, 6, 20, 4, 22, 2, 18, 25, 11, 9, 1, 50, 5, 7]",Face2Face,test,1
FaceForensics++_C23\Face2Face/733_935.mp4,540,529,11,3,8,True,11,"[380, 273, 331, 333, 335, 332, 330, 334, 0, 2, 407]",Face2Face,train,1
FaceForensics++_C23\Face2Face/734_699.mp4,524,523,1,0,1,True,1,[0],Face2Face,train,1
FaceForensics++_C23\Face2Face/735_774.mp4,313,312,1,0,1,True,1,[0],Face2Face,train,1
FaceForensics++_C23\Face2Face/736_785.mp4,413,412,1,0,1,True,1,[0],Face2Face,train,1
FaceForensics++_C23\Face2Face/737_719.mp4,402,388,14,4,10,True,14,"[0, 265, 24, 272, 363, 372, 268, 373, 21, 364, 371, 365, 369, 367]",Face2Face,train,1
FaceForensics++_C23\Face2Face/738_804.mp4,359,348,11,3,8,True,11,"[0, 152, 151, 301, 337, 338, 150, 149, 52, 51, 148]",Face2Face,train,1
FaceForensics++_C23\Face2Face/739_865.mp4,347,346,1,0,1,True,1,[0],Face2Face,test,1
FaceForensics++_C23\Face2Face/740_796.mp4,1001,1000,1,0,1,True,1,[0],Face2Face,train,1
FaceForensics++_C23\Face2Face/741_731.mp4,778,777,1,0,1,True,1,[0],Face2Face,test,1
FaceForensics++_C23\Face2Face/742_775.mp4,559,558,1,0,1,True,1,[0],Face2Face,val,1
FaceForensics++_C23\Face2Face/743_750.mp4,441,440,1,0,1,True,1,[0],Face2Face,train,1
FaceForensics++_C23\Face2Face/744_674.mp4,367,349,18,6,12,True,18,"[53, 65, 64, 63, 62, 19, 0, 312, 274, 61, 54, 66, 81, 79, 78, 84, 77, 83]",Face2Face,train,1
FaceForensics++_C23\Face2Face/745_777.mp4,325,324,1,0,1,True,1,[0],Face2Face,val,1
FaceForensics++_C23\Face2Face/746_571.mp4,576,575,1,0,1,True,1,[0],Face2Face,val,1
FaceForensics++_C23\Face2Face/747_854.mp4,294,293,1,0,1,True,1,[0],Face2Face,train,1
FaceForensics++_C23\Face2Face/748_355.mp4,499,444,55,17,38,False,20,"[0, 396, 400, 390, 386, 398, 376, 404, 282, 394, 280, 406, 272, 228, 230, 234, 236, 224, 278, 314]",Face2Face,train,1
FaceForensics++_C23\Face2Face/749_659.mp4,1001,1000,1,0,1,True,1,[0],Face2Face,train,1
FaceForensics++_C23\Face2Face/750_743.mp4,311,290,21,6,15,True,20,"[0, 117, 183, 122, 116, 185, 184, 201, 114, 258, 124, 283, 115, 123, 153, 285, 277, 284, 278, 154]",Face2Face,train,1
FaceForensics++_C23\Face2Face/751_752.mp4,1016,836,180,54,126,False,20,"[0, 3, 657, 662, 14, 680, 19, 677, 21, 684, 25, 635, 18, 255, 1003, 339, 316, 423, 321, 788]",Face2Face,train,1
FaceForensics++_C23\Face2Face/752_751.mp4,331,327,4,1,3,True,4,"[0, 280, 323, 19]",Face2Face,train,1
FaceForensics++_C23\Face2Face/753_789.mp4,567,565,2,1,1,True,2,"[1, 0]",Face2Face,train,1
FaceForensics++_C23\Face2Face/754_758.mp4,391,390,1,0,1,True,1,[0],Face2Face,train,1
FaceForensics++_C23\Face2Face/755_759.mp4,434,433,1,0,1,True,1,[0],Face2Face,test,1
FaceForensics++_C23\Face2Face/756_503.mp4,674,672,2,1,1,True,2,"[0, 188]",Face2Face,train,1
FaceForensics++_C23\Face2Face/757_573.mp4,613,612,1,0,1,True,1,[0],Face2Face,train,1
FaceForensics++_C23\Face2Face/758_754.mp4,401,399,2,1,1,True,2,"[0, 336]",Face2Face,train,1
FaceForensics++_C23\Face2Face/759_755.mp4,336,335,1,0,1,True,1,[0],Face2Face,test,1
FaceForensics++_C23\Face2Face/760_611.mp4,645,644,1,0,1,True,1,[0],Face2Face,train,1
FaceForensics++_C23\Face2Face/761_766.mp4,860,832,28,9,19,True,20,"[716, 33, 667, 16, 699, 668, 651, 17, 13, 696, 700, 671, 8, 664, 675, 691, 692, 693, 10, 9]",Face2Face,train,1
FaceForensics++_C23\Face2Face/762_832.mp4,553,552,1,0,1,True,1,[0],Face2Face,val,1
FaceForensics++_C23\Face2Face/763_930.mp4,448,447,1,0,1,True,1,[0],Face2Face,train,1
FaceForensics++_C23\Face2Face/764_850.mp4,612,611,1,0,1,True,1,[0],Face2Face,train,1
FaceForensics++_C23\Face2Face/765_867.mp4,1489,1488,1,0,1,True,1,[0],Face2Face,train,1
FaceForensics++_C23\Face2Face/766_761.mp4,343,342,1,0,1,True,1,[0],Face2Face,train,1
FaceForensics++_C23\Face2Face/767_694.mp4,299,298,1,0,1,True,1,[0],Face2Face,train,1
FaceForensics++_C23\Face2Face/768_793.mp4,590,589,1,0,1,True,1,[0],Face2Face,val,1
FaceForensics++_C23\Face2Face/769_784.mp4,557,556,1,0,1,True,1,[0],Face2Face,train,1
FaceForensics++_C23\Face2Face/770_791.mp4,333,332,1,0,1,True,1,[0],Face2Face,train,1
FaceForensics++_C23\Face2Face/771_849.mp4,322,321,1,0,1,True,1,[0],Face2Face,train,1
FaceForensics++_C23\Face2Face/772_708.mp4,549,548,1,0,1,True,1,[0],Face2Face,train,1
FaceForensics++_C23\Face2Face/773_652.mp4,456,455,1,0,1,True,1,[0],Face2Face,train,1
FaceForensics++_C23\Face2Face/774_735.mp4,802,801,1,0,1,True,1,[0],Face2Face,train,1
FaceForensics++_C23\Face2Face/775_742.mp4,623,622,1,0,1,True,1,[0],Face2Face,val,1
FaceForensics++_C23\Face2Face/776_676.mp4,515,413,102,31,71,False,20,"[510, 360, 435, 394, 385, 469, 460, 390, 393, 266, 462, 387, 195, 115, 270, 197, 267, 392, 468, 272]",Face2Face,train,1
FaceForensics++_C23\Face2Face/777_745.mp4,569,568,1,0,1,True,1,[0],Face2Face,val,1
FaceForensics++_C23\Face2Face/778_798.mp4,371,370,1,0,1,True,1,[0],Face2Face,train,1
FaceForensics++_C23\Face2Face/779_794.mp4,879,878,1,0,1,True,1,[0],Face2Face,val,1
FaceForensics++_C23\Face2Face/780_869.mp4,333,332,1,0,1,True,1,[0],Face2Face,train,1
FaceForensics++_C23\Face2Face/781_806.mp4,301,300,1,0,1,True,1,[0],Face2Face,train,1
FaceForensics++_C23\Face2Face/782_787.mp4,502,501,1,0,1,True,1,[0],Face2Face,train,1
FaceForensics++_C23\Face2Face/783_916.mp4,484,483,1,0,1,True,1,[0],Face2Face,train,1
FaceForensics++_C23\Face2Face/784_769.mp4,484,483,1,0,1,True,1,[0],Face2Face,train,1
FaceForensics++_C23\Face2Face/785_736.mp4,414,413,1,0,1,True,1,[0],Face2Face,train,1
FaceForensics++_C23\Face2Face/786_819.mp4,927,780,147,44,103,False,20,"[671, 101, 0, 244, 492, 118, 102, 117, 248, 493, 921, 545, 26, 920, 115, 172, 491, 173, 546, 38]",Face2Face,train,1
FaceForensics++_C23\Face2Face/787_782.mp4,556,546,10,3,7,True,10,"[0, 414, 321, 411, 408, 320, 413, 409, 412, 410]",Face2Face,train,1
FaceForensics++_C23\Face2Face/788_710.mp4,378,170,208,63,145,False,20,"[315, 313, 10, 276, 277, 370, 278, 349, 317, 321, 187, 343, 372, 280, 331, 347, 345, 366, 130, 368]",Face2Face,train,1
FaceForensics++_C23\Face2Face/789_753.mp4,686,659,27,8,19,True,20,"[398, 399, 400, 601, 531, 393, 403, 391, 396, 405, 602, 659, 395, 662, 394, 530, 404, 401, 470, 411]",Face2Face,train,1
FaceForensics++_C23\Face2Face/790_014.mp4,676,675,1,0,1,True,1,[0],Face2Face,train,1
FaceForensics++_C23\Face2Face/791_770.mp4,653,642,11,3,8,True,11,"[618, 617, 43, 47, 46, 66, 67, 597, 598, 621, 0]",Face2Face,train,1
FaceForensics++_C23\Face2Face/792_903.mp4,567,566,1,0,1,True,1,[0],Face2Face,train,1
FaceForensics++_C23\Face2Face/793_768.mp4,330,329,1,0,1,True,1,[0],Face2Face,val,1
FaceForensics++_C23\Face2Face/794_779.mp4,306,302,4,1,3,True,4,"[0, 157, 66, 232]",Face2Face,val,1
FaceForensics++_C23\Face2Face/795_907.mp4,525,524,1,0,1,True,1,[0],Face2Face,train,1
FaceForensics++_C23\Face2Face/796_740.mp4,348,347,1,0,1,True,1,[0],Face2Face,train,1
FaceForensics++_C23\Face2Face/797_844.mp4,852,843,9,3,6,True,9,"[595, 29, 272, 451, 837, 0, 415, 271, 594]",Face2Face,train,1
FaceForensics++_C23\Face2Face/798_778.mp4,328,327,1,0,1,True,1,[0],Face2Face,train,1
FaceForensics++_C23\Face2Face/799_809.mp4,367,358,9,3,6,True,9,"[314, 241, 70, 8, 0, 46, 45, 9, 21]",Face2Face,train,1
FaceForensics++_C23\Face2Face/800_840.mp4,840,839,1,0,1,True,1,[0],Face2Face,train,1
FaceForensics++_C23\Face2Face/801_855.mp4,630,629,1,0,1,True,1,[0],Face2Face,test,1
FaceForensics++_C23\Face2Face/802_885.mp4,329,328,1,0,1,True,1,[0],Face2Face,train,1
FaceForensics++_C23\Face2Face/803_017.mp4,398,387,11,3,8,True,11,"[257, 138, 0, 137, 254, 256, 336, 335, 338, 337, 255]",Face2Face,train,1
FaceForensics++_C23\Face2Face/804_738.mp4,417,409,8,3,5,True,8,"[0, 361, 360, 359, 357, 356, 355, 42]",Face2Face,train,1
FaceForensics++_C23\Face2Face/805_011.mp4,632,611,21,6,15,True,20,"[0, 221, 177, 327, 326, 375, 493, 146, 445, 159, 147, 158, 599, 148, 494, 149, 145, 150, 151, 500]",Face2Face,train,1
FaceForensics++_C23\Face2Face/806_781.mp4,475,474,1,0,1,True,1,[0],Face2Face,train,1
FaceForensics++_C23\Face2Face/807_273.mp4,322,315,7,2,5,True,7,"[68, 194, 306, 69, 0, 195, 307]",Face2Face,val,1
FaceForensics++_C23\Face2Face/808_829.mp4,801,797,4,1,3,True,4,"[384, 0, 383, 398]",Face2Face,train,1
FaceForensics++_C23\Face2Face/809_799.mp4,1227,1226,1,0,1,True,1,[0],Face2Face,train,1
FaceForensics++_C23\Face2Face/810_838.mp4,457,455,2,1,1,True,2,"[225, 0]",Face2Face,train,1
FaceForensics++_C23\Face2Face/811_920.mp4,371,370,1,0,1,True,1,[0],Face2Face,train,1
FaceForensics++_C23\Face2Face/812_821.mp4,423,422,1,0,1,True,1,[0],Face2Face,test,1
FaceForensics++_C23\Face2Face/813_700.mp4,333,247,86,26,60,False,20,"[37, 262, 273, 274, 34, 286, 28, 155, 168, 272, 100, 36, 90, 101, 271, 71, 76, 139, 24, 144]",Face2Face,train,1
FaceForensics++_C23\Face2Face/814_871.mp4,348,347,1,0,1,True,1,[0],Face2Face,train,1
FaceForensics++_C23\Face2Face/815_730.mp4,719,718,1,0,1,True,1,[0],Face2Face,train,1
FaceForensics++_C23\Face2Face/816_649.mp4,930,929,1,0,1,True,1,[0],Face2Face,val,1
FaceForensics++_C23\Face2Face/817_827.mp4,311,310,1,0,1,True,1,[0],Face2Face,val,1
FaceForensics++_C23\Face2Face/818_820.mp4,665,664,1,0,1,True,1,[0],Face2Face,val,1
FaceForensics++_C23\Face2Face/819_786.mp4,520,519,1,0,1,True,1,[0],Face2Face,train,1
FaceForensics++_C23\Face2Face/820_818.mp4,466,465,1,0,1,True,1,[0],Face2Face,val,1
FaceForensics++_C23\Face2Face/821_812.mp4,433,432,1,0,1,True,1,[0],Face2Face,test,1
FaceForensics++_C23\Face2Face/822_244.mp4,557,556,1,0,1,True,1,[0],Face2Face,train,1
FaceForensics++_C23\Face2Face/823_584.mp4,475,417,58,18,40,False,20,"[399, 389, 349, 326, 325, 336, 387, 332, 397, 335, 430, 431, 388, 398, 313, 406, 414, 318, 400, 408]",Face2Face,val,1
FaceForensics++_C23\Face2Face/824_419.mp4,487,383,104,31,73,False,20,"[0, 3, 1, 9, 2, 6, 15, 5, 4, 12, 29, 18, 8, 26, 7, 24, 17, 11, 21, 14]",Face2Face,val,1
FaceForensics++_C23\Face2Face/825_074.mp4,345,344,1,0,1,True,1,[0],Face2Face,train,1
FaceForensics++_C23\Face2Face/826_833.mp4,600,599,1,0,1,True,1,[0],Face2Face,train,1
FaceForensics++_C23\Face2Face/827_817.mp4,419,418,1,0,1,True,1,[0],Face2Face,val,1
FaceForensics++_C23\Face2Face/828_830.mp4,511,510,1,0,1,True,1,[0],Face2Face,train,1
FaceForensics++_C23\Face2Face/829_808.mp4,637,634,3,1,2,True,3,"[144, 0, 145]",Face2Face,train,1
FaceForensics++_C23\Face2Face/830_828.mp4,319,318,1,0,1,True,1,[0],Face2Face,train,1
FaceForensics++_C23\Face2Face/831_508.mp4,603,592,11,3,8,True,11,"[297, 313, 108, 338, 544, 339, 0, 314, 543, 337, 315]",Face2Face,train,1
FaceForensics++_C23\Face2Face/832_762.mp4,416,415,1,0,1,True,1,[0],Face2Face,val,1
FaceForensics++_C23\Face2Face/833_826.mp4,355,354,1,0,1,True,1,[0],Face2Face,train,1
FaceForensics++_C23\Face2Face/834_852.mp4,427,412,15,5,10,True,15,"[115, 120, 176, 119, 186, 418, 20, 277, 7, 327, 10, 6, 0, 3, 5]",Face2Face,val,1
FaceForensics++_C23\Face2Face/835_651.mp4,380,379,1,0,1,True,1,[0],Face2Face,train,1
FaceForensics++_C23\Face2Face/836_950.mp4,763,762,1,0,1,True,1,[0],Face2Face,train,1
FaceForensics++_C23\Face2Face/837_890.mp4,341,340,1,0,1,True,1,[0],Face2Face,val,1
FaceForensics++_C23\Face2Face/838_810.mp4,1052,1051,1,0,1,True,1,[0],Face2Face,train,1
FaceForensics++_C23\Face2Face/839_864.mp4,326,325,1,0,1,True,1,[0],Face2Face,train,1
FaceForensics++_C23\Face2Face/840_800.mp4,338,336,2,1,1,True,2,"[73, 0]",Face2Face,train,1
FaceForensics++_C23\Face2Face/841_639.mp4,662,661,1,0,1,True,1,[0],Face2Face,train,1
FaceForensics++_C23\Face2Face/842_714.mp4,560,319,241,72,169,False,20,"[0, 44, 42, 54, 62, 43, 55, 63, 56, 61, 64, 65, 124, 130, 145, 75, 66, 193, 118, 57]",Face2Face,test,1
FaceForensics++_C23\Face2Face/843_859.mp4,333,332,1,0,1,True,1,[0],Face2Face,train,1
FaceForensics++_C23\Face2Face/844_797.mp4,434,433,1,0,1,True,1,[0],Face2Face,train,1
FaceForensics++_C23\Face2Face/845_846.mp4,353,352,1,0,1,True,1,[0],Face2Face,train,1
FaceForensics++_C23\Face2Face/846_845.mp4,356,347,9,3,6,True,9,"[351, 353, 331, 0, 4, 2, 5, 3, 6]",Face2Face,train,1
FaceForensics++_C23\Face2Face/847_906.mp4,389,379,10,3,7,True,10,"[0, 78, 77, 79, 71, 69, 73, 74, 72, 70]",Face2Face,test,1
FaceForensics++_C23\Face2Face/848_894.mp4,328,327,1,0,1,True,1,[0],Face2Face,train,1
FaceForensics++_C23\Face2Face/849_771.mp4,634,631,3,1,2,True,3,"[66, 576, 0]",Face2Face,train,1
FaceForensics++_C23\Face2Face/850_764.mp4,369,368,1,0,1,True,1,[0],Face2Face,train,1
FaceForensics++_C23\Face2Face/851_552.mp4,303,301,2,1,1,True,2,"[167, 0]",Face2Face,test,1
FaceForensics++_C23\Face2Face/852_834.mp4,303,302,1,0,1,True,1,[0],Face2Face,val,1
FaceForensics++_C23\Face2Face/853_863.mp4,513,512,1,0,1,True,1,[0],Face2Face,train,1
FaceForensics++_C23\Face2Face/854_747.mp4,470,469,1,0,1,True,1,[0],Face2Face,train,1
FaceForensics++_C23\Face2Face/855_801.mp4,444,443,1,0,1,True,1,[0],Face2Face,test,1
FaceForensics++_C23\Face2Face/856_881.mp4,638,637,1,0,1,True,1,[0],Face2Face,train,1
FaceForensics++_C23\Face2Face/857_909.mp4,637,636,1,0,1,True,1,[0],Face2Face,val,1
FaceForensics++_C23\Face2Face/858_861.mp4,594,593,1,0,1,True,1,[0],Face2Face,train,1
FaceForensics++_C23\Face2Face/859_843.mp4,318,317,1,0,1,True,1,[0],Face2Face,train,1
FaceForensics++_C23\Face2Face/860_905.mp4,382,359,23,7,16,True,20,"[192, 191, 190, 189, 174, 175, 186, 187, 185, 188, 176, 184, 182, 181, 183, 178, 173, 180, 177, 179]",Face2Face,train,1
FaceForensics++_C23\Face2Face/861_858.mp4,483,308,175,53,122,False,20,"[156, 416, 358, 8, 35, 333, 205, 404, 425, 360, 415, 11, 417, 357, 356, 10, 34, 39, 9, 354]",Face2Face,train,1
FaceForensics++_C23\Face2Face/862_047.mp4,319,318,1,0,1,True,1,[0],Face2Face,test,1
FaceForensics++_C23\Face2Face/863_853.mp4,616,611,5,2,3,True,5,"[408, 615, 409, 0, 34]",Face2Face,train,1
FaceForensics++_C23\Face2Face/864_839.mp4,385,384,1,0,1,True,1,[0],Face2Face,train,1
FaceForensics++_C23\Face2Face/865_739.mp4,304,303,1,0,1,True,1,[0],Face2Face,test,1
FaceForensics++_C23\Face2Face/866_878.mp4,736,735,1,0,1,True,1,[0],Face2Face,train,1
FaceForensics++_C23\Face2Face/867_765.mp4,388,387,1,0,1,True,1,[0],Face2Face,train,1
FaceForensics++_C23\Face2Face/868_949.mp4,686,684,2,1,1,True,2,"[0, 53]",Face2Face,test,1
FaceForensics++_C23\Face2Face/869_780.mp4,402,397,5,2,3,True,5,"[0, 394, 87, 192, 270]",Face2Face,train,1
FaceForensics++_C23\Face2Face/870_001.mp4,460,456,4,1,3,True,4,"[69, 68, 70, 0]",Face2Face,train,1
FaceForensics++_C23\Face2Face/871_814.mp4,550,547,3,1,2,True,3,"[14, 32, 0]",Face2Face,train,1
FaceForensics++_C23\Face2Face/872_873.mp4,884,883,1,0,1,True,1,[0],Face2Face,train,1
FaceForensics++_C23\Face2Face/873_872.mp4,474,473,1,0,1,True,1,[0],Face2Face,train,1
FaceForensics++_C23\Face2Face/874_291.mp4,330,325,5,2,3,True,5,"[0, 96, 20, 22, 21]",Face2Face,train,1
FaceForensics++_C23\Face2Face/875_979.mp4,335,334,1,0,1,True,1,[0],Face2Face,val,1
FaceForensics++_C23\Face2Face/876_891.mp4,296,295,1,0,1,True,1,[0],Face2Face,train,1
FaceForensics++_C23\Face2Face/877_886.mp4,525,524,1,0,1,True,1,[0],Face2Face,train,1
FaceForensics++_C23\Face2Face/878_866.mp4,509,508,1,0,1,True,1,[0],Face2Face,train,1
FaceForensics++_C23\Face2Face/879_963.mp4,692,691,1,0,1,True,1,[0],Face2Face,train,1
FaceForensics++_C23\Face2Face/880_135.mp4,327,326,1,0,1,True,1,[0],Face2Face,test,1
FaceForensics++_C23\Face2Face/881_856.mp4,1103,1102,1,0,1,True,1,[0],Face2Face,train,1
FaceForensics++_C23\Face2Face/882_952.mp4,700,667,33,10,23,False,20,"[508, 520, 435, 229, 522, 70, 440, 490, 143, 174, 144, 594, 521, 629, 491, 142, 173, 628, 156, 519]",Face2Face,train,1
FaceForensics++_C23\Face2Face/883_013.mp4,332,315,17,5,12,True,17,"[235, 233, 236, 232, 312, 313, 231, 311, 230, 237, 93, 0, 14, 16, 17, 13, 11]",Face2Face,train,1
FaceForensics++_C23\Face2Face/884_968.mp4,300,273,27,8,19,True,20,"[9, 86, 81, 10, 82, 158, 13, 83, 85, 11, 200, 8, 7, 201, 12, 84, 202, 203, 198, 0]",Face2Face,train,1
FaceForensics++_C23\Face2Face/885_802.mp4,351,350,1,0,1,True,1,[0],Face2Face,train,1
FaceForensics++_C23\Face2Face/886_877.mp4,570,569,1,0,1,True,1,[0],Face2Face,train,1
FaceForensics++_C23\Face2Face/887_275.mp4,424,417,7,2,5,True,7,"[0, 146, 139, 158, 135, 159, 160]",Face2Face,train,1
FaceForensics++_C23\Face2Face/888_937.mp4,455,454,1,0,1,True,1,[0],Face2Face,train,1
FaceForensics++_C23\Face2Face/889_045.mp4,350,303,47,14,33,False,20,"[88, 153, 94, 159, 133, 154, 87, 134, 83, 240, 84, 136, 99, 68, 101, 74, 76, 82, 78, 55]",Face2Face,train,1
FaceForensics++_C23\Face2Face/890_837.mp4,443,438,5,2,3,True,5,"[4, 0, 3, 1, 2]",Face2Face,val,1
FaceForensics++_C23\Face2Face/891_876.mp4,313,312,1,0,1,True,1,[0],Face2Face,train,1
FaceForensics++_C23\Face2Face/892_112.mp4,418,414,4,1,3,True,4,"[18, 17, 19, 0]",Face2Face,train,1
FaceForensics++_C23\Face2Face/893_913.mp4,634,633,1,0,1,True,1,[0],Face2Face,train,1
FaceForensics++_C23\Face2Face/894_848.mp4,360,359,1,0,1,True,1,[0],Face2Face,train,1
FaceForensics++_C23\Face2Face/895_915.mp4,352,351,1,0,1,True,1,[0],Face2Face,val,1
FaceForensics++_C23\Face2Face/896_128.mp4,735,734,1,0,1,True,1,[0],Face2Face,test,1
FaceForensics++_C23\Face2Face/897_969.mp4,356,355,1,0,1,True,1,[0],Face2Face,train,1
FaceForensics++_C23\Face2Face/898_922.mp4,616,615,1,0,1,True,1,[0],Face2Face,val,1
FaceForensics++_C23\Face2Face/899_914.mp4,307,306,1,0,1,True,1,[0],Face2Face,train,1
FaceForensics++_C23\Face2Face/900_926.mp4,333,332,1,0,1,True,1,[0],Face2Face,val,1
FaceForensics++_C23\Face2Face/901_902.mp4,295,294,1,0,1,True,1,[0],Face2Face,train,1
FaceForensics++_C23\Face2Face/902_901.mp4,523,522,1,0,1,True,1,[0],Face2Face,train,1
FaceForensics++_C23\Face2Face/903_792.mp4,383,368,15,5,10,True,15,"[15, 0, 19, 17, 1, 20, 16, 360, 18, 129, 21, 358, 359, 357, 356]",Face2Face,train,1
FaceForensics++_C23\Face2Face/904_046.mp4,504,503,1,0,1,True,1,[0],Face2Face,val,1
FaceForensics++_C23\Face2Face/905_860.mp4,459,452,7,2,5,True,7,"[0, 169, 387, 376, 386, 375, 377]",Face2Face,train,1
FaceForensics++_C23\Face2Face/906_847.mp4,301,300,1,0,1,True,1,[0],Face2Face,test,1
FaceForensics++_C23\Face2Face/907_795.mp4,550,549,1,0,1,True,1,[0],Face2Face,train,1
FaceForensics++_C23\Face2Face/908_207.mp4,346,344,2,1,1,True,2,"[0, 316]",Face2Face,train,1
FaceForensics++_C23\Face2Face/909_857.mp4,640,639,1,0,1,True,1,[0],Face2Face,val,1
FaceForensics++_C23\Face2Face/910_911.mp4,329,328,1,0,1,True,1,[0],Face2Face,train,1
FaceForensics++_C23\Face2Face/911_910.mp4,292,291,1,0,1,True,1,[0],Face2Face,train,1
FaceForensics++_C23\Face2Face/912_927.mp4,697,696,1,0,1,True,1,[0],Face2Face,val,1
FaceForensics++_C23\Face2Face/913_893.mp4,537,536,1,0,1,True,1,[0],Face2Face,train,1
FaceForensics++_C23\Face2Face/914_899.mp4,560,559,1,0,1,True,1,[0],Face2Face,train,1
FaceForensics++_C23\Face2Face/915_895.mp4,294,293,1,0,1,True,1,[0],Face2Face,val,1
FaceForensics++_C23\Face2Face/916_783.mp4,403,395,8,3,5,True,8,"[134, 314, 0, 2, 4, 3, 5, 6]",Face2Face,train,1
FaceForensics++_C23\Face2Face/917_924.mp4,1248,1235,13,4,9,True,13,"[77, 814, 970, 816, 971, 80, 78, 76, 973, 817, 969, 818, 0]",Face2Face,test,1
FaceForensics++_C23\Face2Face/918_934.mp4,377,376,1,0,1,True,1,[0],Face2Face,train,1
FaceForensics++_C23\Face2Face/919_015.mp4,437,436,1,0,1,True,1,[0],Face2Face,test,1
FaceForensics++_C23\Face2Face/920_811.mp4,542,535,7,2,5,True,7,"[0, 138, 139, 133, 140, 141, 142]",Face2Face,train,1
FaceForensics++_C23\Face2Face/921_569.mp4,335,334,1,0,1,True,1,[0],Face2Face,train,1
FaceForensics++_C23\Face2Face/922_898.mp4,349,344,5,2,3,True,5,"[242, 166, 334, 90, 0]",Face2Face,val,1
FaceForensics++_C23\Face2Face/923_023.mp4,553,552,1,0,1,True,1,[0],Face2Face,val,1
FaceForensics++_C23\Face2Face/924_917.mp4,448,447,1,0,1,True,1,[0],Face2Face,test,1
FaceForensics++_C23\Face2Face/925_933.mp4,494,493,1,0,1,True,1,[0],Face2Face,val,1
FaceForensics++_C23\Face2Face/926_900.mp4,341,340,1,0,1,True,1,[0],Face2Face,val,1
FaceForensics++_C23\Face2Face/927_912.mp4,647,646,1,0,1,True,1,[0],Face2Face,val,1
FaceForensics++_C23\Face2Face/928_160.mp4,534,533,1,0,1,True,1,[0],Face2Face,train,1
FaceForensics++_C23\Face2Face/929_962.mp4,460,458,2,1,1,True,2,"[0, 421]",Face2Face,train,1
FaceForensics++_C23\Face2Face/930_763.mp4,812,338,474,142,332,False,20,"[379, 520, 377, 0, 514, 375, 371, 518, 374, 372, 296, 516, 286, 208, 288, 517, 290, 370, 522, 292]",Face2Face,train,1
FaceForensics++_C23\Face2Face/931_936.mp4,297,296,1,0,1,True,1,[0],Face2Face,train,1
FaceForensics++_C23\Face2Face/932_384.mp4,462,422,40,12,28,False,20,"[0, 416, 346, 415, 347, 348, 349, 350, 117, 353, 351, 352, 288, 70, 116, 285, 287, 71, 72, 286]",Face2Face,test,1
FaceForensics++_C23\Face2Face/933_925.mp4,356,355,1,0,1,True,1,[0],Face2Face,val,1
FaceForensics++_C23\Face2Face/934_918.mp4,472,471,1,0,1,True,1,[0],Face2Face,train,1
FaceForensics++_C23\Face2Face/935_733.mp4,518,514,4,1,3,True,4,"[0, 303, 302, 309]",Face2Face,train,1
FaceForensics++_C23\Face2Face/936_931.mp4,319,306,13,4,9,True,13,"[158, 159, 176, 168, 166, 167, 160, 161, 165, 164, 0, 162, 163]",Face2Face,train,1
FaceForensics++_C23\Face2Face/937_888.mp4,307,278,29,9,20,False,20,"[241, 0, 162, 161, 32, 160, 25, 168, 26, 22, 24, 156, 27, 23, 167, 163, 159, 31, 155, 166]",Face2Face,train,1
FaceForensics++_C23\Face2Face/938_987.mp4,575,546,29,9,20,False,20,"[272, 106, 0, 464, 101, 571, 5, 155, 166, 177, 170, 165, 565, 168, 169, 569, 570, 15, 167, 25]",Face2Face,train,1
FaceForensics++_C23\Face2Face/939_115.mp4,320,319,1,0,1,True,1,[0],Face2Face,val,1
FaceForensics++_C23\Face2Face/940_941.mp4,494,493,1,0,1,True,1,[0],Face2Face,train,1
FaceForensics++_C23\Face2Face/941_940.mp4,309,308,1,0,1,True,1,[0],Face2Face,train,1
FaceForensics++_C23\Face2Face/942_943.mp4,470,469,1,0,1,True,1,[0],Face2Face,train,1
FaceForensics++_C23\Face2Face/943_942.mp4,495,494,1,0,1,True,1,[0],Face2Face,train,1
FaceForensics++_C23\Face2Face/944_032.mp4,310,309,1,0,1,True,1,[0],Face2Face,train,1
FaceForensics++_C23\Face2Face/945_044.mp4,335,332,3,1,2,True,3,"[0, 50, 53]",Face2Face,test,1
FaceForensics++_C23\Face2Face/946_049.mp4,360,359,1,0,1,True,1,[0],Face2Face,train,1
FaceForensics++_C23\Face2Face/947_951.mp4,1176,1175,1,0,1,True,1,[0],Face2Face,val,1
FaceForensics++_C23\Face2Face/948_965.mp4,348,347,1,0,1,True,1,[0],Face2Face,train,1
FaceForensics++_C23\Face2Face/949_868.mp4,431,430,1,0,1,True,1,[0],Face2Face,test,1
FaceForensics++_C23\Face2Face/950_836.mp4,343,342,1,0,1,True,1,[0],Face2Face,train,1
FaceForensics++_C23\Face2Face/951_947.mp4,641,639,2,1,1,True,2,"[0, 152]",Face2Face,val,1
FaceForensics++_C23\Face2Face/952_882.mp4,333,328,5,2,3,True,5,"[0, 97, 98, 100, 99]",Face2Face,train,1
FaceForensics++_C23\Face2Face/953_974.mp4,318,314,4,1,3,True,4,"[91, 217, 257, 0]",Face2Face,test,1
FaceForensics++_C23\Face2Face/954_976.mp4,328,327,1,0,1,True,1,[0],Face2Face,train,1
FaceForensics++_C23\Face2Face/955_078.mp4,523,513,10,3,7,True,10,"[520, 521, 519, 495, 500, 496, 0, 497, 499, 498]",Face2Face,test,1
FaceForensics++_C23\Face2Face/956_958.mp4,392,391,1,0,1,True,1,[0],Face2Face,val,1
FaceForensics++_C23\Face2Face/957_959.mp4,482,368,114,34,80,False,20,"[381, 452, 404, 408, 402, 399, 401, 453, 12, 433, 435, 32, 449, 380, 432, 412, 400, 18, 20, 30]",Face2Face,train,1
FaceForensics++_C23\Face2Face/958_956.mp4,542,514,28,9,19,True,20,"[0, 5, 7, 503, 16, 17, 478, 508, 274, 26, 25, 498, 28, 304, 279, 24, 457, 442, 320, 340]",Face2Face,val,1
FaceForensics++_C23\Face2Face/959_957.mp4,418,412,6,2,4,True,6,"[240, 241, 242, 244, 245, 0]",Face2Face,train,1
FaceForensics++_C23\Face2Face/960_999.mp4,335,334,1,0,1,True,1,[0],Face2Face,train,1
FaceForensics++_C23\Face2Face/961_069.mp4,774,770,4,1,3,True,4,"[0, 661, 18, 626]",Face2Face,train,1
FaceForensics++_C23\Face2Face/962_929.mp4,462,461,1,0,1,True,1,[0],Face2Face,train,1
FaceForensics++_C23\Face2Face/963_879.mp4,839,838,1,0,1,True,1,[0],Face2Face,train,1
FaceForensics++_C23\Face2Face/964_174.mp4,414,413,1,0,1,True,1,[0],Face2Face,train,1
FaceForensics++_C23\Face2Face/965_948.mp4,434,433,1,0,1,True,1,[0],Face2Face,train,1
FaceForensics++_C23\Face2Face/966_988.mp4,455,439,16,5,11,True,16,"[291, 434, 364, 292, 362, 290, 435, 1, 74, 0, 73, 72, 436, 270, 32, 68]",Face2Face,train,1
FaceForensics++_C23\Face2Face/967_984.mp4,339,335,4,1,3,True,4,"[0, 6, 3, 4]",Face2Face,train,1
FaceForensics++_C23\Face2Face/968_884.mp4,343,340,3,1,2,True,3,"[0, 172, 173]",Face2Face,train,1
FaceForensics++_C23\Face2Face/969_897.mp4,333,332,1,0,1,True,1,[0],Face2Face,train,1
FaceForensics++_C23\Face2Face/970_973.mp4,533,532,1,0,1,True,1,[0],Face2Face,test,1
FaceForensics++_C23\Face2Face/971_564.mp4,648,647,1,0,1,True,1,[0],Face2Face,val,1
FaceForensics++_C23\Face2Face/972_718.mp4,578,577,1,0,1,True,1,[0],Face2Face,train,1
FaceForensics++_C23\Face2Face/973_970.mp4,476,475,1,0,1,True,1,[0],Face2Face,test,1
FaceForensics++_C23\Face2Face/974_953.mp4,351,346,5,2,3,True,5,"[0, 244, 242, 243, 241]",Face2Face,test,1
FaceForensics++_C23\Face2Face/975_978.mp4,757,756,1,0,1,True,1,[0],Face2Face,train,1
FaceForensics++_C23\Face2Face/976_954.mp4,376,372,4,1,3,True,4,"[0, 23, 37, 225]",Face2Face,train,1
FaceForensics++_C23\Face2Face/977_075.mp4,613,597,16,5,11,True,16,"[427, 502, 501, 429, 500, 499, 444, 100, 99, 120, 0, 121, 101, 122, 490, 510]",Face2Face,train,1
FaceForensics++_C23\Face2Face/978_975.mp4,304,303,1,0,1,True,1,[0],Face2Face,train,1
FaceForensics++_C23\Face2Face/979_875.mp4,422,421,1,0,1,True,1,[0],Face2Face,val,1
FaceForensics++_C23\Face2Face/980_992.mp4,718,717,1,0,1,True,1,[0],Face2Face,val,1
FaceForensics++_C23\Face2Face/981_985.mp4,343,342,1,0,1,True,1,[0],Face2Face,train,1
FaceForensics++_C23\Face2Face/982_004.mp4,309,308,1,0,1,True,1,[0],Face2Face,val,1
FaceForensics++_C23\Face2Face/983_113.mp4,841,840,1,0,1,True,1,[0],Face2Face,train,1
FaceForensics++_C23\Face2Face/984_967.mp4,412,411,1,0,1,True,1,[0],Face2Face,train,1
FaceForensics++_C23\Face2Face/985_981.mp4,372,370,2,1,1,True,2,"[0, 8]",Face2Face,train,1
FaceForensics++_C23\Face2Face/986_994.mp4,316,315,1,0,1,True,1,[0],Face2Face,train,1
FaceForensics++_C23\Face2Face/987_938.mp4,369,368,1,0,1,True,1,[0],Face2Face,train,1
FaceForensics++_C23\Face2Face/988_966.mp4,364,363,1,0,1,True,1,[0],Face2Face,train,1
FaceForensics++_C23\Face2Face/989_993.mp4,409,408,1,0,1,True,1,[0],Face2Face,train,1
FaceForensics++_C23\Face2Face/990_008.mp4,637,632,5,2,3,True,5,"[0, 319, 434, 174, 289]",Face2Face,train,1
FaceForensics++_C23\Face2Face/991_064.mp4,402,401,1,0,1,True,1,[0],Face2Face,val,1
FaceForensics++_C23\Face2Face/992_980.mp4,383,0,383,115,268,False,20,"[218, 221, 212, 215, 209, 328, 193, 331, 344, 347, 382, 211, 217, 214, 350, 319, 325, 220, 379, 330]",Face2Face,val,1
FaceForensics++_C23\Face2Face/993_989.mp4,960,959,1,0,1,True,1,[0],Face2Face,train,1
FaceForensics++_C23\Face2Face/994_986.mp4,828,802,26,8,18,True,20,"[573, 721, 57, 773, 486, 686, 538, 253, 92, 775, 139, 144, 299, 772, 484, 491, 768, 377, 146, 769]",Face2Face,train,1
FaceForensics++_C23\Face2Face/995_233.mp4,675,674,1,0,1,True,1,[0],Face2Face,test,1
FaceForensics++_C23\Face2Face/996_056.mp4,373,369,4,1,3,True,4,"[0, 246, 331, 291]",Face2Face,train,1
FaceForensics++_C23\Face2Face/997_040.mp4,548,546,2,1,1,True,2,"[0, 118]",Face2Face,train,1
FaceForensics++_C23\Face2Face/998_561.mp4,416,415,1,0,1,True,1,[0],Face2Face,train,1
FaceForensics++_C23\Face2Face/999_960.mp4,345,344,1,0,1,True,1,[0],Face2Face,train,1
FaceForensics++_C23\FaceShifter/002_006.mp4,693,691,2,1,1,True,2,"[82, 0]",FaceShifter,train,1
FaceForensics++_C23\FaceShifter/003_000.mp4,303,302,1,0,1,True,1,[0],FaceShifter,test,1
FaceForensics++_C23\FaceShifter/004_982.mp4,309,305,4,1,3,True,4,"[0, 126, 30, 238]",FaceShifter,val,1
FaceForensics++_C23\FaceShifter/005_010.mp4,385,289,96,29,67,False,20,"[365, 378, 380, 303, 376, 360, 310, 374, 368, 375, 362, 371, 364, 370, 377, 366, 358, 250, 357, 367]",FaceShifter,train,1
FaceForensics++_C23\FaceShifter/006_002.mp4,310,309,1,0,1,True,1,[0],FaceShifter,train,1
FaceForensics++_C23\FaceShifter/007_132.mp4,505,503,2,1,1,True,2,"[34, 0]",FaceShifter,train,1
FaceForensics++_C23\FaceShifter/008_990.mp4,637,636,1,0,1,True,1,[0],FaceShifter,train,1
FaceForensics++_C23\FaceShifter/009_027.mp4,588,585,3,1,2,True,3,"[0, 586, 587]",FaceShifter,train,1
FaceForensics++_C23\FaceShifter/010_005.mp4,474,472,2,1,1,True,2,"[373, 0]",FaceShifter,train,1
FaceForensics++_C23\FaceShifter/011_805.mp4,632,626,6,2,4,True,6,"[488, 134, 0, 215, 120, 135]",FaceShifter,train,1
FaceForensics++_C23\FaceShifter/012_026.mp4,363,351,12,4,8,True,12,"[34, 3, 7, 12, 11, 8, 4, 13, 5, 15, 0, 16]",FaceShifter,test,1
FaceForensics++_C23\FaceShifter/013_883.mp4,332,320,12,4,8,True,12,"[0, 239, 238, 237, 236, 50, 47, 45, 49, 235, 48, 46]",FaceShifter,train,1
FaceForensics++_C23\FaceShifter/014_790.mp4,676,0,676,203,473,False,20,"[141, 140, 120, 128, 142, 122, 126, 127, 121, 112, 139, 100, 136, 119, 341, 110, 243, 135, 356, 134]",FaceShifter,train,1
FaceForensics++_C23\FaceShifter/015_919.mp4,437,435,2,1,1,True,2,"[0, 233]",FaceShifter,test,1
FaceForensics++_C23\FaceShifter/016_209.mp4,678,676,2,1,1,True,2,"[0, 677]",FaceShifter,train,1
FaceForensics++_C23\FaceShifter/017_803.mp4,398,395,3,1,2,True,3,"[117, 190, 0]",FaceShifter,train,1
FaceForensics++_C23\FaceShifter/018_019.mp4,432,431,1,0,1,True,1,[0],FaceShifter,train,1
FaceForensics++_C23\FaceShifter/019_018.mp4,1385,1384,1,0,1,True,1,[0],FaceShifter,train,1
FaceForensics++_C23\FaceShifter/020_344.mp4,390,389,1,0,1,True,1,[0],FaceShifter,train,1
FaceForensics++_C23\FaceShifter/021_312.mp4,431,430,1,0,1,True,1,[0],FaceShifter,train,1
FaceForensics++_C23\FaceShifter/022_489.mp4,325,323,2,1,1,True,2,"[0, 324]",FaceShifter,train,1
FaceForensics++_C23\FaceShifter/023_923.mp4,553,476,77,23,54,False,20,"[0, 1, 2, 3, 457, 472, 433, 4, 482, 425, 427, 5, 387, 296, 385, 462, 477, 7, 391, 467]",FaceShifter,val,1
FaceForensics++_C23\FaceShifter/024_073.mp4,306,301,5,2,3,True,5,"[225, 0, 228, 227, 224]",FaceShifter,test,1
FaceForensics++_C23\FaceShifter/025_067.mp4,747,746,1,0,1,True,1,[0],FaceShifter,train,1
FaceForensics++_C23\FaceShifter/026_012.mp4,322,321,1,0,1,True,1,[0],FaceShifter,test,1
FaceForensics++_C23\FaceShifter/027_009.mp4,315,308,7,2,5,True,7,"[0, 211, 264, 270, 265, 263, 161]",FaceShifter,train,1
FaceForensics++_C23\FaceShifter/028_068.mp4,434,433,1,0,1,True,1,[0],FaceShifter,train,1
FaceForensics++_C23\FaceShifter/029_048.mp4,416,415,1,0,1,True,1,[0],FaceShifter,test,1
FaceForensics++_C23\FaceShifter/030_193.mp4,297,200,97,29,68,False,20,"[30, 238, 237, 241, 286, 19, 239, 292, 102, 39, 10, 43, 14, 283, 282, 98, 246, 287, 9, 279]",FaceShifter,train,1
FaceForensics++_C23\FaceShifter/031_163.mp4,482,481,1,0,1,True,1,[0],FaceShifter,train,1
FaceForensics++_C23\FaceShifter/032_944.mp4,310,287,23,7,16,True,20,"[108, 0, 296, 299, 298, 297, 300, 301, 302, 303, 246, 158, 157, 304, 159, 305, 306, 307, 243, 309]",FaceShifter,train,1
FaceForensics++_C23\FaceShifter/033_097.mp4,809,804,5,2,3,True,5,"[215, 485, 758, 0, 214]",FaceShifter,train,1
FaceForensics++_C23\FaceShifter/034_590.mp4,407,403,4,1,3,True,4,"[189, 328, 143, 0]",FaceShifter,train,1
FaceForensics++_C23\FaceShifter/035_036.mp4,423,422,1,0,1,True,1,[0],FaceShifter,test,1
FaceForensics++_C23\FaceShifter/036_035.mp4,337,317,20,6,14,True,20,"[292, 307, 302, 297, 312, 317, 336, 237, 232, 0, 227, 10, 222, 35, 30, 15, 151, 146, 20, 111]",FaceShifter,test,1
FaceForensics++_C23\FaceShifter/037_072.mp4,454,453,1,0,1,True,1,[0],FaceShifter,train,1
FaceForensics++_C23\FaceShifter/038_125.mp4,305,303,2,1,1,True,2,"[0, 294]",FaceShifter,train,1
FaceForensics++_C23\FaceShifter/039_058.mp4,609,606,3,1,2,True,3,"[0, 159, 156]",FaceShifter,train,1
FaceForensics++_C23\FaceShifter/040_997.mp4,548,545,3,1,2,True,3,"[185, 422, 0]",FaceShifter,train,1
FaceForensics++_C23\FaceShifter/041_063.mp4,349,348,1,0,1,True,1,[0],FaceShifter,train,1
FaceForensics++_C23\FaceShifter/042_084.mp4,338,304,34,10,24,False,20,"[239, 262, 289, 0, 316, 324, 312, 291, 303, 241, 240, 255, 288, 260, 318, 313, 319, 64, 261, 101]",FaceShifter,val,1
FaceForensics++_C23\FaceShifter/043_110.mp4,495,491,4,1,3,True,4,"[71, 72, 0, 73]",FaceShifter,train,1
FaceForensics++_C23\FaceShifter/044_945.mp4,335,329,6,2,4,True,6,"[174, 175, 176, 0, 235, 236]",FaceShifter,test,1
FaceForensics++_C23\FaceShifter/045_889.mp4,350,349,1,0,1,True,1,[0],FaceShifter,train,1
FaceForensics++_C23\FaceShifter/046_904.mp4,504,500,4,1,3,True,4,"[0, 501, 502, 503]",FaceShifter,val,1
FaceForensics++_C23\FaceShifter/047_862.mp4,319,317,2,1,1,True,2,"[0, 23]",FaceShifter,test,1
FaceForensics++_C23\FaceShifter/048_029.mp4,485,484,1,0,1,True,1,[0],FaceShifter,test,1
FaceForensics++_C23\FaceShifter/049_946.mp4,360,355,5,2,3,True,5,"[0, 355, 356, 353, 354]",FaceShifter,train,1
FaceForensics++_C23\FaceShifter/050_059.mp4,530,527,3,1,2,True,3,"[0, 153, 152]",FaceShifter,train,1
FaceForensics++_C23\FaceShifter/051_332.mp4,717,716,1,0,1,True,1,[0],FaceShifter,train,1
FaceForensics++_C23\FaceShifter/052_108.mp4,323,322,1,0,1,True,1,[0],FaceShifter,train,1
FaceForensics++_C23\FaceShifter/053_095.mp4,417,416,1,0,1,True,1,[0],FaceShifter,train,1
FaceForensics++_C23\FaceShifter/054_071.mp4,368,367,1,0,1,True,1,[0],FaceShifter,train,1
FaceForensics++_C23\FaceShifter/055_147.mp4,394,393,1,0,1,True,1,[0],FaceShifter,train,1
FaceForensics++_C23\FaceShifter/056_996.mp4,373,372,1,0,1,True,1,[0],FaceShifter,train,1
FaceForensics++_C23\FaceShifter/057_070.mp4,431,427,4,1,3,True,4,"[0, 1, 2, 43]",FaceShifter,train,1
FaceForensics++_C23\FaceShifter/058_039.mp4,669,668,1,0,1,True,1,[0],FaceShifter,train,1
FaceForensics++_C23\FaceShifter/059_050.mp4,721,720,1,0,1,True,1,[0],FaceShifter,train,1
FaceForensics++_C23\FaceShifter/060_088.mp4,844,216,628,189,439,False,20,"[531, 185, 556, 353, 555, 181, 208, 355, 357, 656, 588, 519, 606, 359, 356, 107, 358, 109, 623, 74]",FaceShifter,train,1
FaceForensics++_C23\FaceShifter/061_080.mp4,337,336,1,0,1,True,1,[0],FaceShifter,train,1
FaceForensics++_C23\FaceShifter/062_066.mp4,423,422,1,0,1,True,1,[0],FaceShifter,train,1
FaceForensics++_C23\FaceShifter/063_041.mp4,930,929,1,0,1,True,1,[0],FaceShifter,train,1
FaceForensics++_C23\FaceShifter/064_991.mp4,402,398,4,1,3,True,4,"[65, 60, 0, 10]",FaceShifter,val,1
FaceForensics++_C23\FaceShifter/065_089.mp4,442,434,8,3,5,True,8,"[150, 151, 154, 152, 156, 155, 153, 0]",FaceShifter,train,1
FaceForensics++_C23\FaceShifter/066_062.mp4,435,320,115,35,80,False,20,"[387, 384, 350, 338, 340, 386, 383, 339, 351, 336, 348, 335, 341, 388, 334, 330, 382, 332, 333, 396]",FaceShifter,train,1
FaceForensics++_C23\FaceShifter/067_025.mp4,538,537,1,0,1,True,1,[0],FaceShifter,train,1
FaceForensics++_C23\FaceShifter/068_028.mp4,401,390,11,3,8,True,11,"[174, 0, 186, 173, 172, 171, 185, 187, 278, 276, 277]",FaceShifter,train,1
FaceForensics++_C23\FaceShifter/069_961.mp4,774,632,142,43,99,False,20,"[566, 567, 201, 200, 199, 565, 569, 572, 571, 139, 768, 103, 770, 302, 108, 194, 0, 133, 297, 279]",FaceShifter,train,1
FaceForensics++_C23\FaceShifter/070_057.mp4,367,344,23,7,16,True,20,"[0, 286, 278, 265, 288, 268, 283, 285, 277, 287, 267, 280, 262, 284, 266, 269, 279, 282, 260, 264]",FaceShifter,train,1
FaceForensics++_C23\FaceShifter/071_054.mp4,453,422,31,9,22,False,20,"[0, 206, 208, 18, 340, 234, 271, 266, 236, 272, 274, 235, 290, 284, 278, 176, 151, 178, 237, 145]",FaceShifter,train,1
FaceForensics++_C23\FaceShifter/072_037.mp4,311,307,4,1,3,True,4,"[0, 225, 226, 227]",FaceShifter,train,1
FaceForensics++_C23\FaceShifter/073_024.mp4,703,702,1,0,1,True,1,[0],FaceShifter,test,1
FaceForensics++_C23\FaceShifter/074_825.mp4,345,344,1,0,1,True,1,[0],FaceShifter,train,1
FaceForensics++_C23\FaceShifter/075_977.mp4,613,567,46,14,32,False,20,"[0, 1, 2, 279, 43, 44, 29, 410, 36, 416, 411, 417, 412, 413, 414, 415, 30, 32, 31, 574]",FaceShifter,train,1
FaceForensics++_C23\FaceShifter/076_079.mp4,329,328,1,0,1,True,1,[0],FaceShifter,train,1
FaceForensics++_C23\FaceShifter/077_100.mp4,611,610,1,0,1,True,1,[0],FaceShifter,train,1
FaceForensics++_C23\FaceShifter/078_955.mp4,523,522,1,0,1,True,1,[0],FaceShifter,test,1
FaceForensics++_C23\FaceShifter/079_076.mp4,424,423,1,0,1,True,1,[0],FaceShifter,train,1
FaceForensics++_C23\FaceShifter/080_061.mp4,483,482,1,0,1,True,1,[0],FaceShifter,train,1
FaceForensics++_C23\FaceShifter/081_087.mp4,1170,1166,4,1,3,True,4,"[0, 198, 1027, 1162]",FaceShifter,train,1
FaceForensics++_C23\FaceShifter/082_103.mp4,316,315,1,0,1,True,1,[0],FaceShifter,train,1
FaceForensics++_C23\FaceShifter/083_213.mp4,545,544,1,0,1,True,1,[0],FaceShifter,train,1
FaceForensics++_C23\FaceShifter/084_042.mp4,375,374,1,0,1,True,1,[0],FaceShifter,val,1
FaceForensics++_C23\FaceShifter/085_124.mp4,329,328,1,0,1,True,1,[0],FaceShifter,train,1
FaceForensics++_C23\FaceShifter/086_090.mp4,935,934,1,0,1,True,1,[0],FaceShifter,train,1
FaceForensics++_C23\FaceShifter/087_081.mp4,309,308,1,0,1,True,1,[0],FaceShifter,train,1
FaceForensics++_C23\FaceShifter/088_060.mp4,665,620,45,14,31,False,20,"[121, 212, 122, 123, 120, 232, 215, 125, 126, 217, 453, 192, 127, 457, 45, 190, 86, 128, 235, 87]",FaceShifter,train,1
FaceForensics++_C23\FaceShifter/089_065.mp4,751,750,1,0,1,True,1,[0],FaceShifter,train,1
FaceForensics++_C23\FaceShifter/090_086.mp4,687,576,111,33,78,False,20,"[58, 208, 291, 209, 76, 289, 287, 124, 171, 75, 48, 262, 0, 227, 677, 74, 658, 373, 133, 551]",FaceShifter,train,1
FaceForensics++_C23\FaceShifter/091_116.mp4,639,635,4,1,3,True,4,"[0, 31, 542, 465]",FaceShifter,val,1
FaceForensics++_C23\FaceShifter/092_098.mp4,460,459,1,0,1,True,1,[0],FaceShifter,train,1
FaceForensics++_C23\FaceShifter/093_121.mp4,308,307,1,0,1,True,1,[0],FaceShifter,train,1
FaceForensics++_C23\FaceShifter/094_111.mp4,559,558,1,0,1,True,1,[0],FaceShifter,train,1
FaceForensics++_C23\FaceShifter/095_053.mp4,1006,1005,1,0,1,True,1,[0],FaceShifter,train,1
FaceForensics++_C23\FaceShifter/096_101.mp4,504,503,1,0,1,True,1,[0],FaceShifter,train,1
FaceForensics++_C23\FaceShifter/097_033.mp4,478,472,6,2,4,True,6,"[29, 28, 27, 26, 0, 25]",FaceShifter,train,1
FaceForensics++_C23\FaceShifter/098_092.mp4,299,298,1,0,1,True,1,[0],FaceShifter,train,1
FaceForensics++_C23\FaceShifter/099_295.mp4,613,591,22,7,15,True,20,"[0, 113, 152, 151, 328, 326, 327, 521, 463, 525, 527, 515, 518, 524, 519, 423, 517, 205, 516, 450]",FaceShifter,train,1
FaceForensics++_C23\FaceShifter/100_077.mp4,423,422,1,0,1,True,1,[0],FaceShifter,train,1
FaceForensics++_C23\FaceShifter/101_096.mp4,1148,1147,1,0,1,True,1,[0],FaceShifter,train,1
FaceForensics++_C23\FaceShifter/102_114.mp4,389,388,1,0,1,True,1,[0],FaceShifter,test,1
FaceForensics++_C23\FaceShifter/103_082.mp4,595,590,5,2,3,True,5,"[0, 279, 276, 277, 278]",FaceShifter,train,1
FaceForensics++_C23\FaceShifter/104_126.mp4,462,314,148,45,103,False,20,"[250, 248, 247, 339, 340, 363, 338, 333, 253, 334, 251, 245, 369, 246, 336, 243, 252, 317, 420, 244]",FaceShifter,val,1
FaceForensics++_C23\FaceShifter/105_180.mp4,300,268,32,10,22,False,20,"[38, 120, 0, 135, 140, 138, 141, 260, 247, 187, 177, 142, 227, 172, 237, 167, 157, 232, 207, 197]",FaceShifter,train,1
FaceForensics++_C23\FaceShifter/106_198.mp4,356,355,1,0,1,True,1,[0],FaceShifter,val,1
FaceForensics++_C23\FaceShifter/107_109.mp4,556,549,7,2,5,True,7,"[507, 511, 509, 506, 503, 504, 0]",FaceShifter,train,1
FaceForensics++_C23\FaceShifter/108_052.mp4,300,290,10,3,7,True,10,"[295, 297, 296, 299, 298, 115, 116, 111, 112, 0]",FaceShifter,train,1
FaceForensics++_C23\FaceShifter/109_107.mp4,298,297,1,0,1,True,1,[0],FaceShifter,train,1
FaceForensics++_C23\FaceShifter/110_043.mp4,565,564,1,0,1,True,1,[0],FaceShifter,train,1
FaceForensics++_C23\FaceShifter/111_094.mp4,433,432,1,0,1,True,1,[0],FaceShifter,train,1
FaceForensics++_C23\FaceShifter/112_892.mp4,418,328,90,27,63,False,20,"[190, 264, 191, 189, 214, 367, 216, 215, 207, 213, 366, 217, 285, 283, 286, 365, 266, 332, 192, 287]",FaceShifter,train,1
FaceForensics++_C23\FaceShifter/113_983.mp4,841,837,4,1,3,True,4,"[827, 747, 14, 0]",FaceShifter,train,1
FaceForensics++_C23\FaceShifter/114_102.mp4,1269,1268,1,0,1,True,1,[0],FaceShifter,test,1
FaceForensics++_C23\FaceShifter/115_939.mp4,320,319,1,0,1,True,1,[0],FaceShifter,val,1
FaceForensics++_C23\FaceShifter/116_091.mp4,327,326,1,0,1,True,1,[0],FaceShifter,val,1
FaceForensics++_C23\FaceShifter/117_217.mp4,548,494,54,16,38,False,20,"[432, 452, 508, 460, 431, 423, 451, 430, 429, 12, 422, 512, 16, 286, 507, 543, 256, 79, 506, 254]",FaceShifter,train,1
FaceForensics++_C23\FaceShifter/118_120.mp4,352,347,5,2,3,True,5,"[0, 15, 16, 139, 138]",FaceShifter,train,1
FaceForensics++_C23\FaceShifter/119_123.mp4,502,500,2,1,1,True,2,"[0, 501]",FaceShifter,train,1
FaceForensics++_C23\FaceShifter/120_118.mp4,405,404,1,0,1,True,1,[0],FaceShifter,train,1
FaceForensics++_C23\FaceShifter/121_093.mp4,553,550,3,1,2,True,3,"[0, 307, 192]",FaceShifter,train,1
FaceForensics++_C23\FaceShifter/122_144.mp4,309,290,19,6,13,True,19,"[0, 238, 246, 247, 255, 248, 32, 294, 293, 216, 215, 295, 296, 214, 33, 212, 213, 34, 35]",FaceShifter,train,1
FaceForensics++_C23\FaceShifter/123_119.mp4,514,513,1,0,1,True,1,[0],FaceShifter,train,1
FaceForensics++_C23\FaceShifter/124_085.mp4,318,294,24,7,17,True,20,"[164, 165, 17, 166, 16, 15, 25, 24, 14, 11, 0, 12, 18, 44, 51, 13, 58, 47, 49, 53]",FaceShifter,train,1
FaceForensics++_C23\FaceShifter/125_038.mp4,500,490,10,3,7,True,10,"[149, 150, 148, 299, 300, 301, 452, 451, 450, 0]",FaceShifter,train,1
FaceForensics++_C23\FaceShifter/126_104.mp4,328,268,60,18,42,False,20,"[69, 94, 90, 19, 110, 2, 285, 257, 174, 317, 256, 260, 108, 184, 188, 92, 189, 152, 112, 318]",FaceShifter,val,1
FaceForensics++_C23\FaceShifter/127_129.mp4,864,863,1,0,1,True,1,[0],FaceShifter,train,1
FaceForensics++_C23\FaceShifter/128_896.mp4,735,734,1,0,1,True,1,[0],FaceShifter,test,1
FaceForensics++_C23\FaceShifter/129_127.mp4,330,328,2,1,1,True,2,"[263, 0]",FaceShifter,train,1
FaceForensics++_C23\FaceShifter/130_139.mp4,662,602,60,18,42,False,20,"[84, 657, 0, 65, 659, 436, 658, 439, 64, 572, 61, 63, 53, 101, 438, 660, 440, 629, 62, 573]",FaceShifter,train,1
FaceForensics++_C23\FaceShifter/131_518.mp4,306,305,1,0,1,True,1,[0],FaceShifter,train,1
FaceForensics++_C23\FaceShifter/132_007.mp4,413,412,1,0,1,True,1,[0],FaceShifter,train,1
FaceForensics++_C23\FaceShifter/133_148.mp4,767,766,1,0,1,True,1,[0],FaceShifter,train,1
FaceForensics++_C23\FaceShifter/134_192.mp4,346,342,4,1,3,True,4,"[0, 228, 226, 227]",FaceShifter,val,1
FaceForensics++_C23\FaceShifter/135_880.mp4,327,326,1,0,1,True,1,[0],FaceShifter,test,1
FaceForensics++_C23\FaceShifter/136_285.mp4,611,609,2,1,1,True,2,"[0, 342]",FaceShifter,train,1
FaceForensics++_C23\FaceShifter/137_165.mp4,606,549,57,17,40,False,20,"[467, 470, 500, 472, 522, 527, 432, 335, 336, 29, 34, 250, 386, 301, 381, 39, 8, 325, 64, 396]",FaceShifter,train,1
FaceForensics++_C23\FaceShifter/138_142.mp4,410,409,1,0,1,True,1,[0],FaceShifter,test,1
FaceForensics++_C23\FaceShifter/139_130.mp4,378,377,1,0,1,True,1,[0],FaceShifter,train,1
FaceForensics++_C23\FaceShifter/140_143.mp4,485,438,47,14,33,False,20,"[391, 383, 151, 148, 386, 149, 152, 451, 390, 456, 458, 476, 460, 147, 462, 385, 150, 473, 463, 450]",FaceShifter,train,1
FaceForensics++_C23\FaceShifter/141_161.mp4,508,501,7,2,5,True,7,"[138, 0, 463, 392, 24, 20, 23]",FaceShifter,test,1
FaceForensics++_C23\FaceShifter/142_138.mp4,962,961,1,0,1,True,1,[0],FaceShifter,test,1
FaceForensics++_C23\FaceShifter/143_140.mp4,414,413,1,0,1,True,1,[0],FaceShifter,train,1
FaceForensics++_C23\FaceShifter/144_122.mp4,344,343,1,0,1,True,1,[0],FaceShifter,train,1
FaceForensics++_C23\FaceShifter/145_299.mp4,475,474,1,0,1,True,1,[0],FaceShifter,val,1
FaceForensics++_C23\FaceShifter/146_256.mp4,1003,979,24,7,17,True,20,"[0, 3, 7, 52, 5, 51, 109, 97, 115, 113, 111, 119, 29, 57, 53, 117, 63, 651, 280, 999]",FaceShifter,train,1
FaceForensics++_C23\FaceShifter/147_055.mp4,667,633,34,10,24,False,20,"[154, 458, 403, 644, 156, 114, 536, 120, 265, 361, 108, 584, 572, 150, 216, 638, 385, 271, 78, 626]",FaceShifter,train,1
FaceForensics++_C23\FaceShifter/148_133.mp4,475,474,1,0,1,True,1,[0],FaceShifter,train,1
FaceForensics++_C23\FaceShifter/149_152.mp4,363,362,1,0,1,True,1,[0],FaceShifter,train,1
FaceForensics++_C23\FaceShifter/150_153.mp4,456,454,2,1,1,True,2,"[0, 146]",FaceShifter,train,1
FaceForensics++_C23\FaceShifter/151_225.mp4,347,346,1,0,1,True,1,[0],FaceShifter,train,1
FaceForensics++_C23\FaceShifter/152_149.mp4,313,312,1,0,1,True,1,[0],FaceShifter,train,1
FaceForensics++_C23\FaceShifter/153_150.mp4,732,725,7,2,5,True,7,"[574, 55, 54, 53, 0, 579, 581]",FaceShifter,train,1
FaceForensics++_C23\FaceShifter/154_386.mp4,594,582,12,4,8,True,12,"[327, 333, 335, 332, 322, 334, 321, 336, 320, 337, 338, 0]",FaceShifter,test,1
FaceForensics++_C23\FaceShifter/155_576.mp4,829,828,1,0,1,True,1,[0],FaceShifter,train,1
FaceForensics++_C23\FaceShifter/156_243.mp4,518,516,2,1,1,True,2,"[0, 106]",FaceShifter,train,1
FaceForensics++_C23\FaceShifter/157_245.mp4,486,485,1,0,1,True,1,[0],FaceShifter,val,1
FaceForensics++_C23\FaceShifter/158_379.mp4,444,443,1,0,1,True,1,[0],FaceShifter,test,1
FaceForensics++_C23\FaceShifter/159_175.mp4,325,319,6,2,4,True,6,"[0, 211, 56, 123, 57, 25]",FaceShifter,val,1
FaceForensics++_C23\FaceShifter/160_928.mp4,534,529,5,2,3,True,5,"[0, 522, 526, 530, 531]",FaceShifter,train,1
FaceForensics++_C23\FaceShifter/161_141.mp4,369,368,1,0,1,True,1,[0],FaceShifter,test,1
FaceForensics++_C23\FaceShifter/162_330.mp4,685,665,20,6,14,True,20,"[0, 288, 168, 213, 163, 167, 165, 162, 164, 210, 243, 212, 244, 161, 668, 211, 245, 669, 250, 670]",FaceShifter,train,1
FaceForensics++_C23\FaceShifter/163_031.mp4,304,303,1,0,1,True,1,[0],FaceShifter,train,1
FaceForensics++_C23\FaceShifter/164_216.mp4,1021,1016,5,2,3,True,5,"[0, 787, 288, 785, 287]",FaceShifter,train,1
FaceForensics++_C23\FaceShifter/165_137.mp4,387,386,1,0,1,True,1,[0],FaceShifter,train,1
FaceForensics++_C23\FaceShifter/166_167.mp4,756,755,1,0,1,True,1,[0],FaceShifter,train,1
FaceForensics++_C23\FaceShifter/167_166.mp4,341,340,1,0,1,True,1,[0],FaceShifter,train,1
FaceForensics++_C23\FaceShifter/168_222.mp4,1228,1227,1,0,1,True,1,[0],FaceShifter,train,1
FaceForensics++_C23\FaceShifter/169_227.mp4,649,648,1,0,1,True,1,[0],FaceShifter,test,1
FaceForensics++_C23\FaceShifter/170_186.mp4,504,480,24,7,17,True,20,"[265, 264, 266, 298, 285, 268, 267, 299, 283, 284, 263, 278, 277, 281, 282, 300, 280, 301, 489, 304]",FaceShifter,test,1
FaceForensics++_C23\FaceShifter/171_173.mp4,541,540,1,0,1,True,1,[0],FaceShifter,train,1
FaceForensics++_C23\FaceShifter/172_582.mp4,752,751,1,0,1,True,1,[0],FaceShifter,train,1
FaceForensics++_C23\FaceShifter/173_171.mp4,721,602,119,36,83,False,20,"[544, 701, 585, 702, 586, 580, 375, 583, 535, 376, 534, 606, 533, 531, 622, 574, 625, 624, 257, 338]",FaceShifter,train,1
FaceForensics++_C23\FaceShifter/174_964.mp4,414,412,2,1,1,True,2,"[200, 0]",FaceShifter,train,1
FaceForensics++_C23\FaceShifter/175_159.mp4,504,501,3,1,2,True,3,"[0, 121, 120]",FaceShifter,val,1
FaceForensics++_C23\FaceShifter/176_190.mp4,376,304,72,22,50,False,20,"[235, 234, 233, 374, 178, 236, 153, 281, 345, 176, 350, 179, 278, 144, 279, 175, 358, 349, 231, 261]",FaceShifter,test,1
FaceForensics++_C23\FaceShifter/177_211.mp4,410,389,21,6,15,True,20,"[2, 5, 6, 1, 7, 0, 352, 386, 310, 351, 312, 306, 305, 409, 318, 319, 307, 311, 308, 309]",FaceShifter,train,1
FaceForensics++_C23\FaceShifter/178_598.mp4,521,520,1,0,1,True,1,[0],FaceShifter,train,1
FaceForensics++_C23\FaceShifter/179_212.mp4,1260,1244,16,5,11,True,16,"[278, 691, 249, 846, 363, 0, 302, 390, 464, 230, 792, 99, 204, 770, 1023, 966]",FaceShifter,train,1
FaceForensics++_C23\FaceShifter/180_105.mp4,569,566,3,1,2,True,3,"[38, 307, 0]",FaceShifter,train,1
FaceForensics++_C23\FaceShifter/181_199.mp4,478,477,1,0,1,True,1,[0],FaceShifter,train,1
FaceForensics++_C23\FaceShifter/182_242.mp4,620,619,1,0,1,True,1,[0],FaceShifter,train,1
FaceForensics++_C23\FaceShifter/183_253.mp4,390,389,1,0,1,True,1,[0],FaceShifter,train,1
FaceForensics++_C23\FaceShifter/184_205.mp4,1254,1253,1,0,1,True,1,[0],FaceShifter,train,1
FaceForensics++_C23\FaceShifter/185_276.mp4,875,851,24,7,17,True,20,"[781, 874, 0, 825, 628, 873, 871, 782, 249, 872, 780, 253, 866, 868, 606, 870, 252, 250, 627, 867]",FaceShifter,train,1
FaceForensics++_C23\FaceShifter/186_170.mp4,334,333,1,0,1,True,1,[0],FaceShifter,test,1
FaceForensics++_C23\FaceShifter/187_234.mp4,986,834,152,46,106,False,20,"[841, 296, 922, 750, 876, 436, 431, 836, 717, 454, 719, 767, 835, 926, 920, 753, 838, 957, 288, 437]",FaceShifter,train,1
FaceForensics++_C23\FaceShifter/188_191.mp4,310,300,10,3,7,True,10,"[0, 307, 309, 308, 306, 305, 304, 303, 302, 301]",FaceShifter,train,1
FaceForensics++_C23\FaceShifter/189_200.mp4,512,506,6,2,4,True,6,"[88, 86, 87, 85, 0, 511]",FaceShifter,train,1
FaceForensics++_C23\FaceShifter/190_176.mp4,331,328,3,1,2,True,3,"[328, 150, 0]",FaceShifter,test,1
FaceForensics++_C23\FaceShifter/191_188.mp4,372,371,1,0,1,True,1,[0],FaceShifter,train,1
FaceForensics++_C23\FaceShifter/192_134.mp4,287,285,2,1,1,True,2,"[0, 286]",FaceShifter,val,1
FaceForensics++_C23\FaceShifter/193_030.mp4,372,369,3,1,2,True,3,"[1, 0, 364]",FaceShifter,train,1
FaceForensics++_C23\FaceShifter/194_235.mp4,567,561,6,2,4,True,6,"[63, 60, 59, 0, 149, 150]",FaceShifter,train,1
FaceForensics++_C23\FaceShifter/195_442.mp4,333,332,1,0,1,True,1,[0],FaceShifter,train,1
FaceForensics++_C23\FaceShifter/196_310.mp4,426,425,1,0,1,True,1,[0],FaceShifter,train,1
FaceForensics++_C23\FaceShifter/197_224.mp4,880,879,1,0,1,True,1,[0],FaceShifter,train,1
FaceForensics++_C23\FaceShifter/198_106.mp4,392,391,1,0,1,True,1,[0],FaceShifter,val,1
FaceForensics++_C23\FaceShifter/199_181.mp4,368,367,1,0,1,True,1,[0],FaceShifter,train,1
FaceForensics++_C23\FaceShifter/200_189.mp4,719,685,34,10,24,False,20,"[250, 252, 240, 254, 237, 251, 238, 236, 253, 354, 500, 489, 502, 504, 353, 351, 503, 501, 506, 490]",FaceShifter,train,1
FaceForensics++_C23\FaceShifter/201_203.mp4,863,862,1,0,1,True,1,[0],FaceShifter,train,1
FaceForensics++_C23\FaceShifter/202_348.mp4,323,321,2,1,1,True,2,"[0, 322]",FaceShifter,train,1
FaceForensics++_C23\FaceShifter/203_201.mp4,446,396,50,15,35,False,20,"[153, 140, 136, 141, 138, 139, 135, 137, 258, 259, 254, 252, 253, 173, 255, 250, 260, 264, 262, 261]",FaceShifter,train,1
FaceForensics++_C23\FaceShifter/204_230.mp4,515,508,7,2,5,True,7,"[0, 249, 333, 184, 185, 509, 508]",FaceShifter,train,1
FaceForensics++_C23\FaceShifter/205_184.mp4,307,300,7,2,5,True,7,"[3, 4, 0, 2, 6, 1, 5]",FaceShifter,train,1
FaceForensics++_C23\FaceShifter/206_221.mp4,714,713,1,0,1,True,1,[0],FaceShifter,train,1
FaceForensics++_C23\FaceShifter/207_908.mp4,346,344,2,1,1,True,2,"[213, 0]",FaceShifter,train,1
FaceForensics++_C23\FaceShifter/208_215.mp4,465,463,2,1,1,True,2,"[119, 0]",FaceShifter,train,1
FaceForensics++_C23\FaceShifter/209_016.mp4,337,263,74,22,52,False,20,"[230, 236, 233, 224, 239, 242, 227, 245, 0, 221, 254, 229, 235, 260, 248, 283, 120, 257, 238, 232]",FaceShifter,train,1
FaceForensics++_C23\FaceShifter/210_241.mp4,839,832,7,2,5,True,7,"[0, 835, 837, 838, 250, 48, 247]",FaceShifter,train,1
FaceForensics++_C23\FaceShifter/211_177.mp4,527,526,1,0,1,True,1,[0],FaceShifter,train,1
FaceForensics++_C23\FaceShifter/212_179.mp4,415,412,3,1,2,True,3,"[265, 266, 0]",FaceShifter,train,1
FaceForensics++_C23\FaceShifter/213_083.mp4,378,371,7,2,5,True,7,"[0, 314, 354, 318, 310, 312, 313]",FaceShifter,train,1
FaceForensics++_C23\FaceShifter/214_255.mp4,462,458,4,1,3,True,4,"[0, 12, 13, 11]",FaceShifter,test,1
FaceForensics++_C23\FaceShifter/215_208.mp4,588,587,1,0,1,True,1,[0],FaceShifter,train,1
FaceForensics++_C23\FaceShifter/216_164.mp4,476,474,2,1,1,True,2,"[411, 0]",FaceShifter,train,1
FaceForensics++_C23\FaceShifter/217_117.mp4,702,662,40,12,28,False,20,"[59, 31, 211, 58, 99, 0, 38, 37, 35, 69, 70, 36, 72, 71, 197, 195, 194, 170, 540, 198]",FaceShifter,train,1
FaceForensics++_C23\FaceShifter/218_239.mp4,353,352,1,0,1,True,1,[0],FaceShifter,train,1
FaceForensics++_C23\FaceShifter/219_220.mp4,350,339,11,3,8,True,11,"[269, 259, 267, 235, 237, 170, 0, 153, 152, 151, 150]",FaceShifter,test,1
FaceForensics++_C23\FaceShifter/220_219.mp4,357,354,3,1,2,True,3,"[0, 356, 355]",FaceShifter,test,1
FaceForensics++_C23\FaceShifter/221_206.mp4,718,717,1,0,1,True,1,[0],FaceShifter,train,1
FaceForensics++_C23\FaceShifter/222_168.mp4,407,402,5,2,3,True,5,"[0, 37, 20, 36, 131]",FaceShifter,train,1
FaceForensics++_C23\FaceShifter/223_586.mp4,336,335,1,0,1,True,1,[0],FaceShifter,val,1
FaceForensics++_C23\FaceShifter/224_197.mp4,488,487,1,0,1,True,1,[0],FaceShifter,train,1
FaceForensics++_C23\FaceShifter/225_151.mp4,304,303,1,0,1,True,1,[0],FaceShifter,train,1
FaceForensics++_C23\FaceShifter/226_491.mp4,328,321,7,2,5,True,7,"[17, 18, 0, 327, 19, 20, 21]",FaceShifter,train,1
FaceForensics++_C23\FaceShifter/227_169.mp4,441,439,2,1,1,True,2,"[230, 0]",FaceShifter,test,1
FaceForensics++_C23\FaceShifter/228_289.mp4,556,555,1,0,1,True,1,[0],FaceShifter,train,1
FaceForensics++_C23\FaceShifter/229_247.mp4,392,388,4,1,3,True,4,"[49, 48, 47, 0]",FaceShifter,train,1
FaceForensics++_C23\FaceShifter/230_204.mp4,372,370,2,1,1,True,2,"[0, 371]",FaceShifter,train,1
FaceForensics++_C23\FaceShifter/231_663.mp4,573,572,1,0,1,True,1,[0],FaceShifter,train,1
FaceForensics++_C23\FaceShifter/232_248.mp4,574,573,1,0,1,True,1,[0],FaceShifter,train,1
FaceForensics++_C23\FaceShifter/233_995.mp4,675,671,4,1,3,True,4,"[0, 51, 50, 39]",FaceShifter,test,1
FaceForensics++_C23\FaceShifter/234_187.mp4,528,527,1,0,1,True,1,[0],FaceShifter,train,1
FaceForensics++_C23\FaceShifter/235_194.mp4,312,264,48,15,33,False,20,"[262, 250, 282, 134, 281, 113, 283, 114, 115, 286, 288, 284, 285, 287, 58, 72, 60, 59, 76, 48]",FaceShifter,train,1
FaceForensics++_C23\FaceShifter/236_237.mp4,651,645,6,2,4,True,6,"[346, 625, 510, 225, 0, 170]",FaceShifter,train,1
FaceForensics++_C23\FaceShifter/237_236.mp4,757,756,1,0,1,True,1,[0],FaceShifter,train,1
FaceForensics++_C23\FaceShifter/238_282.mp4,622,621,1,0,1,True,1,[0],FaceShifter,train,1
FaceForensics++_C23\FaceShifter/239_218.mp4,588,582,6,2,4,True,6,"[0, 3, 2, 5, 6, 4]",FaceShifter,train,1
FaceForensics++_C23\FaceShifter/240_290.mp4,1274,1273,1,0,1,True,1,[0],FaceShifter,train,1
FaceForensics++_C23\FaceShifter/241_210.mp4,292,279,13,4,9,True,13,"[273, 277, 274, 278, 272, 275, 271, 276, 266, 270, 268, 267, 0]",FaceShifter,train,1
FaceForensics++_C23\FaceShifter/242_182.mp4,331,330,1,0,1,True,1,[0],FaceShifter,train,1
FaceForensics++_C23\FaceShifter/243_156.mp4,387,375,12,4,8,True,12,"[76, 77, 75, 86, 100, 356, 35, 0, 69, 70, 71, 131]",FaceShifter,train,1
FaceForensics++_C23\FaceShifter/244_822.mp4,557,556,1,0,1,True,1,[0],FaceShifter,train,1
FaceForensics++_C23\FaceShifter/245_157.mp4,334,333,1,0,1,True,1,[0],FaceShifter,val,1
FaceForensics++_C23\FaceShifter/246_258.mp4,496,495,1,0,1,True,1,[0],FaceShifter,train,1
FaceForensics++_C23\FaceShifter/247_229.mp4,399,362,37,11,26,False,20,"[203, 204, 206, 220, 209, 222, 208, 205, 224, 211, 221, 210, 207, 223, 226, 225, 250, 227, 253, 228]",FaceShifter,train,1
FaceForensics++_C23\FaceShifter/248_232.mp4,496,494,2,1,1,True,2,"[0, 48]",FaceShifter,train,1
FaceForensics++_C23\FaceShifter/249_280.mp4,632,615,17,5,12,True,17,"[169, 0, 549, 546, 544, 542, 552, 557, 548, 555, 551, 554, 545, 541, 539, 629, 630]",FaceShifter,test,1
FaceForensics++_C23\FaceShifter/250_461.mp4,564,563,1,0,1,True,1,[0],FaceShifter,train,1
FaceForensics++_C23\FaceShifter/251_375.mp4,346,345,1,0,1,True,1,[0],FaceShifter,train,1
FaceForensics++_C23\FaceShifter/252_266.mp4,572,521,51,15,36,False,20,"[306, 324, 323, 311, 325, 326, 327, 313, 305, 328, 338, 333, 339, 341, 340, 353, 342, 466, 167, 428]",FaceShifter,train,1
FaceForensics++_C23\FaceShifter/253_183.mp4,501,498,3,1,2,True,3,"[176, 364, 0]",FaceShifter,train,1
FaceForensics++_C23\FaceShifter/254_261.mp4,427,426,1,0,1,True,1,[0],FaceShifter,val,1
FaceForensics++_C23\FaceShifter/255_214.mp4,470,468,2,1,1,True,2,"[188, 0]",FaceShifter,test,1
FaceForensics++_C23\FaceShifter/256_146.mp4,546,528,18,6,12,True,18,"[463, 465, 457, 507, 479, 459, 467, 458, 481, 461, 509, 505, 460, 462, 456, 545, 455, 0]",FaceShifter,train,1
FaceForensics++_C23\FaceShifter/257_420.mp4,763,401,362,109,253,False,20,"[689, 721, 723, 691, 722, 725, 719, 720, 724, 685, 683, 681, 713, 688, 711, 686, 710, 750, 682, 699]",FaceShifter,test,1
FaceForensics++_C23\FaceShifter/258_246.mp4,498,354,144,43,101,False,20,"[150, 147, 149, 146, 165, 13, 164, 12, 15, 162, 14, 167, 161, 175, 176, 18, 171, 7, 16, 163]",FaceShifter,train,1
FaceForensics++_C23\FaceShifter/259_345.mp4,444,438,6,2,4,True,6,"[405, 288, 0, 157, 351, 222]",FaceShifter,train,1
FaceForensics++_C23\FaceShifter/260_331.mp4,302,301,1,0,1,True,1,[0],FaceShifter,train,1
FaceForensics++_C23\FaceShifter/261_254.mp4,677,675,2,1,1,True,2,"[676, 0]",FaceShifter,val,1
FaceForensics++_C23\FaceShifter/262_301.mp4,397,396,1,0,1,True,1,[0],FaceShifter,train,1
FaceForensics++_C23\FaceShifter/263_284.mp4,300,259,41,12,29,False,20,"[188, 176, 194, 174, 195, 193, 150, 183, 168, 192, 196, 126, 128, 132, 180, 123, 133, 182, 107, 181]",FaceShifter,val,1
FaceForensics++_C23\FaceShifter/264_271.mp4,455,453,2,1,1,True,2,"[454, 0]",FaceShifter,train,1
FaceForensics++_C23\FaceShifter/265_475.mp4,552,551,1,0,1,True,1,[0],FaceShifter,train,1
FaceForensics++_C23\FaceShifter/266_252.mp4,465,429,36,11,25,False,20,"[434, 429, 424, 419, 409, 404, 67, 414, 384, 363, 77, 399, 87, 72, 66, 394, 82, 64, 63, 65]",FaceShifter,train,1
FaceForensics++_C23\FaceShifter/267_286.mp4,306,305,1,0,1,True,1,[0],FaceShifter,train,1
FaceForensics++_C23\FaceShifter/268_269.mp4,1465,1457,8,3,5,True,8,"[694, 693, 362, 736, 735, 0, 253, 252]",FaceShifter,train,1
FaceForensics++_C23\FaceShifter/269_268.mp4,387,386,1,0,1,True,1,[0],FaceShifter,train,1
FaceForensics++_C23\FaceShifter/270_297.mp4,311,304,7,2,5,True,7,"[45, 151, 0, 1, 147, 150, 17]",FaceShifter,train,1
FaceForensics++_C23\FaceShifter/271_264.mp4,490,488,2,1,1,True,2,"[137, 0]",FaceShifter,train,1
FaceForensics++_C23\FaceShifter/272_396.mp4,323,320,3,1,2,True,3,"[51, 242, 0]",FaceShifter,train,1
FaceForensics++_C23\FaceShifter/273_807.mp4,322,317,5,2,3,True,5,"[0, 266, 265, 264, 263]",FaceShifter,val,1
FaceForensics++_C23\FaceShifter/274_412.mp4,474,473,1,0,1,True,1,[0],FaceShifter,train,1
FaceForensics++_C23\FaceShifter/275_887.mp4,424,375,49,15,34,False,20,"[406, 404, 159, 408, 149, 401, 305, 154, 409, 412, 389, 144, 28, 414, 18, 411, 416, 114, 203, 13]",FaceShifter,train,1
FaceForensics++_C23\FaceShifter/276_185.mp4,331,300,31,9,22,False,20,"[317, 314, 316, 303, 315, 301, 308, 328, 310, 306, 318, 302, 300, 330, 319, 305, 324, 0, 323, 304]",FaceShifter,train,1
FaceForensics++_C23\FaceShifter/277_335.mp4,966,958,8,3,5,True,8,"[407, 415, 413, 408, 414, 409, 412, 0]",FaceShifter,train,1
FaceForensics++_C23\FaceShifter/278_306.mp4,449,448,1,0,1,True,1,[0],FaceShifter,test,1
FaceForensics++_C23\FaceShifter/279_298.mp4,906,902,4,1,3,True,4,"[0, 1, 13, 14]",FaceShifter,train,1
FaceForensics++_C23\FaceShifter/280_249.mp4,606,605,1,0,1,True,1,[0],FaceShifter,test,1
FaceForensics++_C23\FaceShifter/281_474.mp4,309,308,1,0,1,True,1,[0],FaceShifter,train,1
FaceForensics++_C23\FaceShifter/282_238.mp4,594,593,1,0,1,True,1,[0],FaceShifter,train,1
FaceForensics++_C23\FaceShifter/283_313.mp4,966,965,1,0,1,True,1,[0],FaceShifter,train,1
FaceForensics++_C23\FaceShifter/284_263.mp4,483,433,50,15,35,False,20,"[119, 114, 63, 61, 113, 1, 0, 112, 2, 42, 3, 65, 60, 246, 245, 64, 62, 120, 66, 220]",FaceShifter,val,1
FaceForensics++_C23\FaceShifter/285_136.mp4,383,382,1,0,1,True,1,[0],FaceShifter,train,1
FaceForensics++_C23\FaceShifter/286_267.mp4,668,667,1,0,1,True,1,[0],FaceShifter,train,1
FaceForensics++_C23\FaceShifter/287_426.mp4,475,441,34,10,24,False,20,"[0, 73, 436, 74, 72, 44, 45, 76, 75, 354, 356, 376, 383, 368, 380, 378, 374, 355, 338, 352]",FaceShifter,train,1
FaceForensics++_C23\FaceShifter/288_321.mp4,543,542,1,0,1,True,1,[0],FaceShifter,test,1
FaceForensics++_C23\FaceShifter/289_228.mp4,597,596,1,0,1,True,1,[0],FaceShifter,train,1
FaceForensics++_C23\FaceShifter/290_240.mp4,422,412,10,3,7,True,10,"[0, 153, 25, 136, 39, 41, 24, 40, 22, 23]",FaceShifter,train,1
FaceForensics++_C23\FaceShifter/291_874.mp4,330,327,3,1,2,True,3,"[0, 58, 59]",FaceShifter,train,1
FaceForensics++_C23\FaceShifter/292_294.mp4,425,424,1,0,1,True,1,[0],FaceShifter,train,1
FaceForensics++_C23\FaceShifter/293_296.mp4,758,742,16,5,11,True,16,"[209, 210, 141, 211, 140, 139, 137, 124, 128, 125, 131, 129, 127, 126, 130, 0]",FaceShifter,train,1
FaceForensics++_C23\FaceShifter/294_292.mp4,604,603,1,0,1,True,1,[0],FaceShifter,train,1
FaceForensics++_C23\FaceShifter/295_099.mp4,411,410,1,0,1,True,1,[0],FaceShifter,train,1
FaceForensics++_C23\FaceShifter/296_293.mp4,336,335,1,0,1,True,1,[0],FaceShifter,train,1
FaceForensics++_C23\FaceShifter/297_270.mp4,390,389,1,0,1,True,1,[0],FaceShifter,train,1
FaceForensics++_C23\FaceShifter/298_279.mp4,569,567,2,1,1,True,2,"[0, 568]",FaceShifter,train,1
FaceForensics++_C23\FaceShifter/299_145.mp4,314,310,4,1,3,True,4,"[0, 116, 203, 198]",FaceShifter,val,1
FaceForensics++_C23\FaceShifter/300_304.mp4,598,593,5,2,3,True,5,"[396, 61, 63, 398, 0]",FaceShifter,train,1
FaceForensics++_C23\FaceShifter/301_262.mp4,763,753,10,3,7,True,10,"[101, 65, 554, 0, 272, 207, 267, 17, 666, 123]",FaceShifter,train,1
FaceForensics++_C23\FaceShifter/302_323.mp4,875,874,1,0,1,True,1,[0],FaceShifter,train,1
FaceForensics++_C23\FaceShifter/303_309.mp4,571,569,2,1,1,True,2,"[290, 0]",FaceShifter,train,1
FaceForensics++_C23\FaceShifter/304_300.mp4,610,609,1,0,1,True,1,[0],FaceShifter,train,1
FaceForensics++_C23\FaceShifter/305_513.mp4,843,842,1,0,1,True,1,[0],FaceShifter,train,1
FaceForensics++_C23\FaceShifter/306_278.mp4,728,727,1,0,1,True,1,[0],FaceShifter,test,1
FaceForensics++_C23\FaceShifter/307_365.mp4,378,377,1,0,1,True,1,[0],FaceShifter,train,1
FaceForensics++_C23\FaceShifter/308_388.mp4,502,500,2,1,1,True,2,"[0, 350]",FaceShifter,test,1
FaceForensics++_C23\FaceShifter/309_303.mp4,850,849,1,0,1,True,1,[0],FaceShifter,train,1
FaceForensics++_C23\FaceShifter/310_196.mp4,375,374,1,0,1,True,1,[0],FaceShifter,train,1
FaceForensics++_C23\FaceShifter/311_387.mp4,368,367,1,0,1,True,1,[0],FaceShifter,train,1
FaceForensics++_C23\FaceShifter/312_021.mp4,428,426,2,1,1,True,2,"[287, 0]",FaceShifter,train,1
FaceForensics++_C23\FaceShifter/313_283.mp4,481,477,4,1,3,True,4,"[0, 10, 11, 12]",FaceShifter,train,1
FaceForensics++_C23\FaceShifter/314_347.mp4,413,412,1,0,1,True,1,[0],FaceShifter,test,1
FaceForensics++_C23\FaceShifter/315_322.mp4,304,297,7,2,5,True,7,"[294, 0, 295, 289, 113, 288, 112]",FaceShifter,train,1
FaceForensics++_C23\FaceShifter/316_369.mp4,566,565,1,0,1,True,1,[0],FaceShifter,val,1
FaceForensics++_C23\FaceShifter/317_359.mp4,682,681,1,0,1,True,1,[0],FaceShifter,train,1
FaceForensics++_C23\FaceShifter/318_334.mp4,475,473,2,1,1,True,2,"[0, 474]",FaceShifter,train,1
FaceForensics++_C23\FaceShifter/319_352.mp4,717,716,1,0,1,True,1,[0],FaceShifter,test,1
FaceForensics++_C23\FaceShifter/320_328.mp4,504,482,22,7,15,True,20,"[318, 412, 469, 7, 470, 291, 358, 352, 55, 442, 56, 472, 331, 460, 285, 267, 265, 312, 195, 0]",FaceShifter,train,1
FaceForensics++_C23\FaceShifter/321_288.mp4,567,566,1,0,1,True,1,[0],FaceShifter,test,1
FaceForensics++_C23\FaceShifter/322_315.mp4,313,312,1,0,1,True,1,[0],FaceShifter,train,1
FaceForensics++_C23\FaceShifter/323_302.mp4,456,455,1,0,1,True,1,[0],FaceShifter,train,1
FaceForensics++_C23\FaceShifter/324_356.mp4,1249,1217,32,10,22,False,20,"[0, 878, 1040, 1041, 1048, 1044, 1231, 1043, 1039, 1046, 316, 332, 319, 1042, 334, 318, 333, 325, 335, 331]",FaceShifter,train,1
FaceForensics++_C23\FaceShifter/325_492.mp4,1421,1281,140,42,98,False,20,"[814, 813, 595, 594, 1069, 322, 319, 681, 327, 962, 325, 242, 241, 328, 961, 310, 379, 329, 330, 373]",FaceShifter,val,1
FaceForensics++_C23\FaceShifter/326_501.mp4,914,912,2,1,1,True,2,"[163, 0]",FaceShifter,train,1
FaceForensics++_C23\FaceShifter/327_329.mp4,495,489,6,2,4,True,6,"[0, 277, 143, 140, 275, 417]",FaceShifter,train,1
FaceForensics++_C23\FaceShifter/328_320.mp4,319,315,4,1,3,True,4,"[148, 147, 149, 0]",FaceShifter,train,1
FaceForensics++_C23\FaceShifter/329_327.mp4,415,414,1,0,1,True,1,[0],FaceShifter,train,1
FaceForensics++_C23\FaceShifter/330_162.mp4,407,399,8,3,5,True,8,"[0, 350, 349, 402, 403, 406, 404, 405]",FaceShifter,train,1
FaceForensics++_C23\FaceShifter/331_260.mp4,469,468,1,0,1,True,1,[0],FaceShifter,train,1
FaceForensics++_C23\FaceShifter/332_051.mp4,695,502,193,58,135,False,20,"[0, 412, 628, 461, 311, 313, 320, 322, 312, 321, 316, 317, 323, 319, 318, 314, 315, 324, 566, 219]",FaceShifter,train,1
FaceForensics++_C23\FaceShifter/333_377.mp4,429,426,3,1,2,True,3,"[0, 427, 428]",FaceShifter,train,1
FaceForensics++_C23\FaceShifter/334_318.mp4,1339,1338,1,0,1,True,1,[0],FaceShifter,train,1
FaceForensics++_C23\FaceShifter/335_277.mp4,384,383,1,0,1,True,1,[0],FaceShifter,train,1
FaceForensics++_C23\FaceShifter/336_338.mp4,507,506,1,0,1,True,1,[0],FaceShifter,train,1
FaceForensics++_C23\FaceShifter/337_522.mp4,331,324,7,2,5,True,7,"[0, 4, 136, 311, 39, 34, 49]",FaceShifter,train,1
FaceForensics++_C23\FaceShifter/338_336.mp4,889,888,1,0,1,True,1,[0],FaceShifter,train,1
FaceForensics++_C23\FaceShifter/339_392.mp4,457,454,3,1,2,True,3,"[373, 0, 372]",FaceShifter,train,1
FaceForensics++_C23\FaceShifter/340_341.mp4,293,291,2,2,0,True,2,"[292, 0]",FaceShifter,train,1
FaceForensics++_C23\FaceShifter/341_340.mp4,827,781,46,14,32,False,20,"[0, 52, 53, 826, 512, 51, 750, 496, 44, 41, 42, 709, 755, 710, 753, 754, 711, 756, 689, 38]",FaceShifter,train,1
FaceForensics++_C23\FaceShifter/342_416.mp4,302,301,1,0,1,True,1,[0],FaceShifter,val,1
FaceForensics++_C23\FaceShifter/343_363.mp4,299,298,1,0,1,True,1,[0],FaceShifter,train,1
FaceForensics++_C23\FaceShifter/344_020.mp4,631,630,1,0,1,True,1,[0],FaceShifter,train,1
FaceForensics++_C23\FaceShifter/345_259.mp4,423,422,1,0,1,True,1,[0],FaceShifter,train,1
FaceForensics++_C23\FaceShifter/346_351.mp4,615,614,1,0,1,True,1,[0],FaceShifter,train,1
FaceForensics++_C23\FaceShifter/347_314.mp4,458,457,1,0,1,True,1,[0],FaceShifter,test,1
FaceForensics++_C23\FaceShifter/348_202.mp4,414,413,1,0,1,True,1,[0],FaceShifter,train,1
FaceForensics++_C23\FaceShifter/349_350.mp4,471,470,1,0,1,True,1,[0],FaceShifter,val,1
FaceForensics++_C23\FaceShifter/350_349.mp4,405,404,1,0,1,True,1,[0],FaceShifter,val,1
FaceForensics++_C23\FaceShifter/351_346.mp4,684,683,1,0,1,True,1,[0],FaceShifter,train,1
FaceForensics++_C23\FaceShifter/352_319.mp4,421,419,2,1,1,True,2,"[151, 0]",FaceShifter,test,1
FaceForensics++_C23\FaceShifter/353_383.mp4,358,357,1,0,1,True,1,[0],FaceShifter,train,1
FaceForensics++_C23\FaceShifter/354_362.mp4,460,459,1,0,1,True,1,[0],FaceShifter,val,1
FaceForensics++_C23\FaceShifter/355_748.mp4,499,485,14,4,10,True,14,"[449, 37, 38, 39, 36, 33, 35, 32, 30, 28, 26, 29, 27, 0]",FaceShifter,train,1
FaceForensics++_C23\FaceShifter/356_324.mp4,558,524,34,10,24,False,20,"[233, 232, 463, 0, 204, 205, 201, 203, 202, 256, 198, 200, 199, 197, 206, 193, 191, 192, 190, 82]",FaceShifter,train,1
FaceForensics++_C23\FaceShifter/357_432.mp4,346,345,1,0,1,True,1,[0],FaceShifter,train,1
FaceForensics++_C23\FaceShifter/358_380.mp4,534,533,1,0,1,True,1,[0],FaceShifter,test,1
FaceForensics++_C23\FaceShifter/359_317.mp4,456,454,2,1,1,True,2,"[0, 224]",FaceShifter,train,1
FaceForensics++_C23\FaceShifter/360_437.mp4,385,372,13,4,9,True,13,"[355, 338, 103, 339, 102, 194, 337, 302, 303, 301, 176, 0, 177]",FaceShifter,train,1
FaceForensics++_C23\FaceShifter/361_448.mp4,455,416,39,12,27,False,20,"[0, 172, 140, 166, 38, 37, 36, 170, 171, 443, 364, 444, 445, 365, 446, 447, 448, 408, 398, 395]",FaceShifter,train,1
FaceForensics++_C23\FaceShifter/362_354.mp4,455,454,1,0,1,True,1,[0],FaceShifter,val,1
FaceForensics++_C23\FaceShifter/363_343.mp4,473,463,10,3,7,True,10,"[15, 132, 0, 341, 343, 344, 342, 340, 345, 339]",FaceShifter,train,1
FaceForensics++_C23\FaceShifter/364_440.mp4,648,647,1,0,1,True,1,[0],FaceShifter,val,1
FaceForensics++_C23\FaceShifter/365_307.mp4,369,368,1,0,1,True,1,[0],FaceShifter,train,1
FaceForensics++_C23\FaceShifter/366_473.mp4,404,397,7,2,5,True,7,"[50, 0, 369, 370, 403, 373, 371]",FaceShifter,train,1
FaceForensics++_C23\FaceShifter/367_371.mp4,649,648,1,0,1,True,1,[0],FaceShifter,test,1
FaceForensics++_C23\FaceShifter/368_378.mp4,761,758,3,1,2,True,3,"[0, 538, 541]",FaceShifter,train,1
FaceForensics++_C23\FaceShifter/369_316.mp4,320,319,1,0,1,True,1,[0],FaceShifter,val,1
FaceForensics++_C23\FaceShifter/370_483.mp4,396,371,25,8,17,True,20,"[0, 249, 250, 251, 252, 253, 254, 255, 277, 256, 276, 275, 274, 257, 273, 272, 258, 271, 270, 259]",FaceShifter,val,1
FaceForensics++_C23\FaceShifter/371_367.mp4,718,717,1,0,1,True,1,[0],FaceShifter,test,1
FaceForensics++_C23\FaceShifter/372_413.mp4,486,485,1,0,1,True,1,[0],FaceShifter,train,1
FaceForensics++_C23\FaceShifter/373_394.mp4,602,601,1,0,1,True,1,[0],FaceShifter,train,1
FaceForensics++_C23\FaceShifter/374_407.mp4,586,585,1,0,1,True,1,[0],FaceShifter,train,1
FaceForensics++_C23\FaceShifter/375_251.mp4,353,352,1,0,1,True,1,[0],FaceShifter,train,1
FaceForensics++_C23\FaceShifter/376_381.mp4,515,512,3,1,2,True,3,"[513, 0, 514]",FaceShifter,test,1
FaceForensics++_C23\FaceShifter/377_333.mp4,398,397,1,0,1,True,1,[0],FaceShifter,train,1
FaceForensics++_C23\FaceShifter/378_368.mp4,761,757,4,1,3,True,4,"[304, 699, 0, 529]",FaceShifter,train,1
FaceForensics++_C23\FaceShifter/379_158.mp4,341,319,22,7,15,True,20,"[47, 257, 259, 258, 198, 195, 196, 194, 55, 199, 260, 261, 54, 53, 0, 50, 197, 262, 254, 67]",FaceShifter,test,1
FaceForensics++_C23\FaceShifter/380_358.mp4,455,454,1,0,1,True,1,[0],FaceShifter,test,1
FaceForensics++_C23\FaceShifter/381_376.mp4,578,576,2,1,1,True,2,"[571, 0]",FaceShifter,test,1
FaceForensics++_C23\FaceShifter/382_409.mp4,313,312,1,0,1,True,1,[0],FaceShifter,train,1
FaceForensics++_C23\FaceShifter/383_353.mp4,465,464,1,0,1,True,1,[0],FaceShifter,train,1
FaceForensics++_C23\FaceShifter/384_932.mp4,462,461,1,0,1,True,1,[0],FaceShifter,test,1
FaceForensics++_C23\FaceShifter/385_414.mp4,349,326,23,7,16,True,20,"[348, 253, 254, 252, 0, 251, 232, 246, 247, 231, 248, 249, 230, 229, 256, 227, 228, 255, 258, 257]",FaceShifter,train,1
FaceForensics++_C23\FaceShifter/386_154.mp4,449,446,3,1,2,True,3,"[447, 448, 0]",FaceShifter,test,1
FaceForensics++_C23\FaceShifter/387_311.mp4,528,527,1,0,1,True,1,[0],FaceShifter,train,1
FaceForensics++_C23\FaceShifter/388_308.mp4,636,631,5,2,3,True,5,"[0, 69, 75, 74, 158]",FaceShifter,test,1
FaceForensics++_C23\FaceShifter/389_480.mp4,314,313,1,0,1,True,1,[0],FaceShifter,test,1
FaceForensics++_C23\FaceShifter/390_709.mp4,809,757,52,16,36,False,20,"[410, 742, 422, 535, 356, 657, 650, 386, 357, 382, 390, 806, 611, 599, 778, 603, 803, 384, 462, 125]",FaceShifter,train,1
FaceForensics++_C23\FaceShifter/391_406.mp4,547,546,1,0,1,True,1,[0],FaceShifter,train,1
FaceForensics++_C23\FaceShifter/392_339.mp4,1496,1491,5,2,3,True,5,"[284, 0, 443, 814, 815]",FaceShifter,train,1
FaceForensics++_C23\FaceShifter/393_405.mp4,579,578,1,0,1,True,1,[0],FaceShifter,train,1
FaceForensics++_C23\FaceShifter/394_373.mp4,420,419,1,0,1,True,1,[0],FaceShifter,train,1
FaceForensics++_C23\FaceShifter/395_401.mp4,448,446,2,1,1,True,2,"[0, 447]",FaceShifter,train,1
FaceForensics++_C23\FaceShifter/396_272.mp4,525,524,1,0,1,True,1,[0],FaceShifter,train,1
FaceForensics++_C23\FaceShifter/397_602.mp4,355,304,51,15,36,False,20,"[0, 283, 281, 285, 284, 279, 282, 287, 44, 257, 256, 286, 28, 255, 98, 30, 81, 46, 83, 280]",FaceShifter,train,1
FaceForensics++_C23\FaceShifter/398_457.mp4,582,581,1,0,1,True,1,[0],FaceShifter,train,1
FaceForensics++_C23\FaceShifter/399_488.mp4,862,861,1,0,1,True,1,[0],FaceShifter,test,1
FaceForensics++_C23\FaceShifter/400_476.mp4,357,356,1,0,1,True,1,[0],FaceShifter,train,1
FaceForensics++_C23\FaceShifter/401_395.mp4,492,491,1,0,1,True,1,[0],FaceShifter,train,1
FaceForensics++_C23\FaceShifter/402_453.mp4,423,403,20,6,14,True,20,"[132, 133, 0, 131, 127, 50, 66, 59, 299, 52, 60, 55, 53, 57, 51, 129, 54, 58, 56, 130]",FaceShifter,val,1
FaceForensics++_C23\FaceShifter/403_497.mp4,707,605,102,31,71,False,20,"[0, 523, 503, 526, 533, 506, 265, 508, 302, 318, 242, 241, 413, 519, 614, 581, 524, 532, 562, 527]",FaceShifter,train,1
FaceForensics++_C23\FaceShifter/404_429.mp4,798,515,283,85,198,False,20,"[267, 283, 285, 287, 282, 173, 284, 286, 4, 6, 5, 7, 3, 2, 0, 1, 708, 711, 705, 384]",FaceShifter,test,1
FaceForensics++_C23\FaceShifter/405_393.mp4,531,530,1,0,1,True,1,[0],FaceShifter,train,1
FaceForensics++_C23\FaceShifter/406_391.mp4,512,505,7,2,5,True,7,"[0, 14, 17, 12, 13, 15, 16]",FaceShifter,train,1
FaceForensics++_C23\FaceShifter/407_374.mp4,504,503,1,0,1,True,1,[0],FaceShifter,train,1
FaceForensics++_C23\FaceShifter/408_424.mp4,306,168,138,42,96,False,20,"[48, 98, 97, 108, 71, 63, 78, 72, 80, 75, 73, 76, 42, 81, 79, 82, 99, 67, 53, 77]",FaceShifter,train,1
FaceForensics++_C23\FaceShifter/409_382.mp4,361,360,1,0,1,True,1,[0],FaceShifter,train,1
FaceForensics++_C23\FaceShifter/410_411.mp4,459,458,1,0,1,True,1,[0],FaceShifter,train,1
FaceForensics++_C23\FaceShifter/411_410.mp4,529,456,73,22,51,False,20,"[179, 181, 216, 178, 177, 224, 225, 65, 460, 500, 220, 183, 229, 0, 182, 499, 217, 196, 492, 218]",FaceShifter,train,1
FaceForensics++_C23\FaceShifter/412_274.mp4,572,570,2,1,1,True,2,"[571, 0]",FaceShifter,train,1
FaceForensics++_C23\FaceShifter/413_372.mp4,379,378,1,0,1,True,1,[0],FaceShifter,train,1
FaceForensics++_C23\FaceShifter/414_385.mp4,587,586,1,0,1,True,1,[0],FaceShifter,train,1
FaceForensics++_C23\FaceShifter/415_484.mp4,563,562,1,0,1,True,1,[0],FaceShifter,train,1
FaceForensics++_C23\FaceShifter/416_342.mp4,313,312,1,0,1,True,1,[0],FaceShifter,val,1
FaceForensics++_C23\FaceShifter/417_496.mp4,861,825,36,11,25,False,20,"[0, 3, 256, 4, 274, 13, 6, 255, 581, 5, 305, 7, 306, 14, 603, 307, 584, 273, 624, 299]",FaceShifter,train,1
FaceForensics++_C23\FaceShifter/418_507.mp4,319,318,1,0,1,True,1,[0],FaceShifter,test,1
FaceForensics++_C23\FaceShifter/419_824.mp4,487,486,1,0,1,True,1,[0],FaceShifter,val,1
FaceForensics++_C23\FaceShifter/420_257.mp4,1126,1121,5,2,3,True,5,"[535, 0, 561, 536, 562]",FaceShifter,test,1
FaceForensics++_C23\FaceShifter/421_423.mp4,1038,1037,1,0,1,True,1,[0],FaceShifter,test,1
FaceForensics++_C23\FaceShifter/422_695.mp4,316,263,53,16,37,False,20,"[191, 193, 169, 122, 189, 123, 121, 194, 190, 124, 192, 12, 14, 125, 8, 6, 10, 11, 44, 43]",FaceShifter,test,1
FaceForensics++_C23\FaceShifter/423_421.mp4,1814,1813,1,0,1,True,1,[0],FaceShifter,test,1
FaceForensics++_C23\FaceShifter/424_408.mp4,311,309,2,1,1,True,2,"[0, 10]",FaceShifter,train,1
FaceForensics++_C23\FaceShifter/425_485.mp4,336,333,3,1,2,True,3,"[334, 335, 0]",FaceShifter,test,1
FaceForensics++_C23\FaceShifter/426_287.mp4,335,297,38,12,26,False,20,"[0, 125, 306, 297, 232, 308, 307, 230, 100, 127, 225, 126, 99, 314, 97, 95, 128, 231, 89, 93]",FaceShifter,train,1
FaceForensics++_C23\FaceShifter/427_637.mp4,468,467,1,0,1,True,1,[0],FaceShifter,train,1
FaceForensics++_C23\FaceShifter/428_466.mp4,540,539,1,0,1,True,1,[0],FaceShifter,train,1
FaceForensics++_C23\FaceShifter/429_404.mp4,457,453,4,1,3,True,4,"[0, 317, 318, 319]",FaceShifter,test,1
FaceForensics++_C23\FaceShifter/430_459.mp4,357,355,2,1,1,True,2,"[0, 162]",FaceShifter,train,1
FaceForensics++_C23\FaceShifter/431_447.mp4,616,615,1,0,1,True,1,[0],FaceShifter,train,1
FaceForensics++_C23\FaceShifter/432_357.mp4,360,359,1,0,1,True,1,[0],FaceShifter,train,1
FaceForensics++_C23\FaceShifter/433_498.mp4,532,531,1,0,1,True,1,[0],FaceShifter,train,1
FaceForensics++_C23\FaceShifter/434_438.mp4,337,336,1,0,1,True,1,[0],FaceShifter,train,1
FaceForensics++_C23\FaceShifter/435_456.mp4,476,463,13,4,9,True,13,"[111, 110, 22, 20, 21, 18, 19, 395, 17, 396, 16, 14, 0]",FaceShifter,train,1
FaceForensics++_C23\FaceShifter/436_526.mp4,518,475,43,13,30,False,20,"[497, 291, 339, 348, 346, 353, 351, 310, 317, 315, 331, 319, 311, 333, 325, 329, 320, 334, 324, 314]",FaceShifter,train,1
FaceForensics++_C23\FaceShifter/437_360.mp4,593,537,56,17,39,False,20,"[292, 505, 0, 529, 355, 367, 196, 472, 313, 537, 363, 301, 531, 187, 259, 71, 547, 397, 189, 545]",FaceShifter,train,1
FaceForensics++_C23\FaceShifter/438_434.mp4,542,541,1,0,1,True,1,[0],FaceShifter,train,1
FaceForensics++_C23\FaceShifter/439_441.mp4,462,460,2,1,1,True,2,"[174, 0]",FaceShifter,train,1
FaceForensics++_C23\FaceShifter/440_364.mp4,419,414,5,2,3,True,5,"[97, 76, 77, 98, 0]",FaceShifter,val,1
FaceForensics++_C23\FaceShifter/441_439.mp4,305,299,6,2,4,True,6,"[124, 0, 53, 63, 57, 67]",FaceShifter,train,1
FaceForensics++_C23\FaceShifter/442_195.mp4,355,309,46,14,32,False,20,"[9, 10, 0, 1, 8, 4, 2, 3, 7, 5, 11, 6, 13, 15, 16, 12, 14, 22, 19, 18]",FaceShifter,train,1
FaceForensics++_C23\FaceShifter/443_514.mp4,1146,1145,1,0,1,True,1,[0],FaceShifter,val,1
FaceForensics++_C23\FaceShifter/444_655.mp4,437,436,1,0,1,True,1,[0],FaceShifter,train,1
FaceForensics++_C23\FaceShifter/445_494.mp4,1053,1052,1,0,1,True,1,[0],FaceShifter,test,1
FaceForensics++_C23\FaceShifter/446_667.mp4,423,414,9,3,6,True,9,"[1, 0, 359, 153, 156, 155, 2, 154, 220]",FaceShifter,train,1
FaceForensics++_C23\FaceShifter/447_431.mp4,326,325,1,0,1,True,1,[0],FaceShifter,train,1
FaceForensics++_C23\FaceShifter/448_361.mp4,528,527,1,0,1,True,1,[0],FaceShifter,train,1
FaceForensics++_C23\FaceShifter/449_451.mp4,306,304,2,2,0,True,2,"[305, 0]",FaceShifter,train,1
FaceForensics++_C23\FaceShifter/450_533.mp4,774,768,6,2,4,True,6,"[639, 638, 0, 637, 636, 635]",FaceShifter,train,1
FaceForensics++_C23\FaceShifter/451_449.mp4,383,382,1,0,1,True,1,[0],FaceShifter,train,1
FaceForensics++_C23\FaceShifter/452_550.mp4,606,605,1,0,1,True,1,[0],FaceShifter,test,1
FaceForensics++_C23\FaceShifter/453_402.mp4,645,643,2,1,1,True,2,"[186, 0]",FaceShifter,val,1
FaceForensics++_C23\FaceShifter/454_527.mp4,384,364,20,6,14,True,20,"[239, 238, 236, 237, 0, 380, 377, 381, 376, 382, 383, 373, 374, 375, 366, 369, 368, 372, 367, 370]",FaceShifter,test,1
FaceForensics++_C23\FaceShifter/455_471.mp4,370,156,214,64,150,False,20,"[0, 347, 344, 335, 329, 282, 281, 219, 3, 14, 334, 12, 343, 285, 353, 13, 222, 276, 259, 2]",FaceShifter,val,1
FaceForensics++_C23\FaceShifter/456_435.mp4,608,602,6,2,4,True,6,"[322, 0, 214, 90, 420, 502]",FaceShifter,train,1
FaceForensics++_C23\FaceShifter/457_398.mp4,528,526,2,1,1,True,2,"[192, 0]",FaceShifter,train,1
FaceForensics++_C23\FaceShifter/458_722.mp4,351,350,1,0,1,True,1,[0],FaceShifter,train,1
FaceForensics++_C23\FaceShifter/459_430.mp4,526,521,5,2,3,True,5,"[328, 303, 302, 304, 0]",FaceShifter,train,1
FaceForensics++_C23\FaceShifter/460_678.mp4,640,635,5,2,3,True,5,"[0, 604, 605, 603, 602]",FaceShifter,train,1
FaceForensics++_C23\FaceShifter/461_250.mp4,612,610,2,1,1,True,2,"[611, 0]",FaceShifter,train,1
FaceForensics++_C23\FaceShifter/462_467.mp4,585,584,1,0,1,True,1,[0],FaceShifter,test,1
FaceForensics++_C23\FaceShifter/463_464.mp4,315,279,36,11,25,False,20,"[213, 203, 210, 201, 202, 211, 204, 205, 82, 209, 80, 216, 207, 208, 212, 81, 272, 217, 215, 143]",FaceShifter,train,1
FaceForensics++_C23\FaceShifter/464_463.mp4,404,402,2,1,1,True,2,"[0, 143]",FaceShifter,train,1
FaceForensics++_C23\FaceShifter/465_482.mp4,329,328,1,0,1,True,1,[0],FaceShifter,val,1
FaceForensics++_C23\FaceShifter/466_428.mp4,334,329,5,2,3,True,5,"[280, 333, 332, 0, 129]",FaceShifter,train,1
FaceForensics++_C23\FaceShifter/467_462.mp4,423,422,1,0,1,True,1,[0],FaceShifter,test,1
FaceForensics++_C23\FaceShifter/468_470.mp4,597,596,1,0,1,True,1,[0],FaceShifter,val,1
FaceForensics++_C23\FaceShifter/469_481.mp4,414,397,17,5,12,True,17,"[0, 44, 45, 52, 46, 330, 408, 327, 386, 331, 328, 329, 47, 51, 388, 35, 123]",FaceShifter,train,1
FaceForensics++_C23\FaceShifter/470_468.mp4,905,904,1,0,1,True,1,[0],FaceShifter,val,1
FaceForensics++_C23\FaceShifter/471_455.mp4,540,539,1,0,1,True,1,[0],FaceShifter,val,1
FaceForensics++_C23\FaceShifter/472_511.mp4,479,478,1,0,1,True,1,[0],FaceShifter,val,1
FaceForensics++_C23\FaceShifter/473_366.mp4,574,573,1,0,1,True,1,[0],FaceShifter,train,1
FaceForensics++_C23\FaceShifter/474_281.mp4,296,66,230,69,161,False,20,"[103, 110, 90, 105, 104, 94, 92, 114, 98, 108, 100, 109, 88, 112, 113, 78, 102, 93, 194, 107]",FaceShifter,train,1
FaceForensics++_C23\FaceShifter/475_265.mp4,337,335,2,1,1,True,2,"[50, 0]",FaceShifter,train,1
FaceForensics++_C23\FaceShifter/476_400.mp4,310,249,61,18,43,False,20,"[0, 64, 9, 109, 115, 113, 34, 254, 89, 252, 256, 114, 94, 74, 119, 255, 84, 111, 253, 294]",FaceShifter,train,1
FaceForensics++_C23\FaceShifter/477_487.mp4,365,354,11,3,8,True,11,"[0, 23, 322, 321, 315, 318, 320, 323, 316, 319, 317]",FaceShifter,train,1
FaceForensics++_C23\FaceShifter/478_506.mp4,749,748,1,0,1,True,1,[0],FaceShifter,train,1
FaceForensics++_C23\FaceShifter/479_706.mp4,488,486,2,1,1,True,2,"[0, 312]",FaceShifter,test,1
FaceForensics++_C23\FaceShifter/480_389.mp4,485,484,1,0,1,True,1,[0],FaceShifter,test,1
FaceForensics++_C23\FaceShifter/481_469.mp4,414,400,14,4,10,True,14,"[0, 355, 228, 356, 227, 168, 167, 52, 49, 51, 177, 169, 53, 50]",FaceShifter,train,1
FaceForensics++_C23\FaceShifter/482_465.mp4,354,287,67,20,47,False,20,"[334, 212, 332, 169, 168, 290, 333, 338, 211, 0, 232, 335, 342, 292, 214, 229, 230, 336, 235, 213]",FaceShifter,val,1
FaceForensics++_C23\FaceShifter/483_370.mp4,375,374,1,0,1,True,1,[0],FaceShifter,val,1
FaceForensics++_C23\FaceShifter/484_415.mp4,319,318,1,0,1,True,1,[0],FaceShifter,train,1
FaceForensics++_C23\FaceShifter/485_425.mp4,803,802,1,0,1,True,1,[0],FaceShifter,test,1
FaceForensics++_C23\FaceShifter/486_680.mp4,564,563,1,0,1,True,1,[0],FaceShifter,train,1
FaceForensics++_C23\FaceShifter/487_477.mp4,319,318,1,0,1,True,1,[0],FaceShifter,train,1
FaceForensics++_C23\FaceShifter/488_399.mp4,518,513,5,2,3,True,5,"[64, 82, 514, 46, 0]",FaceShifter,test,1
FaceForensics++_C23\FaceShifter/489_022.mp4,566,562,4,1,3,True,4,"[6, 3, 0, 1]",FaceShifter,train,1
FaceForensics++_C23\FaceShifter/490_534.mp4,635,634,1,0,1,True,1,[0],FaceShifter,train,1
FaceForensics++_C23\FaceShifter/491_226.mp4,427,426,1,0,1,True,1,[0],FaceShifter,train,1
FaceForensics++_C23\FaceShifter/492_325.mp4,347,346,1,0,1,True,1,[0],FaceShifter,val,1
FaceForensics++_C23\FaceShifter/493_538.mp4,395,392,3,1,2,True,3,"[386, 0, 387]",FaceShifter,val,1
FaceForensics++_C23\FaceShifter/494_445.mp4,802,801,1,0,1,True,1,[0],FaceShifter,test,1
FaceForensics++_C23\FaceShifter/495_512.mp4,573,571,2,1,1,True,2,"[0, 43]",FaceShifter,train,1
FaceForensics++_C23\FaceShifter/496_417.mp4,1496,1491,5,2,3,True,5,"[0, 1022, 882, 1021, 957]",FaceShifter,train,1
FaceForensics++_C23\FaceShifter/497_403.mp4,621,619,2,1,1,True,2,"[0, 145]",FaceShifter,train,1
FaceForensics++_C23\FaceShifter/498_433.mp4,317,316,1,0,1,True,1,[0],FaceShifter,train,1
FaceForensics++_C23\FaceShifter/499_539.mp4,514,510,4,1,3,True,4,"[302, 0, 37, 36]",FaceShifter,train,1
FaceForensics++_C23\FaceShifter/500_592.mp4,292,291,1,0,1,True,1,[0],FaceShifter,train,1
FaceForensics++_C23\FaceShifter/501_326.mp4,522,521,1,0,1,True,1,[0],FaceShifter,train,1
FaceForensics++_C23\FaceShifter/502_504.mp4,317,315,2,1,1,True,2,"[0, 36]",FaceShifter,train,1
FaceForensics++_C23\FaceShifter/503_756.mp4,674,673,1,0,1,True,1,[0],FaceShifter,train,1
FaceForensics++_C23\FaceShifter/504_502.mp4,317,316,1,0,1,True,1,[0],FaceShifter,train,1
FaceForensics++_C23\FaceShifter/505_600.mp4,543,540,3,1,2,True,3,"[0, 532, 538]",FaceShifter,train,1
FaceForensics++_C23\FaceShifter/506_478.mp4,668,667,1,0,1,True,1,[0],FaceShifter,train,1
FaceForensics++_C23\FaceShifter/507_418.mp4,469,457,12,4,8,True,12,"[403, 154, 409, 173, 228, 174, 280, 279, 278, 153, 0, 227]",FaceShifter,test,1
FaceForensics++_C23\FaceShifter/508_831.mp4,603,597,6,2,4,True,6,"[590, 362, 592, 363, 589, 0]",FaceShifter,train,1
FaceForensics++_C23\FaceShifter/509_525.mp4,563,440,123,37,86,False,20,"[128, 136, 116, 144, 124, 140, 125, 120, 76, 126, 72, 122, 127, 123, 114, 135, 156, 80, 132, 172]",FaceShifter,train,1
FaceForensics++_C23\FaceShifter/510_528.mp4,340,256,84,25,59,False,20,"[0, 108, 60, 122, 105, 107, 83, 84, 109, 85, 316, 307, 315, 317, 86, 88, 318, 87, 319, 61]",FaceShifter,train,1
FaceForensics++_C23\FaceShifter/511_472.mp4,809,808,1,0,1,True,1,[0],FaceShifter,val,1
FaceForensics++_C23\FaceShifter/512_495.mp4,750,748,2,1,1,True,2,"[0, 146]",FaceShifter,train,1
FaceForensics++_C23\FaceShifter/513_305.mp4,494,489,5,2,3,True,5,"[0, 103, 104, 105, 106]",FaceShifter,train,1
FaceForensics++_C23\FaceShifter/514_443.mp4,361,358,3,1,2,True,3,"[216, 0, 207]",FaceShifter,val,1
FaceForensics++_C23\FaceShifter/515_519.mp4,766,765,1,0,1,True,1,[0],FaceShifter,train,1
FaceForensics++_C23\FaceShifter/516_555.mp4,354,352,2,1,1,True,2,"[0, 248]",FaceShifter,train,1
FaceForensics++_C23\FaceShifter/517_521.mp4,373,372,1,0,1,True,1,[0],FaceShifter,test,1
FaceForensics++_C23\FaceShifter/518_131.mp4,295,294,1,0,1,True,1,[0],FaceShifter,train,1
FaceForensics++_C23\FaceShifter/519_515.mp4,751,750,1,0,1,True,1,[0],FaceShifter,train,1
FaceForensics++_C23\FaceShifter/520_542.mp4,350,349,1,0,1,True,1,[0],FaceShifter,train,1
FaceForensics++_C23\FaceShifter/521_517.mp4,304,303,1,0,1,True,1,[0],FaceShifter,test,1
FaceForensics++_C23\FaceShifter/522_337.mp4,713,712,1,0,1,True,1,[0],FaceShifter,train,1
FaceForensics++_C23\FaceShifter/523_541.mp4,375,374,1,0,1,True,1,[0],FaceShifter,train,1
FaceForensics++_C23\FaceShifter/524_580.mp4,527,526,1,0,1,True,1,[0],FaceShifter,train,1
FaceForensics++_C23\FaceShifter/525_509.mp4,517,516,1,0,1,True,1,[0],FaceShifter,train,1
FaceForensics++_C23\FaceShifter/526_436.mp4,838,837,1,0,1,True,1,[0],FaceShifter,train,1
FaceForensics++_C23\FaceShifter/527_454.mp4,342,334,8,3,5,True,8,"[301, 300, 302, 0, 303, 284, 304, 18]",FaceShifter,test,1
FaceForensics++_C23\FaceShifter/528_510.mp4,377,337,40,12,28,False,20,"[112, 114, 217, 218, 224, 234, 214, 223, 235, 212, 225, 222, 236, 227, 242, 233, 238, 237, 232, 230]",FaceShifter,train,1
FaceForensics++_C23\FaceShifter/529_633.mp4,335,332,3,1,2,True,3,"[334, 10, 0]",FaceShifter,test,1
FaceForensics++_C23\FaceShifter/530_594.mp4,716,712,4,1,3,True,4,"[699, 201, 0, 436]",FaceShifter,train,1
FaceForensics++_C23\FaceShifter/531_549.mp4,319,313,6,2,4,True,6,"[0, 1, 36, 41, 46, 38]",FaceShifter,train,1
FaceForensics++_C23\FaceShifter/532_544.mp4,391,390,1,0,1,True,1,[0],FaceShifter,train,1
FaceForensics++_C23\FaceShifter/533_450.mp4,558,555,3,1,2,True,3,"[0, 536, 237]",FaceShifter,train,1
FaceForensics++_C23\FaceShifter/534_490.mp4,384,382,2,1,1,True,2,"[334, 0]",FaceShifter,train,1
FaceForensics++_C23\FaceShifter/535_587.mp4,667,664,3,1,2,True,3,"[664, 666, 0]",FaceShifter,train,1
FaceForensics++_C23\FaceShifter/536_540.mp4,603,602,1,0,1,True,1,[0],FaceShifter,train,1
FaceForensics++_C23\FaceShifter/537_563.mp4,385,384,1,0,1,True,1,[0],FaceShifter,train,1
FaceForensics++_C23\FaceShifter/538_493.mp4,596,595,1,0,1,True,1,[0],FaceShifter,val,1
FaceForensics++_C23\FaceShifter/539_499.mp4,313,312,1,0,1,True,1,[0],FaceShifter,train,1
FaceForensics++_C23\FaceShifter/540_536.mp4,957,956,1,0,1,True,1,[0],FaceShifter,train,1
FaceForensics++_C23\FaceShifter/541_523.mp4,390,389,1,0,1,True,1,[0],FaceShifter,train,1
FaceForensics++_C23\FaceShifter/542_520.mp4,320,318,2,1,1,True,2,"[0, 319]",FaceShifter,train,1
FaceForensics++_C23\FaceShifter/543_559.mp4,718,713,5,2,3,True,5,"[46, 160, 161, 47, 0]",FaceShifter,train,1
FaceForensics++_C23\FaceShifter/544_532.mp4,355,352,3,1,2,True,3,"[0, 353, 354]",FaceShifter,train,1
FaceForensics++_C23\FaceShifter/545_553.mp4,436,432,4,1,3,True,4,"[0, 365, 364, 363]",FaceShifter,train,1
FaceForensics++_C23\FaceShifter/546_621.mp4,714,712,2,1,1,True,2,"[0, 522]",FaceShifter,train,1
FaceForensics++_C23\FaceShifter/547_574.mp4,496,495,1,0,1,True,1,[0],FaceShifter,train,1
FaceForensics++_C23\FaceShifter/548_632.mp4,573,572,1,0,1,True,1,[0],FaceShifter,val,1
FaceForensics++_C23\FaceShifter/549_531.mp4,624,416,208,63,145,False,20,"[396, 398, 589, 539, 529, 564, 394, 560, 556, 593, 541, 542, 546, 547, 549, 543, 561, 544, 533, 553]",FaceShifter,train,1
FaceForensics++_C23\FaceShifter/550_452.mp4,444,441,3,1,2,True,3,"[0, 442, 443]",FaceShifter,test,1
FaceForensics++_C23\FaceShifter/551_631.mp4,727,726,1,0,1,True,1,[0],FaceShifter,train,1
FaceForensics++_C23\FaceShifter/552_851.mp4,303,300,3,1,2,True,3,"[302, 0, 234]",FaceShifter,test,1
FaceForensics++_C23\FaceShifter/553_545.mp4,364,363,1,0,1,True,1,[0],FaceShifter,train,1
FaceForensics++_C23\FaceShifter/554_572.mp4,828,827,1,0,1,True,1,[0],FaceShifter,train,1
FaceForensics++_C23\FaceShifter/555_516.mp4,572,571,1,0,1,True,1,[0],FaceShifter,train,1
FaceForensics++_C23\FaceShifter/556_588.mp4,372,371,1,0,1,True,1,[0],FaceShifter,train,1
FaceForensics++_C23\FaceShifter/557_560.mp4,509,506,3,1,2,True,3,"[444, 0, 445]",FaceShifter,val,1
FaceForensics++_C23\FaceShifter/558_583.mp4,535,478,57,17,40,False,20,"[8, 7, 471, 4, 6, 5, 250, 73, 254, 298, 0, 2, 3, 346, 252, 253, 74, 292, 75, 255]",FaceShifter,val,1
FaceForensics++_C23\FaceShifter/559_543.mp4,334,333,1,0,1,True,1,[0],FaceShifter,train,1
FaceForensics++_C23\FaceShifter/560_557.mp4,349,347,2,1,1,True,2,"[0, 276]",FaceShifter,val,1
FaceForensics++_C23\FaceShifter/561_998.mp4,416,415,1,0,1,True,1,[0],FaceShifter,train,1
FaceForensics++_C23\FaceShifter/562_626.mp4,467,466,1,0,1,True,1,[0],FaceShifter,train,1
FaceForensics++_C23\FaceShifter/563_537.mp4,390,389,1,0,1,True,1,[0],FaceShifter,train,1
FaceForensics++_C23\FaceShifter/564_971.mp4,648,647,1,0,1,True,1,[0],FaceShifter,val,1
FaceForensics++_C23\FaceShifter/565_589.mp4,430,429,1,0,1,True,1,[0],FaceShifter,val,1
FaceForensics++_C23\FaceShifter/566_617.mp4,723,698,25,8,17,True,20,"[211, 574, 646, 506, 55, 701, 666, 705, 649, 186, 246, 0, 380, 449, 277, 175, 158, 108, 127, 140]",FaceShifter,val,1
FaceForensics++_C23\FaceShifter/567_606.mp4,340,339,1,0,1,True,1,[0],FaceShifter,val,1
FaceForensics++_C23\FaceShifter/568_628.mp4,570,569,1,0,1,True,1,[0],FaceShifter,train,1
FaceForensics++_C23\FaceShifter/569_921.mp4,335,334,1,0,1,True,1,[0],FaceShifter,train,1
FaceForensics++_C23\FaceShifter/570_624.mp4,430,429,1,0,1,True,1,[0],FaceShifter,train,1
FaceForensics++_C23\FaceShifter/571_746.mp4,576,575,1,0,1,True,1,[0],FaceShifter,val,1
FaceForensics++_C23\FaceShifter/572_554.mp4,347,345,2,1,1,True,2,"[24, 0]",FaceShifter,train,1
FaceForensics++_C23\FaceShifter/573_757.mp4,613,612,1,0,1,True,1,[0],FaceShifter,train,1
FaceForensics++_C23\FaceShifter/574_547.mp4,507,506,1,0,1,True,1,[0],FaceShifter,train,1
FaceForensics++_C23\FaceShifter/575_603.mp4,557,540,17,5,12,True,17,"[192, 0, 40, 193, 236, 42, 489, 41, 163, 160, 518, 162, 157, 158, 519, 161, 159]",FaceShifter,train,1
FaceForensics++_C23\FaceShifter/576_155.mp4,461,439,22,7,15,True,20,"[0, 261, 260, 265, 263, 262, 257, 264, 259, 258, 273, 269, 278, 266, 267, 272, 271, 274, 270, 268]",FaceShifter,train,1
FaceForensics++_C23\FaceShifter/577_593.mp4,344,343,1,0,1,True,1,[0],FaceShifter,train,1
FaceForensics++_C23\FaceShifter/578_636.mp4,564,559,5,2,3,True,5,"[0, 344, 345, 346, 347]",FaceShifter,train,1
FaceForensics++_C23\FaceShifter/579_701.mp4,476,475,1,0,1,True,1,[0],FaceShifter,test,1
FaceForensics++_C23\FaceShifter/580_524.mp4,292,291,1,0,1,True,1,[0],FaceShifter,train,1
FaceForensics++_C23\FaceShifter/581_697.mp4,382,381,1,0,1,True,1,[0],FaceShifter,train,1
FaceForensics++_C23\FaceShifter/582_172.mp4,431,351,80,24,56,False,20,"[201, 215, 250, 0, 4, 200, 202, 8, 329, 197, 3, 2, 269, 16, 248, 179, 247, 243, 1, 212]",FaceShifter,train,1
FaceForensics++_C23\FaceShifter/583_558.mp4,475,474,1,0,1,True,1,[0],FaceShifter,val,1
FaceForensics++_C23\FaceShifter/584_823.mp4,475,474,1,0,1,True,1,[0],FaceShifter,val,1
FaceForensics++_C23\FaceShifter/585_599.mp4,359,358,1,0,1,True,1,[0],FaceShifter,val,1
FaceForensics++_C23\FaceShifter/586_223.mp4,379,376,3,1,2,True,3,"[0, 312, 106]",FaceShifter,val,1
FaceForensics++_C23\FaceShifter/587_535.mp4,626,623,3,1,2,True,3,"[0, 624, 625]",FaceShifter,train,1
FaceForensics++_C23\FaceShifter/588_556.mp4,544,543,1,0,1,True,1,[0],FaceShifter,train,1
FaceForensics++_C23\FaceShifter/589_565.mp4,686,683,3,1,2,True,3,"[71, 0, 66]",FaceShifter,val,1
FaceForensics++_C23\FaceShifter/590_034.mp4,600,597,3,1,2,True,3,"[245, 244, 0]",FaceShifter,train,1
FaceForensics++_C23\FaceShifter/591_605.mp4,541,533,8,3,5,True,8,"[0, 174, 173, 30, 27, 26, 29, 28]",FaceShifter,train,1
FaceForensics++_C23\FaceShifter/592_500.mp4,383,380,3,1,2,True,3,"[0, 381, 382]",FaceShifter,train,1
FaceForensics++_C23\FaceShifter/593_577.mp4,535,534,1,0,1,True,1,[0],FaceShifter,train,1
FaceForensics++_C23\FaceShifter/594_530.mp4,294,293,1,0,1,True,1,[0],FaceShifter,train,1
FaceForensics++_C23\FaceShifter/595_597.mp4,565,564,1,0,1,True,1,[0],FaceShifter,val,1
FaceForensics++_C23\FaceShifter/596_609.mp4,557,556,1,0,1,True,1,[0],FaceShifter,train,1
FaceForensics++_C23\FaceShifter/597_595.mp4,297,296,1,0,1,True,1,[0],FaceShifter,val,1
FaceForensics++_C23\FaceShifter/598_178.mp4,686,685,1,0,1,True,1,[0],FaceShifter,train,1
FaceForensics++_C23\FaceShifter/599_585.mp4,398,391,7,2,5,True,7,"[143, 142, 395, 396, 0, 350, 349]",FaceShifter,val,1
FaceForensics++_C23\FaceShifter/600_505.mp4,388,387,1,0,1,True,1,[0],FaceShifter,train,1
FaceForensics++_C23\FaceShifter/601_653.mp4,364,363,1,0,1,True,1,[0],FaceShifter,train,1
FaceForensics++_C23\FaceShifter/602_397.mp4,667,666,1,0,1,True,1,[0],FaceShifter,train,1
FaceForensics++_C23\FaceShifter/603_575.mp4,296,295,1,0,1,True,1,[0],FaceShifter,train,1
FaceForensics++_C23\FaceShifter/604_703.mp4,825,824,1,0,1,True,1,[0],FaceShifter,train,1
FaceForensics++_C23\FaceShifter/605_591.mp4,664,663,1,0,1,True,1,[0],FaceShifter,train,1
FaceForensics++_C23\FaceShifter/606_567.mp4,387,386,1,0,1,True,1,[0],FaceShifter,val,1
FaceForensics++_C23\FaceShifter/607_683.mp4,454,453,1,0,1,True,1,[0],FaceShifter,test,1
FaceForensics++_C23\FaceShifter/608_675.mp4,1205,1204,1,0,1,True,1,[0],FaceShifter,test,1
FaceForensics++_C23\FaceShifter/609_596.mp4,489,371,118,36,82,False,20,"[165, 168, 209, 164, 166, 205, 201, 210, 213, 189, 207, 167, 193, 197, 208, 206, 204, 211, 191, 203]",FaceShifter,train,1
FaceForensics++_C23\FaceShifter/610_692.mp4,394,391,3,1,2,True,3,"[0, 172, 250]",FaceShifter,train,1
FaceForensics++_C23\FaceShifter/611_760.mp4,645,642,3,1,2,True,3,"[0, 532, 389]",FaceShifter,train,1
FaceForensics++_C23\FaceShifter/612_702.mp4,420,418,2,1,1,True,2,"[0, 324]",FaceShifter,val,1
FaceForensics++_C23\FaceShifter/613_685.mp4,415,414,1,0,1,True,1,[0],FaceShifter,train,1
FaceForensics++_C23\FaceShifter/614_616.mp4,507,504,3,1,2,True,3,"[505, 506, 0]",FaceShifter,train,1
FaceForensics++_C23\FaceShifter/615_687.mp4,452,451,1,0,1,True,1,[0],FaceShifter,train,1
FaceForensics++_C23\FaceShifter/616_614.mp4,663,639,24,7,17,True,20,"[24, 25, 23, 27, 26, 28, 29, 31, 30, 34, 32, 33, 662, 35, 661, 657, 37, 36, 21, 20]",FaceShifter,train,1
FaceForensics++_C23\FaceShifter/617_566.mp4,312,311,1,0,1,True,1,[0],FaceShifter,val,1
FaceForensics++_C23\FaceShifter/618_629.mp4,382,381,1,0,1,True,1,[0],FaceShifter,train,1
FaceForensics++_C23\FaceShifter/619_620.mp4,305,304,1,0,1,True,1,[0],FaceShifter,train,1
FaceForensics++_C23\FaceShifter/620_619.mp4,628,627,1,0,1,True,1,[0],FaceShifter,train,1
FaceForensics++_C23\FaceShifter/621_546.mp4,370,367,3,1,2,True,3,"[289, 0, 288]",FaceShifter,train,1
FaceForensics++_C23\FaceShifter/622_647.mp4,371,370,1,0,1,True,1,[0],FaceShifter,val,1
FaceForensics++_C23\FaceShifter/623_630.mp4,352,351,1,0,1,True,1,[0],FaceShifter,test,1
FaceForensics++_C23\FaceShifter/624_570.mp4,350,309,41,12,29,False,20,"[175, 171, 199, 176, 173, 198, 203, 141, 223, 196, 200, 206, 235, 201, 174, 106, 202, 237, 236, 241]",FaceShifter,train,1
FaceForensics++_C23\FaceShifter/625_650.mp4,332,327,5,2,3,True,5,"[185, 54, 51, 43, 0]",FaceShifter,test,1
FaceForensics++_C23\FaceShifter/626_562.mp4,975,974,1,0,1,True,1,[0],FaceShifter,train,1
FaceForensics++_C23\FaceShifter/627_658.mp4,374,373,1,0,1,True,1,[0],FaceShifter,train,1
FaceForensics++_C23\FaceShifter/628_568.mp4,895,894,1,0,1,True,1,[0],FaceShifter,train,1
FaceForensics++_C23\FaceShifter/629_618.mp4,990,968,22,8,14,True,20,"[119, 706, 786, 48, 52, 289, 0, 39, 316, 329, 328, 318, 327, 357, 319, 320, 321, 322, 326, 325]",FaceShifter,train,1
FaceForensics++_C23\FaceShifter/630_623.mp4,423,355,68,21,47,False,20,"[332, 266, 265, 262, 267, 261, 307, 312, 263, 275, 297, 272, 250, 296, 270, 302, 259, 282, 277, 231]",FaceShifter,test,1
FaceForensics++_C23\FaceShifter/631_551.mp4,424,423,1,0,1,True,1,[0],FaceShifter,train,1
FaceForensics++_C23\FaceShifter/632_548.mp4,427,423,4,1,3,True,4,"[423, 0, 424, 426]",FaceShifter,val,1
FaceForensics++_C23\FaceShifter/633_529.mp4,512,511,1,0,1,True,1,[0],FaceShifter,test,1
FaceForensics++_C23\FaceShifter/634_660.mp4,338,337,1,0,1,True,1,[0],FaceShifter,test,1
FaceForensics++_C23\FaceShifter/635_642.mp4,764,763,1,0,1,True,1,[0],FaceShifter,train,1
FaceForensics++_C23\FaceShifter/636_578.mp4,335,321,14,4,10,True,14,"[199, 0, 297, 93, 47, 51, 8, 33, 26, 10, 11, 16, 3, 2]",FaceShifter,train,1
FaceForensics++_C23\FaceShifter/637_427.mp4,510,509,1,0,1,True,1,[0],FaceShifter,train,1
FaceForensics++_C23\FaceShifter/638_640.mp4,698,697,1,0,1,True,1,[0],FaceShifter,val,1
FaceForensics++_C23\FaceShifter/639_841.mp4,662,661,1,0,1,True,1,[0],FaceShifter,train,1
FaceForensics++_C23\FaceShifter/640_638.mp4,306,305,1,0,1,True,1,[0],FaceShifter,val,1
FaceForensics++_C23\FaceShifter/641_662.mp4,350,330,20,6,14,True,20,"[197, 198, 196, 72, 311, 319, 0, 17, 19, 59, 276, 8, 20, 57, 18, 56, 58, 9, 7, 275]",FaceShifter,train,1
FaceForensics++_C23\FaceShifter/642_635.mp4,573,572,1,0,1,True,1,[0],FaceShifter,train,1
FaceForensics++_C23\FaceShifter/643_646.mp4,364,363,1,0,1,True,1,[0],FaceShifter,train,1
FaceForensics++_C23\FaceShifter/644_657.mp4,413,406,7,2,5,True,7,"[0, 410, 412, 408, 411, 409, 407]",FaceShifter,train,1
FaceForensics++_C23\FaceShifter/645_688.mp4,554,495,59,18,41,False,20,"[500, 48, 44, 152, 19, 35, 10, 17, 22, 42, 153, 23, 25, 53, 52, 50, 477, 37, 80, 26]",FaceShifter,train,1
FaceForensics++_C23\FaceShifter/646_643.mp4,440,439,1,0,1,True,1,[0],FaceShifter,train,1
FaceForensics++_C23\FaceShifter/647_622.mp4,699,698,1,0,1,True,1,[0],FaceShifter,val,1
FaceForensics++_C23\FaceShifter/648_654.mp4,471,468,3,1,2,True,3,"[469, 0, 470]",FaceShifter,train,1
FaceForensics++_C23\FaceShifter/649_816.mp4,930,929,1,0,1,True,1,[0],FaceShifter,val,1
FaceForensics++_C23\FaceShifter/650_625.mp4,693,692,1,0,1,True,1,[0],FaceShifter,test,1
FaceForensics++_C23\FaceShifter/651_835.mp4,380,352,28,9,19,True,20,"[271, 291, 279, 311, 304, 269, 373, 375, 369, 374, 367, 377, 372, 208, 209, 21, 95, 93, 12, 24]",FaceShifter,train,1
FaceForensics++_C23\FaceShifter/652_773.mp4,456,441,15,5,10,True,15,"[148, 214, 346, 216, 147, 215, 213, 142, 144, 0, 128, 145, 143, 127, 129]",FaceShifter,train,1
FaceForensics++_C23\FaceShifter/653_601.mp4,731,702,29,9,20,False,20,"[43, 251, 0, 356, 270, 355, 285, 250, 41, 260, 261, 284, 262, 42, 280, 249, 283, 354, 222, 282]",FaceShifter,train,1
FaceForensics++_C23\FaceShifter/654_648.mp4,410,409,1,0,1,True,1,[0],FaceShifter,train,1
FaceForensics++_C23\FaceShifter/655_444.mp4,678,673,5,2,3,True,5,"[0, 253, 250, 252, 251]",FaceShifter,train,1
FaceForensics++_C23\FaceShifter/656_666.mp4,505,504,1,0,1,True,1,[0],FaceShifter,val,1
FaceForensics++_C23\FaceShifter/657_644.mp4,546,522,24,7,17,True,20,"[301, 299, 303, 305, 297, 300, 304, 302, 27, 298, 10, 11, 9, 6, 7, 8, 531, 0, 523, 524]",FaceShifter,train,1
FaceForensics++_C23\FaceShifter/658_627.mp4,404,403,1,0,1,True,1,[0],FaceShifter,train,1
FaceForensics++_C23\FaceShifter/659_749.mp4,1001,989,12,4,8,True,12,"[67, 3, 214, 5, 929, 937, 348, 0, 91, 670, 662, 850]",FaceShifter,train,1
FaceForensics++_C23\FaceShifter/660_634.mp4,340,152,188,57,131,False,20,"[154, 146, 116, 111, 155, 311, 91, 112, 319, 156, 166, 147, 191, 105, 120, 117, 114, 320, 113, 312]",FaceShifter,test,1
FaceForensics++_C23\FaceShifter/661_670.mp4,513,509,4,1,3,True,4,"[90, 401, 205, 0]",FaceShifter,test,1
FaceForensics++_C23\FaceShifter/662_641.mp4,496,493,3,1,2,True,3,"[427, 52, 0]",FaceShifter,train,1
FaceForensics++_C23\FaceShifter/663_231.mp4,316,315,1,0,1,True,1,[0],FaceShifter,train,1
FaceForensics++_C23\FaceShifter/664_668.mp4,293,292,1,0,1,True,1,[0],FaceShifter,val,1
FaceForensics++_C23\FaceShifter/665_679.mp4,324,323,1,0,1,True,1,[0],FaceShifter,train,1
FaceForensics++_C23\FaceShifter/666_656.mp4,383,382,1,0,1,True,1,[0],FaceShifter,val,1
FaceForensics++_C23\FaceShifter/667_446.mp4,469,432,37,11,26,False,20,"[466, 467, 113, 304, 302, 310, 116, 313, 118, 0, 111, 112, 117, 311, 122, 315, 300, 114, 318, 303]",FaceShifter,train,1
FaceForensics++_C23\FaceShifter/668_664.mp4,398,397,1,0,1,True,1,[0],FaceShifter,val,1
FaceForensics++_C23\FaceShifter/669_682.mp4,489,488,1,0,1,True,1,[0],FaceShifter,test,1
FaceForensics++_C23\FaceShifter/670_661.mp4,481,479,2,1,1,True,2,"[96, 0]",FaceShifter,test,1
FaceForensics++_C23\FaceShifter/671_677.mp4,343,342,1,0,1,True,1,[0],FaceShifter,train,1
FaceForensics++_C23\FaceShifter/672_720.mp4,541,540,1,0,1,True,1,[0],FaceShifter,val,1
FaceForensics++_C23\FaceShifter/673_728.mp4,592,591,1,0,1,True,1,[0],FaceShifter,train,1
FaceForensics++_C23\FaceShifter/674_744.mp4,367,364,3,1,2,True,3,"[0, 151, 160]",FaceShifter,train,1
FaceForensics++_C23\FaceShifter/675_608.mp4,421,420,1,0,1,True,1,[0],FaceShifter,test,1
FaceForensics++_C23\FaceShifter/676_776.mp4,515,509,6,2,4,True,6,"[304, 199, 455, 303, 109, 0]",FaceShifter,train,1
FaceForensics++_C23\FaceShifter/677_671.mp4,314,312,2,1,1,True,2,"[264, 0]",FaceShifter,train,1
FaceForensics++_C23\FaceShifter/678_460.mp4,400,320,80,24,56,False,20,"[78, 114, 0, 30, 48, 40, 49, 116, 29, 39, 50, 41, 45, 36, 32, 28, 43, 42, 47, 51]",FaceShifter,train,1
FaceForensics++_C23\FaceShifter/679_665.mp4,416,415,1,0,1,True,1,[0],FaceShifter,train,1
FaceForensics++_C23\FaceShifter/680_486.mp4,300,299,1,0,1,True,1,[0],FaceShifter,train,1
FaceForensics++_C23\FaceShifter/681_711.mp4,840,839,1,0,1,True,1,[0],FaceShifter,train,1
FaceForensics++_C23\FaceShifter/682_669.mp4,965,964,1,0,1,True,1,[0],FaceShifter,test,1
FaceForensics++_C23\FaceShifter/683_607.mp4,302,301,1,0,1,True,1,[0],FaceShifter,test,1
FaceForensics++_C23\FaceShifter/684_717.mp4,497,496,1,0,1,True,1,[0],FaceShifter,train,1
FaceForensics++_C23\FaceShifter/685_613.mp4,522,521,1,0,1,True,1,[0],FaceShifter,train,1
FaceForensics++_C23\FaceShifter/686_696.mp4,342,341,1,0,1,True,1,[0],FaceShifter,train,1
FaceForensics++_C23\FaceShifter/687_615.mp4,469,468,1,0,1,True,1,[0],FaceShifter,train,1
FaceForensics++_C23\FaceShifter/688_645.mp4,571,564,7,2,5,True,7,"[521, 0, 522, 523, 524, 526, 525]",FaceShifter,train,1
FaceForensics++_C23\FaceShifter/689_690.mp4,455,454,1,0,1,True,1,[0],FaceShifter,train,1
FaceForensics++_C23\FaceShifter/690_689.mp4,331,328,3,1,2,True,3,"[329, 330, 0]",FaceShifter,train,1
FaceForensics++_C23\FaceShifter/691_732.mp4,540,539,1,0,1,True,1,[0],FaceShifter,test,1
FaceForensics++_C23\FaceShifter/692_610.mp4,354,345,9,3,6,True,9,"[36, 350, 305, 0, 351, 352, 12, 341, 24]",FaceShifter,train,1
FaceForensics++_C23\FaceShifter/693_698.mp4,595,577,18,6,12,True,18,"[185, 186, 29, 30, 31, 28, 32, 0, 187, 188, 190, 431, 434, 433, 429, 189, 430, 432]",FaceShifter,train,1
FaceForensics++_C23\FaceShifter/694_767.mp4,299,298,1,0,1,True,1,[0],FaceShifter,train,1
FaceForensics++_C23\FaceShifter/695_422.mp4,310,307,3,1,2,True,3,"[184, 0, 160]",FaceShifter,test,1
FaceForensics++_C23\FaceShifter/696_686.mp4,405,404,1,0,1,True,1,[0],FaceShifter,train,1
FaceForensics++_C23\FaceShifter/697_581.mp4,465,464,1,0,1,True,1,[0],FaceShifter,train,1
FaceForensics++_C23\FaceShifter/698_693.mp4,304,303,1,0,1,True,1,[0],FaceShifter,train,1
FaceForensics++_C23\FaceShifter/699_734.mp4,524,523,1,0,1,True,1,[0],FaceShifter,train,1
FaceForensics++_C23\FaceShifter/700_813.mp4,333,332,1,0,1,True,1,[0],FaceShifter,train,1
FaceForensics++_C23\FaceShifter/701_579.mp4,393,392,1,0,1,True,1,[0],FaceShifter,test,1
FaceForensics++_C23\FaceShifter/702_612.mp4,749,743,6,2,4,True,6,"[0, 393, 392, 385, 384, 386]",FaceShifter,val,1
FaceForensics++_C23\FaceShifter/703_604.mp4,375,374,1,0,1,True,1,[0],FaceShifter,train,1
FaceForensics++_C23\FaceShifter/704_723.mp4,450,449,1,0,1,True,1,[0],FaceShifter,train,1
FaceForensics++_C23\FaceShifter/705_707.mp4,473,472,1,0,1,True,1,[0],FaceShifter,test,1
FaceForensics++_C23\FaceShifter/706_479.mp4,328,321,7,2,5,True,7,"[118, 0, 70, 327, 294, 68, 69]",FaceShifter,test,1
FaceForensics++_C23\FaceShifter/707_705.mp4,1034,1001,33,10,23,False,20,"[504, 202, 199, 528, 538, 527, 814, 526, 521, 824, 522, 501, 0, 529, 219, 813, 226, 825, 831, 807]",FaceShifter,test,1
FaceForensics++_C23\FaceShifter/708_772.mp4,549,548,1,0,1,True,1,[0],FaceShifter,train,1
FaceForensics++_C23\FaceShifter/709_390.mp4,300,294,6,2,4,True,6,"[0, 37, 36, 39, 38, 40]",FaceShifter,train,1
FaceForensics++_C23\FaceShifter/710_788.mp4,378,377,1,0,1,True,1,[0],FaceShifter,train,1
FaceForensics++_C23\FaceShifter/711_681.mp4,292,291,1,0,1,True,1,[0],FaceShifter,train,1
FaceForensics++_C23\FaceShifter/712_716.mp4,550,549,1,0,1,True,1,[0],FaceShifter,train,1
FaceForensics++_C23\FaceShifter/713_726.mp4,527,374,153,46,107,False,20,"[428, 338, 523, 98, 524, 334, 432, 250, 89, 0, 525, 512, 518, 516, 420, 332, 520, 336, 85, 356]",FaceShifter,train,1
FaceForensics++_C23\FaceShifter/714_842.mp4,560,559,1,0,1,True,1,[0],FaceShifter,test,1
FaceForensics++_C23\FaceShifter/715_721.mp4,856,854,2,1,1,True,2,"[0, 17]",FaceShifter,train,1
FaceForensics++_C23\FaceShifter/716_712.mp4,628,627,1,0,1,True,1,[0],FaceShifter,train,1
FaceForensics++_C23\FaceShifter/717_684.mp4,374,373,1,0,1,True,1,[0],FaceShifter,train,1
FaceForensics++_C23\FaceShifter/718_972.mp4,578,546,32,10,22,False,20,"[47, 282, 418, 0, 390, 348, 370, 480, 349, 423, 254, 283, 479, 347, 346, 388, 255, 389, 208, 371]",FaceShifter,train,1
FaceForensics++_C23\FaceShifter/719_737.mp4,402,401,1,0,1,True,1,[0],FaceShifter,train,1
FaceForensics++_C23\FaceShifter/720_672.mp4,564,563,1,0,1,True,1,[0],FaceShifter,val,1
FaceForensics++_C23\FaceShifter/721_715.mp4,581,578,3,1,2,True,3,"[249, 533, 0]",FaceShifter,train,1
FaceForensics++_C23\FaceShifter/722_458.mp4,396,372,24,7,17,True,20,"[255, 254, 257, 256, 258, 259, 0, 260, 261, 262, 263, 264, 265, 287, 266, 267, 268, 269, 270, 272]",FaceShifter,train,1
FaceForensics++_C23\FaceShifter/723_704.mp4,730,729,1,0,1,True,1,[0],FaceShifter,train,1
FaceForensics++_C23\FaceShifter/724_725.mp4,600,599,1,0,1,True,1,[0],FaceShifter,test,1
FaceForensics++_C23\FaceShifter/725_724.mp4,699,698,1,0,1,True,1,[0],FaceShifter,test,1
FaceForensics++_C23\FaceShifter/726_713.mp4,410,407,3,1,2,True,3,"[0, 392, 391]",FaceShifter,train,1
FaceForensics++_C23\FaceShifter/727_729.mp4,554,553,1,0,1,True,1,[0],FaceShifter,val,1
FaceForensics++_C23\FaceShifter/728_673.mp4,568,550,18,6,12,True,18,"[530, 538, 314, 535, 536, 534, 531, 43, 532, 32, 537, 533, 138, 315, 141, 139, 0, 140]",FaceShifter,train,1
FaceForensics++_C23\FaceShifter/729_727.mp4,636,634,2,1,1,True,2,"[0, 121]",FaceShifter,val,1
FaceForensics++_C23\FaceShifter/730_815.mp4,719,718,1,0,1,True,1,[0],FaceShifter,train,1
FaceForensics++_C23\FaceShifter/731_741.mp4,778,777,1,0,1,True,1,[0],FaceShifter,test,1
FaceForensics++_C23\FaceShifter/732_691.mp4,426,405,21,6,15,True,20,"[0, 8, 19, 23, 2, 4, 17, 24, 21, 6, 11, 25, 22, 18, 1, 20, 50, 7, 5, 3]",FaceShifter,test,1
FaceForensics++_C23\FaceShifter/733_935.mp4,518,507,11,3,8,True,11,"[318, 330, 331, 332, 333, 335, 380, 0, 273, 334, 2]",FaceShifter,train,1
FaceForensics++_C23\FaceShifter/734_699.mp4,1098,1097,1,0,1,True,1,[0],FaceShifter,train,1
FaceForensics++_C23\FaceShifter/735_774.mp4,802,801,1,0,1,True,1,[0],FaceShifter,train,1
FaceForensics++_C23\FaceShifter/736_785.mp4,414,413,1,0,1,True,1,[0],FaceShifter,train,1
FaceForensics++_C23\FaceShifter/737_719.mp4,369,359,10,3,7,True,10,"[0, 265, 272, 24, 363, 268, 21, 364, 365, 367]",FaceShifter,train,1
FaceForensics++_C23\FaceShifter/738_804.mp4,417,405,12,4,8,True,12,"[0, 152, 301, 151, 338, 337, 150, 149, 52, 51, 148, 359]",FaceShifter,train,1
FaceForensics++_C23\FaceShifter/739_865.mp4,304,303,1,0,1,True,1,[0],FaceShifter,test,1
FaceForensics++_C23\FaceShifter/740_796.mp4,348,346,2,1,1,True,2,"[347, 0]",FaceShifter,train,1
FaceForensics++_C23\FaceShifter/741_731.mp4,370,369,1,0,1,True,1,[0],FaceShifter,test,1
FaceForensics++_C23\FaceShifter/742_775.mp4,623,622,1,0,1,True,1,[0],FaceShifter,val,1
FaceForensics++_C23\FaceShifter/743_750.mp4,311,310,1,0,1,True,1,[0],FaceShifter,train,1
FaceForensics++_C23\FaceShifter/744_674.mp4,294,278,16,5,11,True,16,"[53, 64, 65, 63, 62, 0, 274, 19, 61, 54, 79, 78, 81, 84, 66, 83]",FaceShifter,train,1
FaceForensics++_C23\FaceShifter/745_777.mp4,569,568,1,0,1,True,1,[0],FaceShifter,val,1
FaceForensics++_C23\FaceShifter/746_571.mp4,493,492,1,0,1,True,1,[0],FaceShifter,val,1
FaceForensics++_C23\FaceShifter/747_854.mp4,470,469,1,0,1,True,1,[0],FaceShifter,train,1
FaceForensics++_C23\FaceShifter/748_355.mp4,318,287,31,9,22,False,20,"[0, 228, 216, 224, 236, 248, 240, 218, 212, 262, 258, 234, 230, 28, 226, 238, 260, 214, 266, 264]",FaceShifter,train,1
FaceForensics++_C23\FaceShifter/749_659.mp4,693,692,1,0,1,True,1,[0],FaceShifter,train,1
FaceForensics++_C23\FaceShifter/750_743.mp4,441,399,42,13,29,False,20,"[440, 0, 183, 340, 117, 258, 184, 122, 185, 115, 116, 391, 278, 341, 395, 114, 332, 124, 123, 392]",FaceShifter,train,1
FaceForensics++_C23\FaceShifter/751_752.mp4,331,276,55,17,38,False,20,"[0, 3, 21, 18, 14, 255, 266, 68, 252, 129, 234, 136, 36, 216, 39, 230, 93, 64, 248, 249]",FaceShifter,train,1
FaceForensics++_C23\FaceShifter/752_751.mp4,1016,985,31,9,22,False,20,"[862, 866, 803, 730, 1004, 0, 897, 846, 832, 1006, 280, 842, 834, 1007, 838, 839, 1008, 754, 840, 323]",FaceShifter,train,1
FaceForensics++_C23\FaceShifter/753_789.mp4,686,684,2,1,1,True,2,"[1, 0]",FaceShifter,train,1
FaceForensics++_C23\FaceShifter/754_758.mp4,401,400,1,0,1,True,1,[0],FaceShifter,train,1
FaceForensics++_C23\FaceShifter/755_759.mp4,336,335,1,0,1,True,1,[0],FaceShifter,test,1
FaceForensics++_C23\FaceShifter/756_503.mp4,570,568,2,1,1,True,2,"[0, 188]",FaceShifter,train,1
FaceForensics++_C23\FaceShifter/757_573.mp4,441,440,1,0,1,True,1,[0],FaceShifter,train,1
FaceForensics++_C23\FaceShifter/758_754.mp4,391,389,2,1,1,True,2,"[0, 336]",FaceShifter,train,1
FaceForensics++_C23\FaceShifter/759_755.mp4,434,433,1,0,1,True,1,[0],FaceShifter,test,1
FaceForensics++_C23\FaceShifter/760_611.mp4,306,305,1,0,1,True,1,[0],FaceShifter,train,1
FaceForensics++_C23\FaceShifter/761_766.mp4,343,333,10,3,7,True,10,"[33, 16, 13, 17, 8, 10, 9, 21, 20, 0]",FaceShifter,train,1
FaceForensics++_C23\FaceShifter/762_832.mp4,416,415,1,0,1,True,1,[0],FaceShifter,val,1
FaceForensics++_C23\FaceShifter/763_930.mp4,812,811,1,0,1,True,1,[0],FaceShifter,train,1
FaceForensics++_C23\FaceShifter/764_850.mp4,369,368,1,0,1,True,1,[0],FaceShifter,train,1
FaceForensics++_C23\FaceShifter/765_867.mp4,388,387,1,0,1,True,1,[0],FaceShifter,train,1
FaceForensics++_C23\FaceShifter/766_761.mp4,860,859,1,0,1,True,1,[0],FaceShifter,train,1
FaceForensics++_C23\FaceShifter/767_694.mp4,407,406,1,0,1,True,1,[0],FaceShifter,train,1
FaceForensics++_C23\FaceShifter/768_793.mp4,330,329,1,0,1,True,1,[0],FaceShifter,val,1
FaceForensics++_C23\FaceShifter/769_784.mp4,484,483,1,0,1,True,1,[0],FaceShifter,train,1
FaceForensics++_C23\FaceShifter/770_791.mp4,653,652,1,0,1,True,1,[0],FaceShifter,train,1
FaceForensics++_C23\FaceShifter/771_849.mp4,634,633,1,0,1,True,1,[0],FaceShifter,train,1
FaceForensics++_C23\FaceShifter/772_708.mp4,341,340,1,0,1,True,1,[0],FaceShifter,train,1
FaceForensics++_C23\FaceShifter/773_652.mp4,579,578,1,0,1,True,1,[0],FaceShifter,train,1
FaceForensics++_C23\FaceShifter/774_735.mp4,313,312,1,0,1,True,1,[0],FaceShifter,train,1
FaceForensics++_C23\FaceShifter/775_742.mp4,559,558,1,0,1,True,1,[0],FaceShifter,val,1
FaceForensics++_C23\FaceShifter/776_676.mp4,331,262,69,21,48,False,20,"[191, 266, 300, 267, 195, 270, 272, 197, 273, 268, 225, 193, 192, 150, 198, 275, 47, 196, 40, 115]",FaceShifter,train,1
FaceForensics++_C23\FaceShifter/777_745.mp4,325,324,1,0,1,True,1,[0],FaceShifter,val,1
FaceForensics++_C23\FaceShifter/778_798.mp4,328,327,1,0,1,True,1,[0],FaceShifter,train,1
FaceForensics++_C23\FaceShifter/779_794.mp4,306,305,1,0,1,True,1,[0],FaceShifter,val,1
FaceForensics++_C23\FaceShifter/780_869.mp4,402,401,1,0,1,True,1,[0],FaceShifter,train,1
FaceForensics++_C23\FaceShifter/781_806.mp4,475,474,1,0,1,True,1,[0],FaceShifter,train,1
FaceForensics++_C23\FaceShifter/782_787.mp4,556,555,1,0,1,True,1,[0],FaceShifter,train,1
FaceForensics++_C23\FaceShifter/783_916.mp4,403,402,1,0,1,True,1,[0],FaceShifter,train,1
FaceForensics++_C23\FaceShifter/784_769.mp4,557,556,1,0,1,True,1,[0],FaceShifter,train,1
FaceForensics++_C23\FaceShifter/785_736.mp4,413,412,1,0,1,True,1,[0],FaceShifter,train,1
FaceForensics++_C23\FaceShifter/786_819.mp4,520,431,89,27,62,False,20,"[0, 100, 109, 34, 110, 111, 115, 35, 101, 33, 173, 175, 36, 141, 32, 108, 116, 117, 172, 31]",FaceShifter,train,1
FaceForensics++_C23\FaceShifter/787_782.mp4,502,494,8,3,5,True,8,"[0, 414, 410, 412, 413, 409, 411, 320]",FaceShifter,train,1
FaceForensics++_C23\FaceShifter/788_710.mp4,534,232,302,91,211,False,20,"[474, 462, 478, 458, 470, 461, 460, 466, 446, 476, 472, 464, 459, 463, 465, 454, 473, 440, 469, 477]",FaceShifter,train,1
FaceForensics++_C23\FaceShifter/789_753.mp4,567,544,23,7,16,True,20,"[405, 403, 401, 399, 398, 411, 400, 404, 393, 0, 406, 301, 396, 391, 530, 395, 473, 470, 394, 531]",FaceShifter,train,1
FaceForensics++_C23\FaceShifter/790_014.mp4,690,689,1,0,1,True,1,[0],FaceShifter,train,1
FaceForensics++_C23\FaceShifter/791_770.mp4,333,330,3,1,2,True,3,"[67, 66, 0]",FaceShifter,train,1
FaceForensics++_C23\FaceShifter/792_903.mp4,383,381,2,1,1,True,2,"[0, 382]",FaceShifter,train,1
FaceForensics++_C23\FaceShifter/793_768.mp4,590,588,2,1,1,True,2,"[589, 0]",FaceShifter,val,1
FaceForensics++_C23\FaceShifter/794_779.mp4,879,868,11,3,8,True,11,"[0, 479, 810, 403, 658, 157, 66, 734, 327, 575, 232]",FaceShifter,val,1
FaceForensics++_C23\FaceShifter/795_907.mp4,550,549,1,0,1,True,1,[0],FaceShifter,train,1
FaceForensics++_C23\FaceShifter/796_740.mp4,1001,1000,1,0,1,True,1,[0],FaceShifter,train,1
FaceForensics++_C23\FaceShifter/797_844.mp4,434,429,5,2,3,True,5,"[29, 272, 0, 415, 271]",FaceShifter,train,1
FaceForensics++_C23\FaceShifter/798_778.mp4,371,370,1,0,1,True,1,[0],FaceShifter,train,1
FaceForensics++_C23\FaceShifter/799_809.mp4,1227,903,324,97,227,False,20,"[1076, 1053, 1062, 1074, 1065, 1077, 1069, 1075, 1054, 1063, 1071, 1079, 1061, 1067, 1052, 1056, 1064, 1060, 1073, 1078]",FaceShifter,train,1
FaceForensics++_C23\FaceShifter/800_840.mp4,338,337,1,0,1,True,1,[0],FaceShifter,train,1
FaceForensics++_C23\FaceShifter/801_855.mp4,444,443,1,0,1,True,1,[0],FaceShifter,test,1
FaceForensics++_C23\FaceShifter/802_885.mp4,351,350,1,0,1,True,1,[0],FaceShifter,train,1
FaceForensics++_C23\FaceShifter/803_017.mp4,297,291,6,2,4,True,6,"[0, 138, 254, 257, 256, 255]",FaceShifter,train,1
FaceForensics++_C23\FaceShifter/804_738.mp4,359,354,5,2,3,True,5,"[0, 358, 356, 357, 355]",FaceShifter,train,1
FaceForensics++_C23\FaceShifter/805_011.mp4,411,397,14,4,10,True,14,"[0, 177, 221, 327, 375, 147, 148, 145, 149, 326, 146, 159, 151, 150]",FaceShifter,train,1
FaceForensics++_C23\FaceShifter/806_781.mp4,301,300,1,0,1,True,1,[0],FaceShifter,train,1
FaceForensics++_C23\FaceShifter/807_273.mp4,650,641,9,3,6,True,9,"[521, 68, 194, 306, 307, 0, 195, 69, 522]",FaceShifter,val,1
FaceForensics++_C23\FaceShifter/808_829.mp4,637,633,4,1,3,True,4,"[384, 0, 383, 398]",FaceShifter,train,1
FaceForensics++_C23\FaceShifter/809_799.mp4,367,366,1,0,1,True,1,[0],FaceShifter,train,1
FaceForensics++_C23\FaceShifter/810_838.mp4,1052,1048,4,1,3,True,4,"[225, 1050, 0, 573]",FaceShifter,train,1
FaceForensics++_C23\FaceShifter/811_920.mp4,542,541,1,0,1,True,1,[0],FaceShifter,train,1
FaceForensics++_C23\FaceShifter/812_821.mp4,433,432,1,0,1,True,1,[0],FaceShifter,test,1
FaceForensics++_C23\FaceShifter/813_700.mp4,360,248,112,34,78,False,20,"[336, 259, 91, 262, 273, 37, 272, 286, 274, 349, 337, 34, 168, 339, 71, 342, 354, 31, 28, 257]",FaceShifter,train,1
FaceForensics++_C23\FaceShifter/814_871.mp4,550,549,1,0,1,True,1,[0],FaceShifter,train,1
FaceForensics++_C23\FaceShifter/815_730.mp4,452,451,1,0,1,True,1,[0],FaceShifter,train,1
FaceForensics++_C23\FaceShifter/816_649.mp4,411,410,1,0,1,True,1,[0],FaceShifter,val,1
FaceForensics++_C23\FaceShifter/817_827.mp4,419,418,1,0,1,True,1,[0],FaceShifter,val,1
FaceForensics++_C23\FaceShifter/818_820.mp4,466,465,1,0,1,True,1,[0],FaceShifter,val,1
FaceForensics++_C23\FaceShifter/819_786.mp4,927,926,1,0,1,True,1,[0],FaceShifter,train,1
FaceForensics++_C23\FaceShifter/820_818.mp4,665,664,1,0,1,True,1,[0],FaceShifter,val,1
FaceForensics++_C23\FaceShifter/821_812.mp4,423,422,1,0,1,True,1,[0],FaceShifter,test,1
FaceForensics++_C23\FaceShifter/822_244.mp4,297,296,1,0,1,True,1,[0],FaceShifter,train,1
FaceForensics++_C23\FaceShifter/823_584.mp4,672,567,105,32,73,False,20,"[653, 636, 664, 399, 559, 500, 582, 516, 606, 389, 607, 608, 609, 335, 387, 617, 613, 336, 614, 616]",FaceShifter,val,1
FaceForensics++_C23\FaceShifter/824_419.mp4,577,473,104,31,73,False,20,"[0, 4, 1, 2, 3, 8, 12, 24, 5, 20, 28, 16, 6, 7, 9, 11, 10, 26, 27, 15]",FaceShifter,val,1
FaceForensics++_C23\FaceShifter/825_074.mp4,547,546,1,0,1,True,1,[0],FaceShifter,train,1
FaceForensics++_C23\FaceShifter/826_833.mp4,355,354,1,0,1,True,1,[0],FaceShifter,train,1
FaceForensics++_C23\FaceShifter/827_817.mp4,311,310,1,0,1,True,1,[0],FaceShifter,val,1
FaceForensics++_C23\FaceShifter/828_830.mp4,319,318,1,0,1,True,1,[0],FaceShifter,train,1
FaceForensics++_C23\FaceShifter/829_808.mp4,801,798,3,1,2,True,3,"[0, 144, 145]",FaceShifter,train,1
FaceForensics++_C23\FaceShifter/830_828.mp4,511,510,1,0,1,True,1,[0],FaceShifter,train,1
FaceForensics++_C23\FaceShifter/831_508.mp4,327,320,7,2,5,True,7,"[0, 313, 314, 315, 108, 109, 240]",FaceShifter,train,1
FaceForensics++_C23\FaceShifter/832_762.mp4,553,552,1,0,1,True,1,[0],FaceShifter,val,1
FaceForensics++_C23\FaceShifter/833_826.mp4,600,567,33,10,23,False,20,"[539, 547, 535, 543, 515, 503, 537, 551, 554, 513, 545, 536, 514, 540, 579, 512, 577, 541, 549, 546]",FaceShifter,train,1
FaceForensics++_C23\FaceShifter/834_852.mp4,303,293,10,3,7,True,10,"[115, 176, 119, 186, 20, 7, 6, 0, 3, 5]",FaceShifter,val,1
FaceForensics++_C23\FaceShifter/835_651.mp4,426,425,1,0,1,True,1,[0],FaceShifter,train,1
FaceForensics++_C23\FaceShifter/836_950.mp4,343,342,1,0,1,True,1,[0],FaceShifter,train,1
FaceForensics++_C23\FaceShifter/837_890.mp4,443,442,1,0,1,True,1,[0],FaceShifter,val,1
FaceForensics++_C23\FaceShifter/838_810.mp4,457,456,1,0,1,True,1,[0],FaceShifter,train,1
FaceForensics++_C23\FaceShifter/839_864.mp4,385,384,1,0,1,True,1,[0],FaceShifter,train,1
FaceForensics++_C23\FaceShifter/840_800.mp4,840,838,2,1,1,True,2,"[73, 0]",FaceShifter,train,1
FaceForensics++_C23\FaceShifter/841_639.mp4,519,518,1,0,1,True,1,[0],FaceShifter,train,1
FaceForensics++_C23\FaceShifter/842_714.mp4,447,302,145,44,101,False,20,"[0, 54, 55, 62, 63, 56, 64, 65, 136, 66, 61, 124, 60, 191, 144, 413, 156, 327, 152, 193]",FaceShifter,test,1
FaceForensics++_C23\FaceShifter/843_859.mp4,318,317,1,0,1,True,1,[0],FaceShifter,train,1
FaceForensics++_C23\FaceShifter/844_797.mp4,852,851,1,0,1,True,1,[0],FaceShifter,train,1
FaceForensics++_C23\FaceShifter/845_846.mp4,356,355,1,0,1,True,1,[0],FaceShifter,train,1
FaceForensics++_C23\FaceShifter/846_845.mp4,353,344,9,3,6,True,9,"[352, 351, 0, 331, 4, 2, 3, 6, 5]",FaceShifter,train,1
FaceForensics++_C23\FaceShifter/847_906.mp4,301,292,9,3,6,True,9,"[0, 79, 74, 78, 73, 71, 72, 70, 69]",FaceShifter,test,1
FaceForensics++_C23\FaceShifter/848_894.mp4,360,359,1,0,1,True,1,[0],FaceShifter,train,1
FaceForensics++_C23\FaceShifter/849_771.mp4,322,320,2,1,1,True,2,"[66, 0]",FaceShifter,train,1
FaceForensics++_C23\FaceShifter/850_764.mp4,612,611,1,0,1,True,1,[0],FaceShifter,train,1
FaceForensics++_C23\FaceShifter/851_552.mp4,833,831,2,1,1,True,2,"[0, 167]",FaceShifter,test,1
FaceForensics++_C23\FaceShifter/852_834.mp4,427,426,1,0,1,True,1,[0],FaceShifter,val,1
FaceForensics++_C23\FaceShifter/853_863.mp4,616,615,1,0,1,True,1,[0],FaceShifter,train,1
FaceForensics++_C23\FaceShifter/854_747.mp4,294,293,1,0,1,True,1,[0],FaceShifter,train,1
FaceForensics++_C23\FaceShifter/855_801.mp4,630,629,1,0,1,True,1,[0],FaceShifter,test,1
FaceForensics++_C23\FaceShifter/856_881.mp4,1103,1102,1,0,1,True,1,[0],FaceShifter,train,1
FaceForensics++_C23\FaceShifter/857_909.mp4,640,639,1,0,1,True,1,[0],FaceShifter,val,1
FaceForensics++_C23\FaceShifter/858_861.mp4,483,482,1,0,1,True,1,[0],FaceShifter,train,1
FaceForensics++_C23\FaceShifter/859_843.mp4,333,332,1,0,1,True,1,[0],FaceShifter,train,1
FaceForensics++_C23\FaceShifter/860_905.mp4,459,436,23,7,16,True,20,"[192, 191, 190, 189, 186, 175, 185, 174, 188, 187, 184, 176, 182, 183, 181, 173, 180, 178, 179, 177]",FaceShifter,train,1
FaceForensics++_C23\FaceShifter/861_858.mp4,594,393,201,60,141,False,20,"[156, 505, 504, 527, 502, 503, 528, 524, 506, 529, 8, 520, 360, 523, 415, 417, 501, 508, 400, 423]",FaceShifter,train,1
FaceForensics++_C23\FaceShifter/862_047.mp4,470,468,2,1,1,True,2,"[0, 469]",FaceShifter,test,1
FaceForensics++_C23\FaceShifter/863_853.mp4,513,509,4,1,3,True,4,"[408, 409, 0, 34]",FaceShifter,train,1
FaceForensics++_C23\FaceShifter/864_839.mp4,326,325,1,0,1,True,1,[0],FaceShifter,train,1
FaceForensics++_C23\FaceShifter/865_739.mp4,347,346,1,0,1,True,1,[0],FaceShifter,test,1
FaceForensics++_C23\FaceShifter/866_878.mp4,509,508,1,0,1,True,1,[0],FaceShifter,train,1
FaceForensics++_C23\FaceShifter/867_765.mp4,1489,1488,1,0,1,True,1,[0],FaceShifter,train,1
FaceForensics++_C23\FaceShifter/868_949.mp4,431,429,2,1,1,True,2,"[0, 53]",FaceShifter,test,1
FaceForensics++_C23\FaceShifter/869_780.mp4,333,329,4,1,3,True,4,"[0, 87, 192, 270]",FaceShifter,train,1
FaceForensics++_C23\FaceShifter/870_001.mp4,604,600,4,1,3,True,4,"[69, 68, 70, 0]",FaceShifter,train,1
FaceForensics++_C23\FaceShifter/871_814.mp4,348,347,1,0,1,True,1,[0],FaceShifter,train,1
FaceForensics++_C23\FaceShifter/872_873.mp4,474,473,1,0,1,True,1,[0],FaceShifter,train,1
FaceForensics++_C23\FaceShifter/873_872.mp4,884,883,1,0,1,True,1,[0],FaceShifter,train,1
FaceForensics++_C23\FaceShifter/874_291.mp4,469,461,8,3,5,True,8,"[0, 20, 96, 377, 21, 22, 376, 378]",FaceShifter,train,1
FaceForensics++_C23\FaceShifter/875_979.mp4,422,421,1,0,1,True,1,[0],FaceShifter,val,1
FaceForensics++_C23\FaceShifter/876_891.mp4,313,312,1,0,1,True,1,[0],FaceShifter,train,1
FaceForensics++_C23\FaceShifter/877_886.mp4,570,569,1,0,1,True,1,[0],FaceShifter,train,1
FaceForensics++_C23\FaceShifter/878_866.mp4,736,735,1,0,1,True,1,[0],FaceShifter,train,1
FaceForensics++_C23\FaceShifter/879_963.mp4,839,838,1,0,1,True,1,[0],FaceShifter,train,1
FaceForensics++_C23\FaceShifter/880_135.mp4,435,434,1,0,1,True,1,[0],FaceShifter,test,1
FaceForensics++_C23\FaceShifter/881_856.mp4,638,637,1,0,1,True,1,[0],FaceShifter,train,1
FaceForensics++_C23\FaceShifter/882_952.mp4,333,317,16,5,11,True,16,"[143, 229, 70, 142, 173, 0, 144, 174, 35, 145, 156, 175, 146, 224, 176, 36]",FaceShifter,train,1
FaceForensics++_C23\FaceShifter/883_013.mp4,433,415,18,6,12,True,18,"[236, 235, 233, 232, 231, 311, 230, 312, 313, 93, 237, 432, 0, 13, 14, 16, 17, 11]",FaceShifter,train,1
FaceForensics++_C23\FaceShifter/884_968.mp4,343,316,27,8,19,True,20,"[9, 81, 85, 13, 158, 200, 8, 10, 86, 11, 82, 83, 84, 202, 201, 7, 199, 12, 176, 0]",FaceShifter,train,1
FaceForensics++_C23\FaceShifter/885_802.mp4,329,328,1,0,1,True,1,[0],FaceShifter,train,1
FaceForensics++_C23\FaceShifter/886_877.mp4,525,524,1,0,1,True,1,[0],FaceShifter,train,1
FaceForensics++_C23\FaceShifter/887_275.mp4,339,337,2,1,1,True,2,"[0, 159]",FaceShifter,train,1
FaceForensics++_C23\FaceShifter/888_937.mp4,307,306,1,0,1,True,1,[0],FaceShifter,train,1
FaceForensics++_C23\FaceShifter/889_045.mp4,329,284,45,14,31,False,20,"[153, 87, 94, 88, 154, 83, 133, 159, 84, 135, 240, 134, 99, 0, 136, 82, 52, 75, 126, 3]",FaceShifter,train,1
FaceForensics++_C23\FaceShifter/890_837.mp4,341,337,4,1,3,True,4,"[0, 3, 1, 2]",FaceShifter,val,1
FaceForensics++_C23\FaceShifter/891_876.mp4,296,295,1,0,1,True,1,[0],FaceShifter,train,1
FaceForensics++_C23\FaceShifter/892_112.mp4,311,307,4,1,3,True,4,"[19, 17, 18, 0]",FaceShifter,train,1
FaceForensics++_C23\FaceShifter/893_913.mp4,537,536,1,0,1,True,1,[0],FaceShifter,train,1
FaceForensics++_C23\FaceShifter/894_848.mp4,328,327,1,0,1,True,1,[0],FaceShifter,train,1
FaceForensics++_C23\FaceShifter/895_915.mp4,294,293,1,0,1,True,1,[0],FaceShifter,val,1
FaceForensics++_C23\FaceShifter/896_128.mp4,531,530,1,0,1,True,1,[0],FaceShifter,test,1
FaceForensics++_C23\FaceShifter/897_969.mp4,333,332,1,0,1,True,1,[0],FaceShifter,train,1
FaceForensics++_C23\FaceShifter/898_922.mp4,349,348,1,0,1,True,1,[0],FaceShifter,val,1
FaceForensics++_C23\FaceShifter/899_914.mp4,560,559,1,0,1,True,1,[0],FaceShifter,train,1
FaceForensics++_C23\FaceShifter/900_926.mp4,341,340,1,0,1,True,1,[0],FaceShifter,val,1
FaceForensics++_C23\FaceShifter/901_902.mp4,523,522,1,0,1,True,1,[0],FaceShifter,train,1
FaceForensics++_C23\FaceShifter/902_901.mp4,295,294,1,0,1,True,1,[0],FaceShifter,train,1
FaceForensics++_C23\FaceShifter/903_792.mp4,567,556,11,3,8,True,11,"[0, 16, 19, 17, 18, 21, 565, 357, 360, 359, 358]",FaceShifter,train,1
FaceForensics++_C23\FaceShifter/904_046.mp4,359,358,1,0,1,True,1,[0],FaceShifter,val,1
FaceForensics++_C23\FaceShifter/905_860.mp4,382,375,7,2,5,True,7,"[0, 169, 376, 375, 246, 377, 381]",FaceShifter,train,1
FaceForensics++_C23\FaceShifter/906_847.mp4,389,388,1,0,1,True,1,[0],FaceShifter,test,1
FaceForensics++_C23\FaceShifter/907_795.mp4,525,524,1,0,1,True,1,[0],FaceShifter,train,1
FaceForensics++_C23\FaceShifter/908_207.mp4,667,664,3,1,2,True,3,"[462, 0, 316]",FaceShifter,train,1
FaceForensics++_C23\FaceShifter/909_857.mp4,637,636,1,0,1,True,1,[0],FaceShifter,val,1
FaceForensics++_C23\FaceShifter/910_911.mp4,292,291,1,0,1,True,1,[0],FaceShifter,train,1
FaceForensics++_C23\FaceShifter/911_910.mp4,329,328,1,0,1,True,1,[0],FaceShifter,train,1
FaceForensics++_C23\FaceShifter/912_927.mp4,647,646,1,0,1,True,1,[0],FaceShifter,val,1
FaceForensics++_C23\FaceShifter/913_893.mp4,634,633,1,0,1,True,1,[0],FaceShifter,train,1
FaceForensics++_C23\FaceShifter/914_899.mp4,307,306,1,0,1,True,1,[0],FaceShifter,train,1
FaceForensics++_C23\FaceShifter/915_895.mp4,352,351,1,0,1,True,1,[0],FaceShifter,val,1
FaceForensics++_C23\FaceShifter/916_783.mp4,484,479,5,2,3,True,5,"[0, 4, 3, 5, 6]",FaceShifter,train,1
FaceForensics++_C23\FaceShifter/917_924.mp4,448,442,6,2,4,True,6,"[447, 77, 80, 78, 76, 0]",FaceShifter,test,1
FaceForensics++_C23\FaceShifter/918_934.mp4,472,471,1,0,1,True,1,[0],FaceShifter,train,1
FaceForensics++_C23\FaceShifter/919_015.mp4,534,532,2,1,1,True,2,"[533, 0]",FaceShifter,test,1
FaceForensics++_C23\FaceShifter/920_811.mp4,371,364,7,2,5,True,7,"[0, 138, 136, 139, 141, 133, 140]",FaceShifter,train,1
FaceForensics++_C23\FaceShifter/921_569.mp4,296,295,1,0,1,True,1,[0],FaceShifter,train,1
FaceForensics++_C23\FaceShifter/922_898.mp4,616,609,7,2,5,True,7,"[409, 242, 485, 166, 90, 334, 0]",FaceShifter,val,1
FaceForensics++_C23\FaceShifter/923_023.mp4,602,601,1,0,1,True,1,[0],FaceShifter,val,1
FaceForensics++_C23\FaceShifter/924_917.mp4,1248,1247,1,0,1,True,1,[0],FaceShifter,test,1
FaceForensics++_C23\FaceShifter/925_933.mp4,356,355,1,0,1,True,1,[0],FaceShifter,val,1
FaceForensics++_C23\FaceShifter/926_900.mp4,333,332,1,0,1,True,1,[0],FaceShifter,val,1
FaceForensics++_C23\FaceShifter/927_912.mp4,697,696,1,0,1,True,1,[0],FaceShifter,val,1
FaceForensics++_C23\FaceShifter/928_160.mp4,376,375,1,0,1,True,1,[0],FaceShifter,train,1
FaceForensics++_C23\FaceShifter/929_962.mp4,462,460,2,1,1,True,2,"[0, 421]",FaceShifter,train,1
FaceForensics++_C23\FaceShifter/930_763.mp4,448,192,256,77,179,False,20,"[0, 291, 373, 12, 377, 184, 288, 381, 281, 207, 361, 365, 369, 257, 379, 160, 355, 27, 254, 376]",FaceShifter,train,1
FaceForensics++_C23\FaceShifter/931_936.mp4,319,318,1,0,1,True,1,[0],FaceShifter,train,1
FaceForensics++_C23\FaceShifter/932_384.mp4,484,447,37,11,26,False,20,"[0, 346, 347, 348, 350, 349, 353, 352, 351, 288, 287, 285, 72, 71, 286, 428, 479, 426, 478, 53]",FaceShifter,test,1
FaceForensics++_C23\FaceShifter/933_925.mp4,494,493,1,0,1,True,1,[0],FaceShifter,val,1
FaceForensics++_C23\FaceShifter/934_918.mp4,377,376,1,0,1,True,1,[0],FaceShifter,train,1
FaceForensics++_C23\FaceShifter/935_733.mp4,540,536,4,1,3,True,4,"[0, 303, 302, 309]",FaceShifter,train,1
FaceForensics++_C23\FaceShifter/936_931.mp4,297,285,12,4,8,True,12,"[159, 158, 168, 176, 166, 160, 161, 0, 164, 165, 162, 163]",FaceShifter,train,1
FaceForensics++_C23\FaceShifter/937_888.mp4,455,426,29,9,20,False,20,"[0, 241, 162, 161, 32, 25, 26, 168, 23, 160, 24, 27, 31, 156, 22, 167, 163, 166, 155, 159]",FaceShifter,train,1
FaceForensics++_C23\FaceShifter/938_987.mp4,369,350,19,6,13,True,19,"[0, 272, 106, 38, 101, 5, 177, 166, 165, 171, 169, 155, 168, 170, 15, 167, 175, 25, 176]",FaceShifter,train,1
FaceForensics++_C23\FaceShifter/939_115.mp4,511,508,3,1,2,True,3,"[0, 509, 510]",FaceShifter,val,1
FaceForensics++_C23\FaceShifter/940_941.mp4,309,308,1,0,1,True,1,[0],FaceShifter,train,1
FaceForensics++_C23\FaceShifter/941_940.mp4,494,493,1,0,1,True,1,[0],FaceShifter,train,1
FaceForensics++_C23\FaceShifter/942_943.mp4,495,494,1,0,1,True,1,[0],FaceShifter,train,1
FaceForensics++_C23\FaceShifter/943_942.mp4,470,469,1,0,1,True,1,[0],FaceShifter,train,1
FaceForensics++_C23\FaceShifter/944_032.mp4,342,341,1,0,1,True,1,[0],FaceShifter,train,1
FaceForensics++_C23\FaceShifter/945_044.mp4,761,741,20,6,14,True,20,"[0, 445, 448, 450, 442, 436, 444, 460, 451, 454, 469, 462, 468, 50, 466, 474, 456, 472, 53, 463]",FaceShifter,test,1
FaceForensics++_C23\FaceShifter/946_049.mp4,462,461,1,0,1,True,1,[0],FaceShifter,train,1
FaceForensics++_C23\FaceShifter/947_951.mp4,641,640,1,0,1,True,1,[0],FaceShifter,val,1
FaceForensics++_C23\FaceShifter/948_965.mp4,434,431,3,1,2,True,3,"[0, 145, 372]",FaceShifter,train,1
FaceForensics++_C23\FaceShifter/949_868.mp4,686,685,1,0,1,True,1,[0],FaceShifter,test,1
FaceForensics++_C23\FaceShifter/950_836.mp4,763,755,8,3,5,True,8,"[0, 453, 736, 735, 724, 734, 733, 725]",FaceShifter,train,1
FaceForensics++_C23\FaceShifter/951_947.mp4,1176,1172,4,1,3,True,4,"[0, 1088, 152, 921]",FaceShifter,val,1
FaceForensics++_C23\FaceShifter/952_882.mp4,700,696,4,1,3,True,4,"[0, 100, 98, 99]",FaceShifter,train,1
FaceForensics++_C23\FaceShifter/953_974.mp4,351,346,5,2,3,True,5,"[91, 217, 257, 0, 350]",FaceShifter,test,1
FaceForensics++_C23\FaceShifter/954_976.mp4,376,375,1,0,1,True,1,[0],FaceShifter,train,1
FaceForensics++_C23\FaceShifter/955_078.mp4,531,523,8,3,5,True,8,"[500, 520, 495, 496, 0, 497, 498, 499]",FaceShifter,test,1
FaceForensics++_C23\FaceShifter/956_958.mp4,542,541,1,0,1,True,1,[0],FaceShifter,val,1
FaceForensics++_C23\FaceShifter/957_959.mp4,418,344,74,22,52,False,20,"[381, 380, 400, 404, 385, 13, 408, 384, 411, 17, 20, 402, 15, 25, 29, 7, 12, 33, 401, 409]",FaceShifter,train,1
FaceForensics++_C23\FaceShifter/958_956.mp4,392,377,15,5,10,True,15,"[0, 5, 7, 16, 17, 274, 26, 25, 28, 24, 340, 284, 335, 325, 289]",FaceShifter,val,1
FaceForensics++_C23\FaceShifter/959_957.mp4,482,477,5,2,3,True,5,"[242, 241, 240, 245, 0]",FaceShifter,train,1
FaceForensics++_C23\FaceShifter/960_999.mp4,345,344,1,0,1,True,1,[0],FaceShifter,train,1
FaceForensics++_C23\FaceShifter/961_069.mp4,323,321,2,1,1,True,2,"[0, 18]",FaceShifter,train,1
FaceForensics++_C23\FaceShifter/962_929.mp4,460,459,1,0,1,True,1,[0],FaceShifter,train,1
FaceForensics++_C23\FaceShifter/963_879.mp4,692,691,1,0,1,True,1,[0],FaceShifter,train,1
FaceForensics++_C23\FaceShifter/964_174.mp4,451,450,1,0,1,True,1,[0],FaceShifter,train,1
FaceForensics++_C23\FaceShifter/965_948.mp4,348,347,1,0,1,True,1,[0],FaceShifter,train,1
FaceForensics++_C23\FaceShifter/966_988.mp4,364,351,13,4,9,True,13,"[291, 292, 362, 363, 290, 1, 0, 74, 73, 72, 270, 68, 32]",FaceShifter,train,1
FaceForensics++_C23\FaceShifter/967_984.mp4,412,407,5,2,3,True,5,"[0, 411, 6, 4, 3]",FaceShifter,train,1
FaceForensics++_C23\FaceShifter/968_884.mp4,300,297,3,1,2,True,3,"[0, 172, 173]",FaceShifter,train,1
FaceForensics++_C23\FaceShifter/969_897.mp4,356,355,1,0,1,True,1,[0],FaceShifter,train,1
FaceForensics++_C23\FaceShifter/970_973.mp4,476,475,1,0,1,True,1,[0],FaceShifter,test,1
FaceForensics++_C23\FaceShifter/971_564.mp4,354,353,1,0,1,True,1,[0],FaceShifter,val,1
FaceForensics++_C23\FaceShifter/972_718.mp4,311,310,1,0,1,True,1,[0],FaceShifter,train,1
FaceForensics++_C23\FaceShifter/973_970.mp4,533,532,1,0,1,True,1,[0],FaceShifter,test,1
FaceForensics++_C23\FaceShifter/974_953.mp4,318,314,4,1,3,True,4,"[0, 243, 244, 242]",FaceShifter,test,1
FaceForensics++_C23\FaceShifter/975_978.mp4,304,303,1,0,1,True,1,[0],FaceShifter,train,1
FaceForensics++_C23\FaceShifter/976_954.mp4,328,324,4,1,3,True,4,"[0, 23, 37, 225]",FaceShifter,train,1
FaceForensics++_C23\FaceShifter/977_075.mp4,651,639,12,4,8,True,12,"[427, 502, 501, 500, 444, 99, 100, 101, 0, 120, 121, 122]",FaceShifter,train,1
FaceForensics++_C23\FaceShifter/978_975.mp4,757,756,1,0,1,True,1,[0],FaceShifter,train,1
FaceForensics++_C23\FaceShifter/979_875.mp4,335,334,1,0,1,True,1,[0],FaceShifter,val,1
FaceForensics++_C23\FaceShifter/980_992.mp4,383,382,1,0,1,True,1,[0],FaceShifter,val,1
FaceForensics++_C23\FaceShifter/981_985.mp4,372,371,1,0,1,True,1,[0],FaceShifter,train,1
FaceForensics++_C23\FaceShifter/982_004.mp4,845,844,1,0,1,True,1,[0],FaceShifter,val,1
FaceForensics++_C23\FaceShifter/983_113.mp4,406,405,1,0,1,True,1,[0],FaceShifter,train,1
FaceForensics++_C23\FaceShifter/984_967.mp4,339,338,1,0,1,True,1,[0],FaceShifter,train,1
FaceForensics++_C23\FaceShifter/985_981.mp4,343,341,2,1,1,True,2,"[0, 8]",FaceShifter,train,1
FaceForensics++_C23\FaceShifter/986_994.mp4,828,827,1,0,1,True,1,[0],FaceShifter,train,1
FaceForensics++_C23\FaceShifter/987_938.mp4,575,574,1,0,1,True,1,[0],FaceShifter,train,1
FaceForensics++_C23\FaceShifter/988_966.mp4,455,454,1,0,1,True,1,[0],FaceShifter,train,1
FaceForensics++_C23\FaceShifter/989_993.mp4,960,959,1,0,1,True,1,[0],FaceShifter,train,1
FaceForensics++_C23\FaceShifter/990_008.mp4,305,302,3,1,2,True,3,"[0, 289, 174]",FaceShifter,train,1
FaceForensics++_C23\FaceShifter/991_064.mp4,402,401,1,0,1,True,1,[0],FaceShifter,val,1
FaceForensics++_C23\FaceShifter/992_980.mp4,718,0,718,216,502,False,20,"[679, 676, 650, 683, 644, 649, 646, 648, 681, 647, 682, 680, 677, 673, 665, 678, 643, 669, 661, 663]",FaceShifter,val,1
FaceForensics++_C23\FaceShifter/993_989.mp4,409,408,1,0,1,True,1,[0],FaceShifter,train,1
FaceForensics++_C23\FaceShifter/994_986.mp4,316,307,9,3,6,True,9,"[299, 253, 57, 92, 144, 139, 143, 140, 0]",FaceShifter,train,1
FaceForensics++_C23\FaceShifter/995_233.mp4,548,547,1,0,1,True,1,[0],FaceShifter,test,1
FaceForensics++_C23\FaceShifter/996_056.mp4,312,309,3,1,2,True,3,"[0, 246, 291]",FaceShifter,train,1
FaceForensics++_C23\FaceShifter/997_040.mp4,438,436,2,1,1,True,2,"[0, 118]",FaceShifter,train,1
FaceForensics++_C23\FaceShifter/998_561.mp4,344,343,1,0,1,True,1,[0],FaceShifter,train,1
FaceForensics++_C23\FaceShifter/999_960.mp4,335,334,1,0,1,True,1,[0],FaceShifter,train,1
FaceForensics++_C23\FaceSwap/002_006.mp4,310,308,2,1,1,True,2,"[82, 0]",FaceSwap,train,1
FaceForensics++_C23\FaceSwap/003_000.mp4,303,302,1,0,1,True,1,[0],FaceSwap,test,1
FaceForensics++_C23\FaceSwap/004_982.mp4,309,305,4,1,3,True,4,"[0, 126, 30, 238]",FaceSwap,val,1
FaceForensics++_C23\FaceSwap/005_010.mp4,385,274,111,33,78,False,20,"[363, 365, 311, 360, 308, 378, 368, 376, 358, 321, 380, 303, 310, 374, 357, 375, 371, 176, 364, 362]",FaceSwap,train,1
FaceForensics++_C23\FaceSwap/006_002.mp4,310,309,1,0,1,True,1,[0],FaceSwap,train,1
FaceForensics++_C23\FaceSwap/007_132.mp4,413,411,2,1,1,True,2,"[34, 0]",FaceSwap,train,1
FaceForensics++_C23\FaceSwap/008_990.mp4,305,304,1,0,1,True,1,[0],FaceSwap,train,1
FaceForensics++_C23\FaceSwap/009_027.mp4,315,314,1,0,1,True,1,[0],FaceSwap,train,1
FaceForensics++_C23\FaceSwap/010_005.mp4,385,383,2,1,1,True,2,"[373, 0]",FaceSwap,train,1
FaceForensics++_C23\FaceSwap/011_805.mp4,411,406,5,2,3,True,5,"[0, 134, 215, 120, 135]",FaceSwap,train,1
FaceForensics++_C23\FaceSwap/012_026.mp4,322,310,12,4,8,True,12,"[34, 7, 3, 11, 12, 13, 4, 8, 5, 15, 0, 16]",FaceSwap,test,1
FaceForensics++_C23\FaceSwap/013_883.mp4,332,320,12,4,8,True,12,"[0, 239, 238, 237, 236, 47, 50, 235, 45, 49, 48, 46]",FaceSwap,train,1
FaceForensics++_C23\FaceSwap/014_790.mp4,676,0,676,203,473,False,20,"[141, 140, 120, 128, 142, 122, 126, 121, 127, 112, 139, 100, 136, 119, 110, 135, 341, 118, 134, 130]",FaceSwap,train,1
FaceForensics++_C23\FaceSwap/015_919.mp4,437,434,3,1,2,True,3,"[0, 253, 233]",FaceSwap,test,1
FaceForensics++_C23\FaceSwap/016_209.mp4,337,336,1,0,1,True,1,[0],FaceSwap,train,1
FaceForensics++_C23\FaceSwap/017_803.mp4,297,294,3,1,2,True,3,"[117, 0, 190]",FaceSwap,train,1
FaceForensics++_C23\FaceSwap/018_019.mp4,432,431,1,0,1,True,1,[0],FaceSwap,train,1
FaceForensics++_C23\FaceSwap/019_018.mp4,432,431,1,0,1,True,1,[0],FaceSwap,train,1
FaceForensics++_C23\FaceSwap/020_344.mp4,390,389,1,0,1,True,1,[0],FaceSwap,train,1
FaceForensics++_C23\FaceSwap/021_312.mp4,428,427,1,0,1,True,1,[0],FaceSwap,train,1
FaceForensics++_C23\FaceSwap/022_489.mp4,325,323,2,1,1,True,2,"[0, 324]",FaceSwap,train,1
FaceForensics++_C23\FaceSwap/023_923.mp4,553,474,79,24,55,False,20,"[0, 1, 2, 3, 457, 472, 482, 385, 5, 433, 296, 425, 427, 4, 548, 387, 389, 7, 462, 391]",FaceSwap,val,1
FaceForensics++_C23\FaceSwap/024_073.mp4,306,301,5,2,3,True,5,"[225, 228, 0, 227, 224]",FaceSwap,test,1
FaceForensics++_C23\FaceSwap/025_067.mp4,538,537,1,0,1,True,1,[0],FaceSwap,train,1
FaceForensics++_C23\FaceSwap/026_012.mp4,322,321,1,0,1,True,1,[0],FaceSwap,test,1
FaceForensics++_C23\FaceSwap/027_009.mp4,315,308,7,2,5,True,7,"[211, 0, 264, 270, 161, 265, 263]",FaceSwap,train,1
FaceForensics++_C23\FaceSwap/028_068.mp4,401,400,1,0,1,True,1,[0],FaceSwap,train,1
FaceForensics++_C23\FaceSwap/029_048.mp4,416,415,1,0,1,True,1,[0],FaceSwap,test,1
FaceForensics++_C23\FaceSwap/030_193.mp4,297,202,95,29,66,False,20,"[72, 30, 238, 237, 239, 19, 39, 43, 103, 282, 68, 292, 277, 286, 279, 287, 283, 278, 157, 14]",FaceSwap,train,1
FaceForensics++_C23\FaceSwap/031_163.mp4,304,303,1,0,1,True,1,[0],FaceSwap,train,1
FaceForensics++_C23\FaceSwap/032_944.mp4,310,288,22,7,15,True,20,"[108, 0, 296, 298, 299, 297, 300, 302, 303, 246, 158, 157, 304, 159, 306, 307, 305, 243, 308, 309]",FaceSwap,train,1
FaceForensics++_C23\FaceSwap/033_097.mp4,478,475,3,1,2,True,3,"[215, 0, 214]",FaceSwap,train,1
FaceForensics++_C23\FaceSwap/034_590.mp4,407,403,4,1,3,True,4,"[189, 328, 143, 0]",FaceSwap,train,1
FaceForensics++_C23\FaceSwap/035_036.mp4,337,336,1,0,1,True,1,[0],FaceSwap,test,1
FaceForensics++_C23\FaceSwap/036_035.mp4,337,317,20,6,14,True,20,"[292, 302, 307, 297, 317, 312, 336, 237, 232, 0, 227, 151, 10, 222, 30, 15, 35, 20, 146, 111]",FaceSwap,test,1
FaceForensics++_C23\FaceSwap/037_072.mp4,311,310,1,0,1,True,1,[0],FaceSwap,train,1
FaceForensics++_C23\FaceSwap/038_125.mp4,305,303,2,1,1,True,2,"[0, 294]",FaceSwap,train,1
FaceForensics++_C23\FaceSwap/039_058.mp4,609,606,3,1,2,True,3,"[0, 159, 156]",FaceSwap,train,1
FaceForensics++_C23\FaceSwap/040_997.mp4,438,435,3,1,2,True,3,"[185, 422, 0]",FaceSwap,train,1
FaceForensics++_C23\FaceSwap/041_063.mp4,349,348,1,0,1,True,1,[0],FaceSwap,train,1
FaceForensics++_C23\FaceSwap/042_084.mp4,338,309,29,9,20,False,20,"[262, 261, 288, 64, 303, 0, 260, 291, 96, 312, 239, 289, 240, 321, 304, 302, 320, 319, 313, 317]",FaceSwap,val,1
FaceForensics++_C23\FaceSwap/043_110.mp4,495,491,4,1,3,True,4,"[71, 72, 0, 73]",FaceSwap,train,1
FaceForensics++_C23\FaceSwap/044_945.mp4,335,329,6,2,4,True,6,"[174, 175, 176, 235, 236, 0]",FaceSwap,test,1
FaceForensics++_C23\FaceSwap/045_889.mp4,329,328,1,0,1,True,1,[0],FaceSwap,train,1
FaceForensics++_C23\FaceSwap/046_904.mp4,359,358,1,0,1,True,1,[0],FaceSwap,val,1
FaceForensics++_C23\FaceSwap/047_862.mp4,319,317,2,1,1,True,2,"[0, 23]",FaceSwap,test,1
FaceForensics++_C23\FaceSwap/048_029.mp4,416,415,1,0,1,True,1,[0],FaceSwap,test,1
FaceForensics++_C23\FaceSwap/049_946.mp4,360,355,5,2,3,True,5,"[0, 355, 356, 354, 353]",FaceSwap,train,1
FaceForensics++_C23\FaceSwap/050_059.mp4,530,527,3,1,2,True,3,"[153, 0, 152]",FaceSwap,train,1
FaceForensics++_C23\FaceSwap/051_332.mp4,695,694,1,0,1,True,1,[0],FaceSwap,train,1
FaceForensics++_C23\FaceSwap/052_108.mp4,300,299,1,0,1,True,1,[0],FaceSwap,train,1
FaceForensics++_C23\FaceSwap/053_095.mp4,417,416,1,0,1,True,1,[0],FaceSwap,train,1
FaceForensics++_C23\FaceSwap/054_071.mp4,368,367,1,0,1,True,1,[0],FaceSwap,train,1
FaceForensics++_C23\FaceSwap/055_147.mp4,394,393,1,0,1,True,1,[0],FaceSwap,train,1
FaceForensics++_C23\FaceSwap/056_996.mp4,312,311,1,0,1,True,1,[0],FaceSwap,train,1
FaceForensics++_C23\FaceSwap/057_070.mp4,367,363,4,1,3,True,4,"[0, 1, 2, 43]",FaceSwap,train,1
FaceForensics++_C23\FaceSwap/058_039.mp4,609,608,1,0,1,True,1,[0],FaceSwap,train,1
FaceForensics++_C23\FaceSwap/059_050.mp4,530,529,1,0,1,True,1,[0],FaceSwap,train,1
FaceForensics++_C23\FaceSwap/060_088.mp4,665,200,465,140,325,False,20,"[531, 185, 556, 555, 353, 208, 355, 181, 357, 358, 354, 588, 656, 519, 623, 606, 356, 74, 83, 107]",FaceSwap,train,1
FaceForensics++_C23\FaceSwap/061_080.mp4,337,336,1,0,1,True,1,[0],FaceSwap,train,1
FaceForensics++_C23\FaceSwap/062_066.mp4,423,422,1,0,1,True,1,[0],FaceSwap,train,1
FaceForensics++_C23\FaceSwap/063_041.mp4,349,348,1,0,1,True,1,[0],FaceSwap,train,1
FaceForensics++_C23\FaceSwap/064_991.mp4,402,398,4,1,3,True,4,"[65, 60, 0, 10]",FaceSwap,val,1
FaceForensics++_C23\FaceSwap/065_089.mp4,442,434,8,3,5,True,8,"[150, 155, 151, 154, 152, 156, 153, 0]",FaceSwap,train,1
FaceForensics++_C23\FaceSwap/066_062.mp4,423,315,108,33,75,False,20,"[387, 339, 384, 340, 350, 338, 336, 386, 383, 351, 334, 341, 330, 333, 348, 371, 332, 335, 388, 396]",FaceSwap,train,1
FaceForensics++_C23\FaceSwap/067_025.mp4,538,537,1,0,1,True,1,[0],FaceSwap,train,1
FaceForensics++_C23\FaceSwap/068_028.mp4,401,388,13,4,9,True,13,"[174, 0, 171, 173, 282, 185, 187, 172, 184, 186, 278, 276, 277]",FaceSwap,train,1
FaceForensics++_C23\FaceSwap/069_961.mp4,323,255,68,21,47,False,20,"[201, 200, 199, 108, 194, 139, 133, 290, 278, 0, 103, 55, 296, 284, 138, 102, 297, 107, 193, 46]",FaceSwap,train,1
FaceForensics++_C23\FaceSwap/070_057.mp4,367,342,25,8,17,True,20,"[0, 287, 267, 277, 284, 264, 261, 228, 279, 288, 276, 286, 285, 265, 266, 269, 281, 268, 260, 263]",FaceSwap,train,1
FaceForensics++_C23\FaceSwap/071_054.mp4,368,327,41,12,29,False,20,"[0, 208, 206, 340, 18, 234, 271, 115, 266, 274, 232, 283, 236, 272, 290, 278, 235, 273, 284, 178]",FaceSwap,train,1
FaceForensics++_C23\FaceSwap/072_037.mp4,311,307,4,1,3,True,4,"[0, 225, 226, 227]",FaceSwap,train,1
FaceForensics++_C23\FaceSwap/073_024.mp4,306,305,1,0,1,True,1,[0],FaceSwap,test,1
FaceForensics++_C23\FaceSwap/074_825.mp4,345,344,1,0,1,True,1,[0],FaceSwap,train,1
FaceForensics++_C23\FaceSwap/075_977.mp4,613,567,46,14,32,False,20,"[0, 2, 1, 44, 43, 279, 36, 29, 410, 411, 32, 417, 31, 412, 413, 416, 414, 30, 415, 574]",FaceSwap,train,1
FaceForensics++_C23\FaceSwap/076_079.mp4,329,328,1,0,1,True,1,[0],FaceSwap,train,1
FaceForensics++_C23\FaceSwap/077_100.mp4,423,422,1,0,1,True,1,[0],FaceSwap,train,1
FaceForensics++_C23\FaceSwap/078_955.mp4,523,522,1,0,1,True,1,[0],FaceSwap,test,1
FaceForensics++_C23\FaceSwap/079_076.mp4,329,328,1,0,1,True,1,[0],FaceSwap,train,1
FaceForensics++_C23\FaceSwap/080_061.mp4,337,336,1,0,1,True,1,[0],FaceSwap,train,1
FaceForensics++_C23\FaceSwap/081_087.mp4,309,308,1,0,1,True,1,[0],FaceSwap,train,1
FaceForensics++_C23\FaceSwap/082_103.mp4,316,315,1,0,1,True,1,[0],FaceSwap,train,1
FaceForensics++_C23\FaceSwap/083_213.mp4,378,377,1,0,1,True,1,[0],FaceSwap,train,1
FaceForensics++_C23\FaceSwap/084_042.mp4,338,337,1,0,1,True,1,[0],FaceSwap,val,1
FaceForensics++_C23\FaceSwap/085_124.mp4,318,317,1,0,1,True,1,[0],FaceSwap,train,1
FaceForensics++_C23\FaceSwap/086_090.mp4,687,686,1,0,1,True,1,[0],FaceSwap,train,1
FaceForensics++_C23\FaceSwap/087_081.mp4,309,308,1,0,1,True,1,[0],FaceSwap,train,1
FaceForensics++_C23\FaceSwap/088_060.mp4,665,618,47,14,33,False,20,"[212, 121, 122, 232, 123, 215, 120, 125, 453, 126, 217, 190, 192, 127, 457, 235, 45, 128, 86, 133]",FaceSwap,train,1
FaceForensics++_C23\FaceSwap/089_065.mp4,442,441,1,0,1,True,1,[0],FaceSwap,train,1
FaceForensics++_C23\FaceSwap/090_086.mp4,687,575,112,34,78,False,20,"[58, 208, 291, 209, 124, 289, 76, 287, 48, 75, 227, 262, 171, 0, 148, 585, 129, 373, 133, 74]",FaceSwap,train,1
FaceForensics++_C23\FaceSwap/091_116.mp4,327,325,2,1,1,True,2,"[31, 0]",FaceSwap,val,1
FaceForensics++_C23\FaceSwap/092_098.mp4,299,298,1,0,1,True,1,[0],FaceSwap,train,1
FaceForensics++_C23\FaceSwap/093_121.mp4,308,307,1,0,1,True,1,[0],FaceSwap,train,1
FaceForensics++_C23\FaceSwap/094_111.mp4,433,432,1,0,1,True,1,[0],FaceSwap,train,1
FaceForensics++_C23\FaceSwap/095_053.mp4,417,416,1,0,1,True,1,[0],FaceSwap,train,1
FaceForensics++_C23\FaceSwap/096_101.mp4,504,503,1,0,1,True,1,[0],FaceSwap,train,1
FaceForensics++_C23\FaceSwap/097_033.mp4,478,472,6,2,4,True,6,"[29, 28, 27, 26, 0, 25]",FaceSwap,train,1
FaceForensics++_C23\FaceSwap/098_092.mp4,299,298,1,0,1,True,1,[0],FaceSwap,train,1
FaceForensics++_C23\FaceSwap/099_295.mp4,411,405,6,2,4,True,6,"[151, 0, 152, 328, 327, 326]",FaceSwap,train,1
FaceForensics++_C23\FaceSwap/100_077.mp4,423,422,1,0,1,True,1,[0],FaceSwap,train,1
FaceForensics++_C23\FaceSwap/101_096.mp4,504,503,1,0,1,True,1,[0],FaceSwap,train,1
FaceForensics++_C23\FaceSwap/102_114.mp4,389,388,1,0,1,True,1,[0],FaceSwap,test,1
FaceForensics++_C23\FaceSwap/103_082.mp4,316,309,7,2,5,True,7,"[0, 281, 275, 279, 276, 277, 278]",FaceSwap,train,1
FaceForensics++_C23\FaceSwap/104_126.mp4,328,229,99,30,69,False,20,"[250, 248, 247, 253, 246, 157, 244, 251, 151, 240, 252, 243, 158, 183, 40, 245, 154, 319, 39, 38]",FaceSwap,val,1
FaceForensics++_C23\FaceSwap/105_180.mp4,300,266,34,10,24,False,20,"[38, 120, 0, 135, 138, 139, 140, 141, 142, 177, 237, 260, 187, 278, 217, 272, 197, 172, 232, 167]",FaceSwap,train,1
FaceForensics++_C23\FaceSwap/106_198.mp4,356,355,1,0,1,True,1,[0],FaceSwap,val,1
FaceForensics++_C23\FaceSwap/107_109.mp4,298,297,1,0,1,True,1,[0],FaceSwap,train,1
FaceForensics++_C23\FaceSwap/108_052.mp4,300,291,9,3,6,True,9,"[295, 297, 296, 299, 298, 115, 116, 111, 0]",FaceSwap,train,1
FaceForensics++_C23\FaceSwap/109_107.mp4,298,297,1,0,1,True,1,[0],FaceSwap,train,1
FaceForensics++_C23\FaceSwap/110_043.mp4,495,494,1,0,1,True,1,[0],FaceSwap,train,1
FaceForensics++_C23\FaceSwap/111_094.mp4,433,432,1,0,1,True,1,[0],FaceSwap,train,1
FaceForensics++_C23\FaceSwap/112_892.mp4,311,251,60,18,42,False,20,"[190, 189, 264, 214, 191, 213, 215, 283, 216, 217, 285, 207, 287, 266, 192, 310, 282, 305, 284, 267]",FaceSwap,train,1
FaceForensics++_C23\FaceSwap/113_983.mp4,406,404,2,1,1,True,2,"[14, 0]",FaceSwap,train,1
FaceForensics++_C23\FaceSwap/114_102.mp4,389,388,1,0,1,True,1,[0],FaceSwap,test,1
FaceForensics++_C23\FaceSwap/115_939.mp4,320,319,1,0,1,True,1,[0],FaceSwap,val,1
FaceForensics++_C23\FaceSwap/116_091.mp4,327,326,1,0,1,True,1,[0],FaceSwap,val,1
FaceForensics++_C23\FaceSwap/117_217.mp4,548,491,57,17,40,False,20,"[254, 431, 233, 432, 256, 234, 508, 255, 429, 430, 506, 451, 504, 63, 62, 507, 299, 505, 503, 423]",FaceSwap,train,1
FaceForensics++_C23\FaceSwap/118_120.mp4,352,346,6,2,4,True,6,"[0, 15, 14, 16, 139, 138]",FaceSwap,train,1
FaceForensics++_C23\FaceSwap/119_123.mp4,502,500,2,1,1,True,2,"[0, 501]",FaceSwap,train,1
FaceForensics++_C23\FaceSwap/120_118.mp4,352,351,1,0,1,True,1,[0],FaceSwap,train,1
FaceForensics++_C23\FaceSwap/121_093.mp4,308,306,2,1,1,True,2,"[0, 192]",FaceSwap,train,1
FaceForensics++_C23\FaceSwap/122_144.mp4,309,291,18,6,12,True,18,"[293, 294, 246, 0, 296, 238, 247, 248, 295, 255, 32, 216, 215, 212, 214, 33, 213, 34]",FaceSwap,train,1
FaceForensics++_C23\FaceSwap/123_119.mp4,502,501,1,0,1,True,1,[0],FaceSwap,train,1
FaceForensics++_C23\FaceSwap/124_085.mp4,318,289,29,9,20,False,20,"[165, 164, 17, 167, 23, 166, 15, 16, 214, 14, 0, 11, 25, 24, 44, 12, 18, 59, 51, 47]",FaceSwap,train,1
FaceForensics++_C23\FaceSwap/125_038.mp4,305,298,7,2,5,True,7,"[149, 150, 148, 299, 300, 301, 0]",FaceSwap,train,1
FaceForensics++_C23\FaceSwap/126_104.mp4,328,266,62,19,43,False,20,"[94, 285, 90, 257, 69, 2, 113, 260, 92, 282, 256, 110, 281, 112, 261, 116, 174, 130, 1, 188]",FaceSwap,val,1
FaceForensics++_C23\FaceSwap/127_129.mp4,330,329,1,0,1,True,1,[0],FaceSwap,train,1
FaceForensics++_C23\FaceSwap/128_896.mp4,531,530,1,0,1,True,1,[0],FaceSwap,test,1
FaceForensics++_C23\FaceSwap/129_127.mp4,330,328,2,1,1,True,2,"[263, 0]",FaceSwap,train,1
FaceForensics++_C23\FaceSwap/130_139.mp4,378,357,21,6,15,True,20,"[0, 84, 85, 65, 63, 53, 61, 64, 66, 62, 54, 101, 111, 60, 110, 55, 109, 56, 57, 58]",FaceSwap,train,1
FaceForensics++_C23\FaceSwap/131_518.mp4,295,294,1,0,1,True,1,[0],FaceSwap,train,1
FaceForensics++_C23\FaceSwap/132_007.mp4,413,412,1,0,1,True,1,[0],FaceSwap,train,1
FaceForensics++_C23\FaceSwap/133_148.mp4,475,474,1,0,1,True,1,[0],FaceSwap,train,1
FaceForensics++_C23\FaceSwap/134_192.mp4,287,283,4,1,3,True,4,"[0, 228, 226, 227]",FaceSwap,val,1
FaceForensics++_C23\FaceSwap/135_880.mp4,327,326,1,0,1,True,1,[0],FaceSwap,test,1
FaceForensics++_C23\FaceSwap/136_285.mp4,383,381,2,1,1,True,2,"[0, 342]",FaceSwap,train,1
FaceForensics++_C23\FaceSwap/137_165.mp4,387,347,40,12,28,False,20,"[296, 386, 336, 335, 34, 29, 250, 301, 8, 381, 39, 325, 64, 24, 306, 0, 376, 14, 95, 9]",FaceSwap,train,1
FaceForensics++_C23\FaceSwap/138_142.mp4,410,409,1,0,1,True,1,[0],FaceSwap,test,1
FaceForensics++_C23\FaceSwap/139_130.mp4,378,377,1,0,1,True,1,[0],FaceSwap,train,1
FaceForensics++_C23\FaceSwap/140_143.mp4,414,379,35,11,24,False,20,"[391, 151, 383, 148, 386, 149, 152, 390, 150, 147, 4, 385, 24, 6, 10, 8, 2, 27, 25, 14]",FaceSwap,train,1
FaceForensics++_C23\FaceSwap/141_161.mp4,369,364,5,2,3,True,5,"[138, 0, 24, 20, 23]",FaceSwap,test,1
FaceForensics++_C23\FaceSwap/142_138.mp4,410,409,1,0,1,True,1,[0],FaceSwap,test,1
FaceForensics++_C23\FaceSwap/143_140.mp4,414,413,1,0,1,True,1,[0],FaceSwap,train,1
FaceForensics++_C23\FaceSwap/144_122.mp4,309,308,1,0,1,True,1,[0],FaceSwap,train,1
FaceForensics++_C23\FaceSwap/145_299.mp4,314,313,1,0,1,True,1,[0],FaceSwap,val,1
FaceForensics++_C23\FaceSwap/146_256.mp4,546,524,22,7,15,True,20,"[0, 7, 52, 3, 5, 51, 53, 31, 111, 29, 109, 119, 114, 57, 97, 115, 63, 54, 117, 113]",FaceSwap,train,1
FaceForensics++_C23\FaceSwap/147_055.mp4,394,368,26,8,18,True,20,"[154, 156, 265, 114, 361, 150, 108, 180, 120, 271, 385, 78, 0, 216, 11, 210, 17, 66, 72, 240]",FaceSwap,train,1
FaceForensics++_C23\FaceSwap/148_133.mp4,475,474,1,0,1,True,1,[0],FaceSwap,train,1
FaceForensics++_C23\FaceSwap/149_152.mp4,313,312,1,0,1,True,1,[0],FaceSwap,train,1
FaceForensics++_C23\FaceSwap/150_153.mp4,456,454,2,1,1,True,2,"[0, 146]",FaceSwap,train,1
FaceForensics++_C23\FaceSwap/151_225.mp4,304,302,2,1,1,True,2,"[0, 20]",FaceSwap,train,1
FaceForensics++_C23\FaceSwap/152_149.mp4,313,312,1,0,1,True,1,[0],FaceSwap,train,1
FaceForensics++_C23\FaceSwap/153_150.mp4,456,452,4,1,3,True,4,"[55, 54, 53, 0]",FaceSwap,train,1
FaceForensics++_C23\FaceSwap/154_386.mp4,449,439,10,3,7,True,10,"[333, 335, 334, 337, 332, 338, 336, 322, 321, 0]",FaceSwap,test,1
FaceForensics++_C23\FaceSwap/155_576.mp4,461,460,1,0,1,True,1,[0],FaceSwap,train,1
FaceForensics++_C23\FaceSwap/156_243.mp4,387,385,2,1,1,True,2,"[0, 106]",FaceSwap,train,1
FaceForensics++_C23\FaceSwap/157_245.mp4,334,332,2,1,1,True,2,"[48, 0]",FaceSwap,val,1
FaceForensics++_C23\FaceSwap/158_379.mp4,341,340,1,0,1,True,1,[0],FaceSwap,test,1
FaceForensics++_C23\FaceSwap/159_175.mp4,325,320,5,2,3,True,5,"[0, 123, 56, 57, 25]",FaceSwap,val,1
FaceForensics++_C23\FaceSwap/160_928.mp4,376,375,1,0,1,True,1,[0],FaceSwap,train,1
FaceForensics++_C23\FaceSwap/161_141.mp4,369,368,1,0,1,True,1,[0],FaceSwap,test,1
FaceForensics++_C23\FaceSwap/162_330.mp4,407,390,17,5,12,True,17,"[0, 168, 288, 164, 163, 165, 167, 212, 211, 162, 243, 213, 244, 245, 210, 161, 250]",FaceSwap,train,1
FaceForensics++_C23\FaceSwap/163_031.mp4,304,303,1,0,1,True,1,[0],FaceSwap,train,1
FaceForensics++_C23\FaceSwap/164_216.mp4,476,473,3,1,2,True,3,"[0, 288, 287]",FaceSwap,train,1
FaceForensics++_C23\FaceSwap/165_137.mp4,387,386,1,0,1,True,1,[0],FaceSwap,train,1
FaceForensics++_C23\FaceSwap/166_167.mp4,341,340,1,0,1,True,1,[0],FaceSwap,train,1
FaceForensics++_C23\FaceSwap/167_166.mp4,341,340,1,0,1,True,1,[0],FaceSwap,train,1
FaceForensics++_C23\FaceSwap/168_222.mp4,407,406,1,0,1,True,1,[0],FaceSwap,train,1
FaceForensics++_C23\FaceSwap/169_227.mp4,441,440,1,0,1,True,1,[0],FaceSwap,test,1
FaceForensics++_C23\FaceSwap/170_186.mp4,334,310,24,7,17,True,20,"[306, 268, 283, 266, 263, 264, 299, 267, 284, 265, 298, 304, 300, 285, 302, 303, 0, 301, 278, 277]",FaceSwap,test,1
FaceForensics++_C23\FaceSwap/171_173.mp4,541,540,1,0,1,True,1,[0],FaceSwap,train,1
FaceForensics++_C23\FaceSwap/172_582.mp4,431,430,1,0,1,True,1,[0],FaceSwap,train,1
FaceForensics++_C23\FaceSwap/173_171.mp4,541,459,82,25,57,False,20,"[375, 376, 535, 534, 533, 531, 255, 338, 177, 254, 250, 257, 258, 339, 479, 249, 349, 329, 496, 325]",FaceSwap,train,1
FaceForensics++_C23\FaceSwap/174_964.mp4,414,412,2,1,1,True,2,"[200, 0]",FaceSwap,train,1
FaceForensics++_C23\FaceSwap/175_159.mp4,325,322,3,1,2,True,3,"[0, 121, 120]",FaceSwap,val,1
FaceForensics++_C23\FaceSwap/176_190.mp4,331,274,57,17,40,False,20,"[178, 235, 153, 233, 236, 234, 179, 176, 145, 281, 175, 278, 180, 144, 276, 231, 174, 279, 230, 261]",FaceSwap,test,1
FaceForensics++_C23\FaceSwap/177_211.mp4,410,386,24,7,17,True,20,"[7, 2, 5, 1, 6, 0, 8, 318, 310, 317, 319, 320, 312, 308, 282, 311, 386, 309, 352, 306]",FaceSwap,train,1
FaceForensics++_C23\FaceSwap/178_598.mp4,521,520,1,0,1,True,1,[0],FaceSwap,train,1
FaceForensics++_C23\FaceSwap/179_212.mp4,415,406,9,3,6,True,9,"[278, 249, 0, 99, 302, 363, 230, 204, 390]",FaceSwap,train,1
FaceForensics++_C23\FaceSwap/180_105.mp4,300,298,2,1,1,True,2,"[38, 0]",FaceSwap,train,1
FaceForensics++_C23\FaceSwap/181_199.mp4,368,367,1,0,1,True,1,[0],FaceSwap,train,1
FaceForensics++_C23\FaceSwap/182_242.mp4,331,330,1,0,1,True,1,[0],FaceSwap,train,1
FaceForensics++_C23\FaceSwap/183_253.mp4,390,389,1,0,1,True,1,[0],FaceSwap,train,1
FaceForensics++_C23\FaceSwap/184_205.mp4,307,306,1,0,1,True,1,[0],FaceSwap,train,1
FaceForensics++_C23\FaceSwap/185_276.mp4,331,323,8,3,5,True,8,"[0, 249, 253, 252, 254, 250, 248, 251]",FaceSwap,train,1
FaceForensics++_C23\FaceSwap/186_170.mp4,334,333,1,0,1,True,1,[0],FaceSwap,test,1
FaceForensics++_C23\FaceSwap/187_234.mp4,528,477,51,15,36,False,20,"[296, 436, 431, 458, 454, 437, 450, 288, 430, 438, 452, 428, 328, 432, 388, 441, 291, 455, 459, 453]",FaceSwap,train,1
FaceForensics++_C23\FaceSwap/188_191.mp4,310,300,10,3,7,True,10,"[0, 307, 309, 308, 306, 305, 304, 303, 302, 301]",FaceSwap,train,1
FaceForensics++_C23\FaceSwap/189_200.mp4,512,505,7,2,5,True,7,"[88, 84, 87, 85, 86, 0, 511]",FaceSwap,train,1
FaceForensics++_C23\FaceSwap/190_176.mp4,331,328,3,1,2,True,3,"[150, 328, 0]",FaceSwap,test,1
FaceForensics++_C23\FaceSwap/191_188.mp4,310,309,1,0,1,True,1,[0],FaceSwap,train,1
FaceForensics++_C23\FaceSwap/192_134.mp4,287,285,2,1,1,True,2,"[0, 286]",FaceSwap,val,1
FaceForensics++_C23\FaceSwap/193_030.mp4,297,295,2,1,1,True,2,"[1, 0]",FaceSwap,train,1
FaceForensics++_C23\FaceSwap/194_235.mp4,312,306,6,2,4,True,6,"[63, 60, 59, 149, 0, 150]",FaceSwap,train,1
FaceForensics++_C23\FaceSwap/195_442.mp4,333,332,1,0,1,True,1,[0],FaceSwap,train,1
FaceForensics++_C23\FaceSwap/196_310.mp4,375,374,1,0,1,True,1,[0],FaceSwap,train,1
FaceForensics++_C23\FaceSwap/197_224.mp4,488,487,1,0,1,True,1,[0],FaceSwap,train,1
FaceForensics++_C23\FaceSwap/198_106.mp4,356,355,1,0,1,True,1,[0],FaceSwap,val,1
FaceForensics++_C23\FaceSwap/199_181.mp4,368,367,1,0,1,True,1,[0],FaceSwap,train,1
FaceForensics++_C23\FaceSwap/200_189.mp4,512,475,37,11,26,False,20,"[250, 252, 254, 240, 237, 251, 238, 253, 235, 236, 354, 500, 84, 502, 504, 489, 490, 353, 351, 503]",FaceSwap,train,1
FaceForensics++_C23\FaceSwap/201_203.mp4,446,445,1,0,1,True,1,[0],FaceSwap,train,1
FaceForensics++_C23\FaceSwap/202_348.mp4,323,321,2,1,1,True,2,"[0, 322]",FaceSwap,train,1
FaceForensics++_C23\FaceSwap/203_201.mp4,446,392,54,16,38,False,20,"[153, 142, 136, 135, 138, 141, 140, 137, 139, 258, 254, 173, 255, 252, 259, 260, 253, 261, 262, 264]",FaceSwap,train,1
FaceForensics++_C23\FaceSwap/204_230.mp4,372,366,6,2,4,True,6,"[334, 0, 333, 249, 184, 185]",FaceSwap,train,1
FaceForensics++_C23\FaceSwap/205_184.mp4,307,300,7,2,5,True,7,"[3, 4, 0, 6, 2, 1, 5]",FaceSwap,train,1
FaceForensics++_C23\FaceSwap/206_221.mp4,714,713,1,0,1,True,1,[0],FaceSwap,train,1
FaceForensics++_C23\FaceSwap/207_908.mp4,346,344,2,1,1,True,2,"[213, 0]",FaceSwap,train,1
FaceForensics++_C23\FaceSwap/208_215.mp4,465,463,2,1,1,True,2,"[119, 0]",FaceSwap,train,1
FaceForensics++_C23\FaceSwap/209_016.mp4,337,263,74,22,52,False,20,"[0, 235, 229, 232, 283, 254, 260, 120, 238, 226, 250, 241, 277, 257, 244, 280, 223, 122, 284, 262]",FaceSwap,train,1
FaceForensics++_C23\FaceSwap/210_241.mp4,292,288,4,1,3,True,4,"[0, 250, 48, 247]",FaceSwap,train,1
FaceForensics++_C23\FaceSwap/211_177.mp4,410,409,1,0,1,True,1,[0],FaceSwap,train,1
FaceForensics++_C23\FaceSwap/212_179.mp4,415,412,3,1,2,True,3,"[265, 266, 0]",FaceSwap,train,1
FaceForensics++_C23\FaceSwap/213_083.mp4,378,371,7,2,5,True,7,"[0, 318, 314, 312, 313, 310, 354]",FaceSwap,train,1
FaceForensics++_C23\FaceSwap/214_255.mp4,462,457,5,2,3,True,5,"[0, 10, 13, 12, 11]",FaceSwap,test,1
FaceForensics++_C23\FaceSwap/215_208.mp4,465,464,1,0,1,True,1,[0],FaceSwap,train,1
FaceForensics++_C23\FaceSwap/216_164.mp4,476,473,3,1,2,True,3,"[434, 411, 0]",FaceSwap,train,1
FaceForensics++_C23\FaceSwap/217_117.mp4,548,505,43,13,30,False,20,"[59, 31, 99, 211, 58, 35, 37, 0, 60, 38, 36, 194, 69, 70, 72, 193, 196, 197, 71, 195]",FaceSwap,train,1
FaceForensics++_C23\FaceSwap/218_239.mp4,353,352,1,0,1,True,1,[0],FaceSwap,train,1
FaceForensics++_C23\FaceSwap/219_220.mp4,350,339,11,3,8,True,11,"[269, 259, 267, 235, 237, 170, 0, 153, 152, 151, 150]",FaceSwap,test,1
FaceForensics++_C23\FaceSwap/220_219.mp4,350,349,1,0,1,True,1,[0],FaceSwap,test,1
FaceForensics++_C23\FaceSwap/221_206.mp4,714,713,1,0,1,True,1,[0],FaceSwap,train,1
FaceForensics++_C23\FaceSwap/222_168.mp4,407,402,5,2,3,True,5,"[0, 20, 37, 36, 131]",FaceSwap,train,1
FaceForensics++_C23\FaceSwap/223_586.mp4,336,335,1,0,1,True,1,[0],FaceSwap,val,1
FaceForensics++_C23\FaceSwap/224_197.mp4,488,487,1,0,1,True,1,[0],FaceSwap,train,1
FaceForensics++_C23\FaceSwap/225_151.mp4,304,303,1,0,1,True,1,[0],FaceSwap,train,1
FaceForensics++_C23\FaceSwap/226_491.mp4,328,320,8,3,5,True,8,"[18, 0, 17, 105, 327, 19, 20, 21]",FaceSwap,train,1
FaceForensics++_C23\FaceSwap/227_169.mp4,441,439,2,1,1,True,2,"[230, 0]",FaceSwap,test,1
FaceForensics++_C23\FaceSwap/228_289.mp4,556,555,1,0,1,True,1,[0],FaceSwap,train,1
FaceForensics++_C23\FaceSwap/229_247.mp4,392,388,4,1,3,True,4,"[49, 48, 47, 0]",FaceSwap,train,1
FaceForensics++_C23\FaceSwap/230_204.mp4,372,370,2,1,1,True,2,"[0, 371]",FaceSwap,train,1
FaceForensics++_C23\FaceSwap/231_663.mp4,316,315,1,0,1,True,1,[0],FaceSwap,train,1
FaceForensics++_C23\FaceSwap/232_248.mp4,496,495,1,0,1,True,1,[0],FaceSwap,train,1
FaceForensics++_C23\FaceSwap/233_995.mp4,548,543,5,2,3,True,5,"[0, 51, 50, 39, 36]",FaceSwap,test,1
FaceForensics++_C23\FaceSwap/234_187.mp4,528,527,1,0,1,True,1,[0],FaceSwap,train,1
FaceForensics++_C23\FaceSwap/235_194.mp4,312,259,53,16,37,False,20,"[262, 250, 265, 282, 134, 281, 113, 283, 114, 119, 115, 286, 288, 285, 284, 287, 72, 75, 58, 60]",FaceSwap,train,1
FaceForensics++_C23\FaceSwap/236_237.mp4,651,645,6,2,4,True,6,"[346, 625, 510, 225, 0, 170]",FaceSwap,train,1
FaceForensics++_C23\FaceSwap/237_236.mp4,651,650,1,0,1,True,1,[0],FaceSwap,train,1
FaceForensics++_C23\FaceSwap/238_282.mp4,594,593,1,0,1,True,1,[0],FaceSwap,train,1
FaceForensics++_C23\FaceSwap/239_218.mp4,353,347,6,2,4,True,6,"[0, 3, 2, 5, 6, 4]",FaceSwap,train,1
FaceForensics++_C23\FaceSwap/240_290.mp4,422,421,1,0,1,True,1,[0],FaceSwap,train,1
FaceForensics++_C23\FaceSwap/241_210.mp4,292,278,14,4,10,True,14,"[273, 277, 269, 274, 278, 272, 275, 271, 276, 270, 0, 266, 268, 267]",FaceSwap,train,1
FaceForensics++_C23\FaceSwap/242_182.mp4,331,330,1,0,1,True,1,[0],FaceSwap,train,1
FaceForensics++_C23\FaceSwap/243_156.mp4,387,375,12,4,8,True,12,"[76, 77, 75, 86, 356, 100, 35, 0, 70, 71, 69, 131]",FaceSwap,train,1
FaceForensics++_C23\FaceSwap/244_822.mp4,297,296,1,0,1,True,1,[0],FaceSwap,train,1
FaceForensics++_C23\FaceSwap/245_157.mp4,334,333,1,0,1,True,1,[0],FaceSwap,val,1
FaceForensics++_C23\FaceSwap/246_258.mp4,496,495,1,0,1,True,1,[0],FaceSwap,train,1
FaceForensics++_C23\FaceSwap/247_229.mp4,392,354,38,12,26,False,20,"[222, 203, 220, 204, 223, 208, 224, 209, 205, 221, 211, 219, 207, 206, 210, 226, 250, 225, 249, 0]",FaceSwap,train,1
FaceForensics++_C23\FaceSwap/248_232.mp4,496,494,2,1,1,True,2,"[0, 48]",FaceSwap,train,1
FaceForensics++_C23\FaceSwap/249_280.mp4,606,592,14,4,10,True,14,"[169, 0, 549, 554, 546, 548, 552, 551, 545, 542, 544, 555, 541, 539]",FaceSwap,test,1
FaceForensics++_C23\FaceSwap/250_461.mp4,564,563,1,0,1,True,1,[0],FaceSwap,train,1
FaceForensics++_C23\FaceSwap/251_375.mp4,346,345,1,0,1,True,1,[0],FaceSwap,train,1
FaceForensics++_C23\FaceSwap/252_266.mp4,465,420,45,14,31,False,20,"[306, 324, 323, 325, 311, 326, 313, 327, 305, 328, 333, 339, 338, 340, 341, 342, 353, 167, 428, 68]",FaceSwap,train,1
FaceForensics++_C23\FaceSwap/253_183.mp4,390,387,3,1,2,True,3,"[176, 364, 0]",FaceSwap,train,1
FaceForensics++_C23\FaceSwap/254_261.mp4,427,426,1,0,1,True,1,[0],FaceSwap,val,1
FaceForensics++_C23\FaceSwap/255_214.mp4,462,459,3,1,2,True,3,"[188, 288, 0]",FaceSwap,test,1
FaceForensics++_C23\FaceSwap/256_146.mp4,546,529,17,5,12,True,17,"[465, 463, 467, 457, 507, 505, 479, 462, 459, 460, 458, 461, 456, 481, 545, 455, 0]",FaceSwap,train,1
FaceForensics++_C23\FaceSwap/257_420.mp4,763,400,363,109,254,False,20,"[689, 691, 721, 725, 719, 723, 720, 722, 685, 724, 683, 688, 681, 750, 686, 749, 713, 757, 682, 699]",FaceSwap,test,1
FaceForensics++_C23\FaceSwap/258_246.mp4,496,354,142,43,99,False,20,"[150, 147, 149, 146, 165, 13, 164, 12, 14, 15, 18, 162, 167, 16, 176, 163, 175, 161, 11, 7]",FaceSwap,train,1
FaceForensics++_C23\FaceSwap/259_345.mp4,423,417,6,2,4,True,6,"[405, 288, 0, 157, 351, 222]",FaceSwap,train,1
FaceForensics++_C23\FaceSwap/260_331.mp4,302,301,1,0,1,True,1,[0],FaceSwap,train,1
FaceForensics++_C23\FaceSwap/261_254.mp4,427,426,1,0,1,True,1,[0],FaceSwap,val,1
FaceForensics++_C23\FaceSwap/262_301.mp4,397,396,1,0,1,True,1,[0],FaceSwap,train,1
FaceForensics++_C23\FaceSwap/263_284.mp4,300,257,43,13,30,False,20,"[188, 176, 195, 174, 193, 194, 150, 180, 183, 168, 192, 181, 186, 187, 182, 133, 126, 81, 117, 128]",FaceSwap,val,1
FaceForensics++_C23\FaceSwap/264_271.mp4,455,453,2,1,1,True,2,"[454, 0]",FaceSwap,train,1
FaceForensics++_C23\FaceSwap/265_475.mp4,337,336,1,0,1,True,1,[0],FaceSwap,train,1
FaceForensics++_C23\FaceSwap/266_252.mp4,465,423,42,13,29,False,20,"[434, 429, 432, 431, 414, 424, 419, 409, 72, 404, 384, 67, 378, 363, 87, 399, 389, 92, 394, 66]",FaceSwap,train,1
FaceForensics++_C23\FaceSwap/267_286.mp4,306,305,1,0,1,True,1,[0],FaceSwap,train,1
FaceForensics++_C23\FaceSwap/268_269.mp4,387,383,4,1,3,True,4,"[362, 0, 253, 252]",FaceSwap,train,1
FaceForensics++_C23\FaceSwap/269_268.mp4,387,386,1,0,1,True,1,[0],FaceSwap,train,1
FaceForensics++_C23\FaceSwap/270_297.mp4,311,304,7,2,5,True,7,"[45, 151, 0, 1, 147, 150, 17]",FaceSwap,train,1
FaceForensics++_C23\FaceSwap/271_264.mp4,455,453,2,1,1,True,2,"[137, 0]",FaceSwap,train,1
FaceForensics++_C23\FaceSwap/272_396.mp4,323,320,3,1,2,True,3,"[51, 242, 0]",FaceSwap,train,1
FaceForensics++_C23\FaceSwap/273_807.mp4,322,317,5,2,3,True,5,"[0, 266, 265, 264, 263]",FaceSwap,val,1
FaceForensics++_C23\FaceSwap/274_412.mp4,474,473,1,0,1,True,1,[0],FaceSwap,train,1
FaceForensics++_C23\FaceSwap/275_887.mp4,339,313,26,8,18,True,20,"[195, 18, 159, 149, 3, 6, 305, 0, 114, 112, 120, 122, 121, 124, 117, 139, 188, 119, 144, 123]",FaceSwap,train,1
FaceForensics++_C23\FaceSwap/276_185.mp4,331,296,35,11,24,False,20,"[317, 314, 316, 310, 244, 303, 309, 315, 301, 318, 319, 308, 328, 324, 0, 323, 321, 300, 311, 304]",FaceSwap,train,1
FaceForensics++_C23\FaceSwap/277_335.mp4,384,383,1,0,1,True,1,[0],FaceSwap,train,1
FaceForensics++_C23\FaceSwap/278_306.mp4,449,448,1,0,1,True,1,[0],FaceSwap,test,1
FaceForensics++_C23\FaceSwap/279_298.mp4,569,565,4,1,3,True,4,"[0, 1, 13, 14]",FaceSwap,train,1
FaceForensics++_C23\FaceSwap/280_249.mp4,606,605,1,0,1,True,1,[0],FaceSwap,test,1
FaceForensics++_C23\FaceSwap/281_474.mp4,296,295,1,0,1,True,1,[0],FaceSwap,train,1
FaceForensics++_C23\FaceSwap/282_238.mp4,594,593,1,0,1,True,1,[0],FaceSwap,train,1
FaceForensics++_C23\FaceSwap/283_313.mp4,481,480,1,0,1,True,1,[0],FaceSwap,train,1
FaceForensics++_C23\FaceSwap/284_263.mp4,300,262,38,12,26,False,20,"[114, 112, 119, 64, 1, 3, 246, 0, 2, 120, 220, 113, 66, 5, 6, 60, 4, 63, 61, 7]",FaceSwap,val,1
FaceForensics++_C23\FaceSwap/285_136.mp4,383,382,1,0,1,True,1,[0],FaceSwap,train,1
FaceForensics++_C23\FaceSwap/286_267.mp4,306,305,1,0,1,True,1,[0],FaceSwap,train,1
FaceForensics++_C23\FaceSwap/287_426.mp4,335,314,21,6,15,True,20,"[0, 140, 85, 86, 72, 74, 73, 76, 225, 75, 43, 226, 191, 44, 179, 224, 180, 190, 45, 221]",FaceSwap,train,1
FaceForensics++_C23\FaceSwap/288_321.mp4,543,542,1,0,1,True,1,[0],FaceSwap,test,1
FaceForensics++_C23\FaceSwap/289_228.mp4,556,555,1,0,1,True,1,[0],FaceSwap,train,1
FaceForensics++_C23\FaceSwap/290_240.mp4,422,412,10,3,7,True,10,"[0, 136, 153, 39, 25, 41, 24, 40, 22, 23]",FaceSwap,train,1
FaceForensics++_C23\FaceSwap/291_874.mp4,330,327,3,1,2,True,3,"[0, 58, 59]",FaceSwap,train,1
FaceForensics++_C23\FaceSwap/292_294.mp4,425,424,1,0,1,True,1,[0],FaceSwap,train,1
FaceForensics++_C23\FaceSwap/293_296.mp4,336,319,17,5,12,True,17,"[209, 210, 211, 141, 140, 139, 137, 215, 124, 128, 125, 129, 127, 131, 126, 130, 0]",FaceSwap,train,1
FaceForensics++_C23\FaceSwap/294_292.mp4,425,424,1,0,1,True,1,[0],FaceSwap,train,1
FaceForensics++_C23\FaceSwap/295_099.mp4,411,410,1,0,1,True,1,[0],FaceSwap,train,1
FaceForensics++_C23\FaceSwap/296_293.mp4,336,335,1,0,1,True,1,[0],FaceSwap,train,1
FaceForensics++_C23\FaceSwap/297_270.mp4,311,310,1,0,1,True,1,[0],FaceSwap,train,1
FaceForensics++_C23\FaceSwap/298_279.mp4,569,567,2,1,1,True,2,"[0, 568]",FaceSwap,train,1
FaceForensics++_C23\FaceSwap/299_145.mp4,314,310,4,1,3,True,4,"[0, 116, 203, 198]",FaceSwap,val,1
FaceForensics++_C23\FaceSwap/300_304.mp4,598,593,5,2,3,True,5,"[61, 396, 63, 398, 0]",FaceSwap,train,1
FaceForensics++_C23\FaceSwap/301_262.mp4,397,389,8,3,5,True,8,"[101, 65, 0, 272, 17, 267, 207, 123]",FaceSwap,train,1
FaceForensics++_C23\FaceSwap/302_323.mp4,456,455,1,0,1,True,1,[0],FaceSwap,train,1
FaceForensics++_C23\FaceSwap/303_309.mp4,571,565,6,2,4,True,6,"[291, 289, 287, 0, 290, 288]",FaceSwap,train,1
FaceForensics++_C23\FaceSwap/304_300.mp4,598,597,1,0,1,True,1,[0],FaceSwap,train,1
FaceForensics++_C23\FaceSwap/305_513.mp4,494,493,1,0,1,True,1,[0],FaceSwap,train,1
FaceForensics++_C23\FaceSwap/306_278.mp4,449,448,1,0,1,True,1,[0],FaceSwap,test,1
FaceForensics++_C23\FaceSwap/307_365.mp4,369,368,1,0,1,True,1,[0],FaceSwap,train,1
FaceForensics++_C23\FaceSwap/308_388.mp4,502,500,2,1,1,True,2,"[0, 350]",FaceSwap,test,1
FaceForensics++_C23\FaceSwap/309_303.mp4,571,570,1,0,1,True,1,[0],FaceSwap,train,1
FaceForensics++_C23\FaceSwap/310_196.mp4,375,374,1,0,1,True,1,[0],FaceSwap,train,1
FaceForensics++_C23\FaceSwap/311_387.mp4,368,367,1,0,1,True,1,[0],FaceSwap,train,1
FaceForensics++_C23\FaceSwap/312_021.mp4,428,426,2,1,1,True,2,"[287, 0]",FaceSwap,train,1
FaceForensics++_C23\FaceSwap/313_283.mp4,481,477,4,1,3,True,4,"[0, 10, 11, 12]",FaceSwap,train,1
FaceForensics++_C23\FaceSwap/314_347.mp4,413,412,1,0,1,True,1,[0],FaceSwap,test,1
FaceForensics++_C23\FaceSwap/315_322.mp4,304,297,7,2,5,True,7,"[0, 294, 295, 289, 288, 113, 112]",FaceSwap,train,1
FaceForensics++_C23\FaceSwap/316_369.mp4,320,319,1,0,1,True,1,[0],FaceSwap,val,1
FaceForensics++_C23\FaceSwap/317_359.mp4,456,455,1,0,1,True,1,[0],FaceSwap,train,1
FaceForensics++_C23\FaceSwap/318_334.mp4,475,473,2,1,1,True,2,"[0, 474]",FaceSwap,train,1
FaceForensics++_C23\FaceSwap/319_352.mp4,421,420,1,0,1,True,1,[0],FaceSwap,test,1
FaceForensics++_C23\FaceSwap/320_328.mp4,319,308,11,3,8,True,11,"[265, 7, 291, 267, 56, 55, 285, 195, 156, 2, 0]",FaceSwap,train,1
FaceForensics++_C23\FaceSwap/321_288.mp4,543,542,1,0,1,True,1,[0],FaceSwap,test,1
FaceForensics++_C23\FaceSwap/322_315.mp4,304,303,1,0,1,True,1,[0],FaceSwap,train,1
FaceForensics++_C23\FaceSwap/323_302.mp4,456,455,1,0,1,True,1,[0],FaceSwap,train,1
FaceForensics++_C23\FaceSwap/324_356.mp4,558,538,20,6,14,True,20,"[0, 316, 319, 332, 318, 334, 327, 325, 333, 326, 331, 320, 321, 330, 323, 324, 328, 335, 329, 322]",FaceSwap,train,1
FaceForensics++_C23\FaceSwap/325_492.mp4,347,252,95,29,66,False,20,"[322, 310, 319, 321, 242, 241, 325, 327, 331, 329, 328, 330, 180, 179, 177, 174, 171, 168, 27, 114]",FaceSwap,val,1
FaceForensics++_C23\FaceSwap/326_501.mp4,522,520,2,1,1,True,2,"[163, 0]",FaceSwap,train,1
FaceForensics++_C23\FaceSwap/327_329.mp4,415,410,5,2,3,True,5,"[0, 277, 143, 140, 275]",FaceSwap,train,1
FaceForensics++_C23\FaceSwap/328_320.mp4,319,315,4,1,3,True,4,"[0, 147, 148, 149]",FaceSwap,train,1
FaceForensics++_C23\FaceSwap/329_327.mp4,415,414,1,0,1,True,1,[0],FaceSwap,train,1
FaceForensics++_C23\FaceSwap/330_162.mp4,407,399,8,3,5,True,8,"[0, 350, 349, 402, 403, 404, 406, 405]",FaceSwap,train,1
FaceForensics++_C23\FaceSwap/331_260.mp4,302,301,1,0,1,True,1,[0],FaceSwap,train,1
FaceForensics++_C23\FaceSwap/332_051.mp4,695,501,194,58,136,False,20,"[0, 412, 628, 461, 311, 320, 312, 322, 313, 321, 317, 318, 314, 316, 315, 319, 323, 324, 325, 328]",FaceSwap,train,1
FaceForensics++_C23\FaceSwap/333_377.mp4,398,397,1,0,1,True,1,[0],FaceSwap,train,1
FaceForensics++_C23\FaceSwap/334_318.mp4,475,474,1,0,1,True,1,[0],FaceSwap,train,1
FaceForensics++_C23\FaceSwap/335_277.mp4,384,383,1,0,1,True,1,[0],FaceSwap,train,1
FaceForensics++_C23\FaceSwap/336_338.mp4,507,506,1,0,1,True,1,[0],FaceSwap,train,1
FaceForensics++_C23\FaceSwap/337_522.mp4,331,323,8,3,5,True,8,"[0, 4, 136, 311, 39, 34, 65, 49]",FaceSwap,train,1
FaceForensics++_C23\FaceSwap/338_336.mp4,507,506,1,0,1,True,1,[0],FaceSwap,train,1
FaceForensics++_C23\FaceSwap/339_392.mp4,457,454,3,1,2,True,3,"[373, 0, 372]",FaceSwap,train,1
FaceForensics++_C23\FaceSwap/340_341.mp4,293,291,2,2,0,True,2,"[292, 0]",FaceSwap,train,1
FaceForensics++_C23\FaceSwap/341_340.mp4,293,283,10,3,7,True,10,"[0, 52, 53, 51, 41, 44, 42, 38, 40, 39]",FaceSwap,train,1
FaceForensics++_C23\FaceSwap/342_416.mp4,302,301,1,0,1,True,1,[0],FaceSwap,val,1
FaceForensics++_C23\FaceSwap/343_363.mp4,299,298,1,0,1,True,1,[0],FaceSwap,train,1
FaceForensics++_C23\FaceSwap/344_020.mp4,390,389,1,0,1,True,1,[0],FaceSwap,train,1
FaceForensics++_C23\FaceSwap/345_259.mp4,423,422,1,0,1,True,1,[0],FaceSwap,train,1
FaceForensics++_C23\FaceSwap/346_351.mp4,615,614,1,0,1,True,1,[0],FaceSwap,train,1
FaceForensics++_C23\FaceSwap/347_314.mp4,413,412,1,0,1,True,1,[0],FaceSwap,test,1
FaceForensics++_C23\FaceSwap/348_202.mp4,323,322,1,0,1,True,1,[0],FaceSwap,train,1
FaceForensics++_C23\FaceSwap/349_350.mp4,405,404,1,0,1,True,1,[0],FaceSwap,val,1
FaceForensics++_C23\FaceSwap/350_349.mp4,405,404,1,0,1,True,1,[0],FaceSwap,val,1
FaceForensics++_C23\FaceSwap/351_346.mp4,615,614,1,0,1,True,1,[0],FaceSwap,train,1
FaceForensics++_C23\FaceSwap/352_319.mp4,421,419,2,1,1,True,2,"[151, 0]",FaceSwap,test,1
FaceForensics++_C23\FaceSwap/353_383.mp4,358,357,1,0,1,True,1,[0],FaceSwap,train,1
FaceForensics++_C23\FaceSwap/354_362.mp4,455,454,1,0,1,True,1,[0],FaceSwap,val,1
FaceForensics++_C23\FaceSwap/355_748.mp4,318,305,13,4,9,True,13,"[0, 39, 37, 38, 33, 36, 27, 35, 26, 32, 28, 30, 29]",FaceSwap,train,1
FaceForensics++_C23\FaceSwap/356_324.mp4,558,522,36,11,25,False,20,"[233, 232, 463, 0, 204, 205, 203, 201, 202, 256, 198, 200, 199, 197, 206, 193, 191, 192, 190, 189]",FaceSwap,train,1
FaceForensics++_C23\FaceSwap/357_432.mp4,346,345,1,0,1,True,1,[0],FaceSwap,train,1
FaceForensics++_C23\FaceSwap/358_380.mp4,455,454,1,0,1,True,1,[0],FaceSwap,test,1
FaceForensics++_C23\FaceSwap/359_317.mp4,456,454,2,1,1,True,2,"[0, 224]",FaceSwap,train,1
FaceForensics++_C23\FaceSwap/360_437.mp4,385,369,16,5,11,True,16,"[103, 338, 102, 339, 337, 142, 0, 384, 355, 194, 301, 303, 302, 178, 176, 177]",FaceSwap,train,1
FaceForensics++_C23\FaceSwap/361_448.mp4,455,412,43,13,30,False,20,"[0, 165, 172, 170, 166, 167, 171, 45, 37, 36, 38, 39, 443, 364, 444, 445, 365, 446, 447, 448]",FaceSwap,train,1
FaceForensics++_C23\FaceSwap/362_354.mp4,455,454,1,0,1,True,1,[0],FaceSwap,val,1
FaceForensics++_C23\FaceSwap/363_343.mp4,299,296,3,1,2,True,3,"[15, 132, 0]",FaceSwap,train,1
FaceForensics++_C23\FaceSwap/364_440.mp4,419,418,1,0,1,True,1,[0],FaceSwap,val,1
FaceForensics++_C23\FaceSwap/365_307.mp4,369,368,1,0,1,True,1,[0],FaceSwap,train,1
FaceForensics++_C23\FaceSwap/366_473.mp4,404,396,8,3,5,True,8,"[50, 365, 0, 370, 369, 403, 373, 371]",FaceSwap,train,1
FaceForensics++_C23\FaceSwap/367_371.mp4,649,648,1,0,1,True,1,[0],FaceSwap,test,1
FaceForensics++_C23\FaceSwap/368_378.mp4,761,760,1,0,1,True,1,[0],FaceSwap,train,1
FaceForensics++_C23\FaceSwap/369_316.mp4,320,319,1,0,1,True,1,[0],FaceSwap,val,1
FaceForensics++_C23\FaceSwap/370_483.mp4,375,349,26,8,18,True,20,"[0, 249, 250, 251, 252, 253, 254, 255, 277, 256, 276, 275, 257, 274, 273, 272, 258, 271, 270, 259]",FaceSwap,val,1
FaceForensics++_C23\FaceSwap/371_367.mp4,649,648,1,0,1,True,1,[0],FaceSwap,test,1
FaceForensics++_C23\FaceSwap/372_413.mp4,379,378,1,0,1,True,1,[0],FaceSwap,train,1
FaceForensics++_C23\FaceSwap/373_394.mp4,420,419,1,0,1,True,1,[0],FaceSwap,train,1
FaceForensics++_C23\FaceSwap/374_407.mp4,504,503,1,0,1,True,1,[0],FaceSwap,train,1
FaceForensics++_C23\FaceSwap/375_251.mp4,346,345,1,0,1,True,1,[0],FaceSwap,train,1
FaceForensics++_C23\FaceSwap/376_381.mp4,515,512,3,1,2,True,3,"[513, 0, 514]",FaceSwap,test,1
FaceForensics++_C23\FaceSwap/377_333.mp4,398,397,1,0,1,True,1,[0],FaceSwap,train,1
FaceForensics++_C23\FaceSwap/378_368.mp4,761,757,4,1,3,True,4,"[304, 699, 0, 529]",FaceSwap,train,1
FaceForensics++_C23\FaceSwap/379_158.mp4,341,319,22,7,15,True,20,"[47, 257, 259, 258, 198, 195, 55, 194, 196, 199, 260, 261, 0, 54, 50, 53, 197, 262, 254, 67]",FaceSwap,test,1
FaceForensics++_C23\FaceSwap/380_358.mp4,455,454,1,0,1,True,1,[0],FaceSwap,test,1
FaceForensics++_C23\FaceSwap/381_376.mp4,515,514,1,0,1,True,1,[0],FaceSwap,test,1
FaceForensics++_C23\FaceSwap/382_409.mp4,313,312,1,0,1,True,1,[0],FaceSwap,train,1
FaceForensics++_C23\FaceSwap/383_353.mp4,358,357,1,0,1,True,1,[0],FaceSwap,train,1
FaceForensics++_C23\FaceSwap/384_932.mp4,462,461,1,0,1,True,1,[0],FaceSwap,test,1
FaceForensics++_C23\FaceSwap/385_414.mp4,349,324,25,8,17,True,20,"[348, 250, 253, 232, 254, 0, 252, 251, 231, 246, 230, 248, 247, 261, 229, 249, 255, 228, 227, 256]",FaceSwap,train,1
FaceForensics++_C23\FaceSwap/386_154.mp4,449,446,3,1,2,True,3,"[447, 448, 0]",FaceSwap,test,1
FaceForensics++_C23\FaceSwap/387_311.mp4,368,367,1,0,1,True,1,[0],FaceSwap,train,1
FaceForensics++_C23\FaceSwap/388_308.mp4,502,497,5,2,3,True,5,"[0, 69, 75, 74, 158]",FaceSwap,test,1
FaceForensics++_C23\FaceSwap/389_480.mp4,314,313,1,0,1,True,1,[0],FaceSwap,test,1
FaceForensics++_C23\FaceSwap/390_709.mp4,300,278,22,7,15,True,20,"[125, 121, 81, 97, 44, 101, 56, 99, 98, 10, 93, 9, 100, 12, 8, 109, 11, 0, 4, 1]",FaceSwap,train,1
FaceForensics++_C23\FaceSwap/391_406.mp4,512,511,1,0,1,True,1,[0],FaceSwap,train,1
FaceForensics++_C23\FaceSwap/392_339.mp4,457,454,3,1,2,True,3,"[284, 0, 443]",FaceSwap,train,1
FaceForensics++_C23\FaceSwap/393_405.mp4,531,530,1,0,1,True,1,[0],FaceSwap,train,1
FaceForensics++_C23\FaceSwap/394_373.mp4,420,419,1,0,1,True,1,[0],FaceSwap,train,1
FaceForensics++_C23\FaceSwap/395_401.mp4,448,446,2,1,1,True,2,"[0, 447]",FaceSwap,train,1
FaceForensics++_C23\FaceSwap/396_272.mp4,323,322,1,0,1,True,1,[0],FaceSwap,train,1
FaceForensics++_C23\FaceSwap/397_602.mp4,355,307,48,15,33,False,20,"[279, 0, 283, 282, 285, 284, 287, 255, 81, 281, 257, 169, 83, 286, 256, 46, 167, 30, 28, 280]",FaceSwap,train,1
FaceForensics++_C23\FaceSwap/398_457.mp4,528,527,1,0,1,True,1,[0],FaceSwap,train,1
FaceForensics++_C23\FaceSwap/399_488.mp4,518,517,1,0,1,True,1,[0],FaceSwap,test,1
FaceForensics++_C23\FaceSwap/400_476.mp4,310,309,1,0,1,True,1,[0],FaceSwap,train,1
FaceForensics++_C23\FaceSwap/401_395.mp4,448,447,1,0,1,True,1,[0],FaceSwap,train,1
FaceForensics++_C23\FaceSwap/402_453.mp4,423,401,22,7,15,True,20,"[132, 133, 300, 131, 0, 51, 127, 59, 55, 299, 66, 53, 60, 129, 57, 52, 50, 56, 54, 128]",FaceSwap,val,1
FaceForensics++_C23\FaceSwap/403_497.mp4,621,511,110,33,77,False,20,"[0, 414, 2, 321, 512, 3, 266, 516, 508, 213, 318, 317, 503, 402, 263, 456, 302, 509, 301, 320]",FaceSwap,train,1
FaceForensics++_C23\FaceSwap/404_429.mp4,457,331,126,38,88,False,20,"[267, 283, 287, 285, 173, 282, 284, 286, 4, 7, 6, 5, 3, 2, 0, 1, 393, 392, 391, 387]",FaceSwap,test,1
FaceForensics++_C23\FaceSwap/405_393.mp4,531,530,1,0,1,True,1,[0],FaceSwap,train,1
FaceForensics++_C23\FaceSwap/406_391.mp4,512,504,8,3,5,True,8,"[505, 0, 14, 17, 12, 13, 15, 16]",FaceSwap,train,1
FaceForensics++_C23\FaceSwap/407_374.mp4,504,503,1,0,1,True,1,[0],FaceSwap,train,1
FaceForensics++_C23\FaceSwap/408_424.mp4,306,168,138,42,96,False,20,"[48, 98, 71, 78, 72, 63, 97, 75, 73, 108, 80, 42, 76, 82, 79, 84, 81, 53, 77, 67]",FaceSwap,train,1
FaceForensics++_C23\FaceSwap/409_382.mp4,313,312,1,0,1,True,1,[0],FaceSwap,train,1
FaceForensics++_C23\FaceSwap/410_411.mp4,459,458,1,0,1,True,1,[0],FaceSwap,train,1
FaceForensics++_C23\FaceSwap/411_410.mp4,459,416,43,13,30,False,20,"[179, 181, 178, 177, 216, 217, 183, 198, 218, 227, 65, 0, 222, 182, 223, 228, 225, 157, 224, 229]",FaceSwap,train,1
FaceForensics++_C23\FaceSwap/412_274.mp4,474,473,1,0,1,True,1,[0],FaceSwap,train,1
FaceForensics++_C23\FaceSwap/413_372.mp4,379,378,1,0,1,True,1,[0],FaceSwap,train,1
FaceForensics++_C23\FaceSwap/414_385.mp4,349,348,1,0,1,True,1,[0],FaceSwap,train,1
FaceForensics++_C23\FaceSwap/415_484.mp4,319,318,1,0,1,True,1,[0],FaceSwap,train,1
FaceForensics++_C23\FaceSwap/416_342.mp4,302,301,1,0,1,True,1,[0],FaceSwap,val,1
FaceForensics++_C23\FaceSwap/417_496.mp4,861,825,36,11,25,False,20,"[0, 3, 4, 256, 274, 14, 13, 6, 299, 5, 584, 255, 7, 624, 305, 306, 273, 603, 581, 307]",FaceSwap,train,1
FaceForensics++_C23\FaceSwap/418_507.mp4,319,318,1,0,1,True,1,[0],FaceSwap,test,1
FaceForensics++_C23\FaceSwap/419_824.mp4,487,486,1,0,1,True,1,[0],FaceSwap,val,1
FaceForensics++_C23\FaceSwap/420_257.mp4,763,758,5,2,3,True,5,"[535, 0, 561, 536, 562]",FaceSwap,test,1
FaceForensics++_C23\FaceSwap/421_423.mp4,1038,1037,1,0,1,True,1,[0],FaceSwap,test,1
FaceForensics++_C23\FaceSwap/422_695.mp4,310,256,54,16,38,False,20,"[191, 189, 193, 190, 169, 192, 122, 121, 124, 194, 119, 14, 125, 123, 12, 48, 6, 43, 8, 243]",FaceSwap,test,1
FaceForensics++_C23\FaceSwap/423_421.mp4,1038,1037,1,0,1,True,1,[0],FaceSwap,test,1
FaceForensics++_C23\FaceSwap/424_408.mp4,306,304,2,1,1,True,2,"[0, 10]",FaceSwap,train,1
FaceForensics++_C23\FaceSwap/425_485.mp4,336,333,3,1,2,True,3,"[334, 335, 0]",FaceSwap,test,1
FaceForensics++_C23\FaceSwap/426_287.mp4,335,300,35,11,24,False,20,"[0, 125, 307, 128, 224, 89, 309, 127, 95, 100, 97, 91, 94, 93, 225, 126, 98, 232, 230, 90]",FaceSwap,train,1
FaceForensics++_C23\FaceSwap/427_637.mp4,468,467,1,0,1,True,1,[0],FaceSwap,train,1
FaceForensics++_C23\FaceSwap/428_466.mp4,334,333,1,0,1,True,1,[0],FaceSwap,train,1
FaceForensics++_C23\FaceSwap/429_404.mp4,457,454,3,1,2,True,3,"[317, 0, 318]",FaceSwap,test,1
FaceForensics++_C23\FaceSwap/430_459.mp4,357,355,2,1,1,True,2,"[0, 162]",FaceSwap,train,1
FaceForensics++_C23\FaceSwap/431_447.mp4,326,325,1,0,1,True,1,[0],FaceSwap,train,1
FaceForensics++_C23\FaceSwap/432_357.mp4,346,345,1,0,1,True,1,[0],FaceSwap,train,1
FaceForensics++_C23\FaceSwap/433_498.mp4,317,315,2,1,1,True,2,"[0, 77]",FaceSwap,train,1
FaceForensics++_C23\FaceSwap/434_438.mp4,337,336,1,0,1,True,1,[0],FaceSwap,train,1
FaceForensics++_C23\FaceSwap/435_456.mp4,476,463,13,4,9,True,13,"[111, 110, 22, 20, 395, 21, 19, 18, 17, 396, 16, 14, 0]",FaceSwap,train,1
FaceForensics++_C23\FaceSwap/436_526.mp4,518,474,44,13,31,False,20,"[497, 291, 339, 348, 346, 351, 353, 317, 310, 315, 331, 319, 329, 333, 325, 320, 311, 396, 334, 314]",FaceSwap,train,1
FaceForensics++_C23\FaceSwap/437_360.mp4,385,365,20,6,14,True,20,"[292, 0, 187, 363, 301, 313, 189, 180, 267, 176, 188, 178, 50, 171, 186, 177, 13, 185, 184, 284]",FaceSwap,train,1
FaceForensics++_C23\FaceSwap/438_434.mp4,337,336,1,0,1,True,1,[0],FaceSwap,train,1
FaceForensics++_C23\FaceSwap/439_441.mp4,305,303,2,1,1,True,2,"[0, 174]",FaceSwap,train,1
FaceForensics++_C23\FaceSwap/440_364.mp4,419,414,5,2,3,True,5,"[97, 76, 77, 98, 0]",FaceSwap,val,1
FaceForensics++_C23\FaceSwap/441_439.mp4,305,299,6,2,4,True,6,"[124, 0, 53, 63, 57, 67]",FaceSwap,train,1
FaceForensics++_C23\FaceSwap/442_195.mp4,333,286,47,14,33,False,20,"[10, 9, 0, 1, 8, 7, 11, 4, 2, 3, 5, 6, 13, 19, 16, 15, 12, 22, 14, 20]",FaceSwap,train,1
FaceForensics++_C23\FaceSwap/443_514.mp4,361,360,1,0,1,True,1,[0],FaceSwap,val,1
FaceForensics++_C23\FaceSwap/444_655.mp4,437,436,1,0,1,True,1,[0],FaceSwap,train,1
FaceForensics++_C23\FaceSwap/445_494.mp4,802,801,1,0,1,True,1,[0],FaceSwap,test,1
FaceForensics++_C23\FaceSwap/446_667.mp4,423,414,9,3,6,True,9,"[359, 1, 0, 155, 220, 153, 2, 156, 154]",FaceSwap,train,1
FaceForensics++_C23\FaceSwap/447_431.mp4,326,325,1,0,1,True,1,[0],FaceSwap,train,1
FaceForensics++_C23\FaceSwap/448_361.mp4,455,454,1,0,1,True,1,[0],FaceSwap,train,1
FaceForensics++_C23\FaceSwap/449_451.mp4,306,304,2,2,0,True,2,"[305, 0]",FaceSwap,train,1
FaceForensics++_C23\FaceSwap/450_533.mp4,558,557,1,0,1,True,1,[0],FaceSwap,train,1
FaceForensics++_C23\FaceSwap/451_449.mp4,306,305,1,0,1,True,1,[0],FaceSwap,train,1
FaceForensics++_C23\FaceSwap/452_550.mp4,444,443,1,0,1,True,1,[0],FaceSwap,test,1
FaceForensics++_C23\FaceSwap/453_402.mp4,423,421,2,1,1,True,2,"[0, 186]",FaceSwap,val,1
FaceForensics++_C23\FaceSwap/454_527.mp4,342,337,5,2,3,True,5,"[238, 239, 237, 236, 0]",FaceSwap,test,1
FaceForensics++_C23\FaceSwap/455_471.mp4,370,153,217,65,152,False,20,"[0, 224, 347, 282, 184, 230, 211, 281, 353, 12, 285, 14, 319, 233, 3, 322, 13, 330, 365, 276]",FaceSwap,val,1
FaceForensics++_C23\FaceSwap/456_435.mp4,476,471,5,2,3,True,5,"[0, 322, 214, 90, 420]",FaceSwap,train,1
FaceForensics++_C23\FaceSwap/457_398.mp4,528,526,2,1,1,True,2,"[192, 0]",FaceSwap,train,1
FaceForensics++_C23\FaceSwap/458_722.mp4,351,350,1,0,1,True,1,[0],FaceSwap,train,1
FaceForensics++_C23\FaceSwap/459_430.mp4,357,352,5,2,3,True,5,"[304, 303, 302, 328, 0]",FaceSwap,train,1
FaceForensics++_C23\FaceSwap/460_678.mp4,400,399,1,0,1,True,1,[0],FaceSwap,train,1
FaceForensics++_C23\FaceSwap/461_250.mp4,564,563,1,0,1,True,1,[0],FaceSwap,train,1
FaceForensics++_C23\FaceSwap/462_467.mp4,423,422,1,0,1,True,1,[0],FaceSwap,test,1
FaceForensics++_C23\FaceSwap/463_464.mp4,315,279,36,11,25,False,20,"[213, 203, 210, 201, 82, 80, 202, 204, 205, 211, 216, 209, 212, 143, 208, 207, 272, 81, 215, 217]",FaceSwap,train,1
FaceForensics++_C23\FaceSwap/464_463.mp4,315,313,2,1,1,True,2,"[0, 143]",FaceSwap,train,1
FaceForensics++_C23\FaceSwap/465_482.mp4,329,328,1,0,1,True,1,[0],FaceSwap,val,1
FaceForensics++_C23\FaceSwap/466_428.mp4,334,327,7,2,5,True,7,"[280, 283, 333, 332, 128, 0, 129]",FaceSwap,train,1
FaceForensics++_C23\FaceSwap/467_462.mp4,423,422,1,0,1,True,1,[0],FaceSwap,test,1
FaceForensics++_C23\FaceSwap/468_470.mp4,597,596,1,0,1,True,1,[0],FaceSwap,val,1
FaceForensics++_C23\FaceSwap/469_481.mp4,414,397,17,5,12,True,17,"[46, 47, 45, 51, 0, 408, 52, 44, 328, 327, 329, 386, 330, 123, 388, 35, 331]",FaceSwap,train,1
FaceForensics++_C23\FaceSwap/470_468.mp4,597,596,1,0,1,True,1,[0],FaceSwap,val,1
FaceForensics++_C23\FaceSwap/471_455.mp4,370,369,1,0,1,True,1,[0],FaceSwap,val,1
FaceForensics++_C23\FaceSwap/472_511.mp4,479,478,1,0,1,True,1,[0],FaceSwap,val,1
FaceForensics++_C23\FaceSwap/473_366.mp4,404,403,1,0,1,True,1,[0],FaceSwap,train,1
FaceForensics++_C23\FaceSwap/474_281.mp4,296,55,241,72,169,False,20,"[113, 183, 103, 105, 187, 191, 109, 107, 83, 110, 88, 93, 189, 85, 193, 169, 112, 181, 167, 115]",FaceSwap,train,1
FaceForensics++_C23\FaceSwap/475_265.mp4,337,332,5,2,3,True,5,"[50, 19, 20, 7, 0]",FaceSwap,train,1
FaceForensics++_C23\FaceSwap/476_400.mp4,310,245,65,20,45,False,20,"[115, 253, 294, 0, 114, 89, 113, 94, 109, 120, 256, 255, 254, 19, 79, 34, 252, 4, 112, 69]",FaceSwap,train,1
FaceForensics++_C23\FaceSwap/477_487.mp4,319,313,6,2,4,True,6,"[23, 0, 315, 316, 318, 317]",FaceSwap,train,1
FaceForensics++_C23\FaceSwap/478_506.mp4,668,667,1,0,1,True,1,[0],FaceSwap,train,1
FaceForensics++_C23\FaceSwap/479_706.mp4,328,326,2,1,1,True,2,"[312, 0]",FaceSwap,test,1
FaceForensics++_C23\FaceSwap/480_389.mp4,314,313,1,0,1,True,1,[0],FaceSwap,test,1
FaceForensics++_C23\FaceSwap/481_469.mp4,414,400,14,4,10,True,14,"[0, 356, 355, 228, 227, 167, 51, 169, 177, 49, 52, 50, 168, 53]",FaceSwap,train,1
FaceForensics++_C23\FaceSwap/482_465.mp4,329,283,46,14,32,False,20,"[169, 168, 212, 291, 213, 214, 229, 0, 230, 234, 233, 231, 21, 292, 290, 232, 22, 28, 23, 31]",FaceSwap,val,1
FaceForensics++_C23\FaceSwap/483_370.mp4,375,374,1,0,1,True,1,[0],FaceSwap,val,1
FaceForensics++_C23\FaceSwap/484_415.mp4,319,318,1,0,1,True,1,[0],FaceSwap,train,1
FaceForensics++_C23\FaceSwap/485_425.mp4,336,335,1,0,1,True,1,[0],FaceSwap,test,1
FaceForensics++_C23\FaceSwap/486_680.mp4,300,299,1,0,1,True,1,[0],FaceSwap,train,1
FaceForensics++_C23\FaceSwap/487_477.mp4,319,318,1,0,1,True,1,[0],FaceSwap,train,1
FaceForensics++_C23\FaceSwap/488_399.mp4,518,512,6,2,4,True,6,"[82, 0, 46, 64, 514, 144]",FaceSwap,test,1
FaceForensics++_C23\FaceSwap/489_022.mp4,325,321,4,1,3,True,4,"[7, 3, 0, 1]",FaceSwap,train,1
FaceForensics++_C23\FaceSwap/490_534.mp4,384,383,1,0,1,True,1,[0],FaceSwap,train,1
FaceForensics++_C23\FaceSwap/491_226.mp4,328,327,1,0,1,True,1,[0],FaceSwap,train,1
FaceForensics++_C23\FaceSwap/492_325.mp4,347,346,1,0,1,True,1,[0],FaceSwap,val,1
FaceForensics++_C23\FaceSwap/493_538.mp4,395,392,3,1,2,True,3,"[387, 386, 0]",FaceSwap,val,1
FaceForensics++_C23\FaceSwap/494_445.mp4,802,801,1,0,1,True,1,[0],FaceSwap,test,1
FaceForensics++_C23\FaceSwap/495_512.mp4,573,571,2,1,1,True,2,"[0, 43]",FaceSwap,train,1
FaceForensics++_C23\FaceSwap/496_417.mp4,861,860,1,0,1,True,1,[0],FaceSwap,train,1
FaceForensics++_C23\FaceSwap/497_403.mp4,621,619,2,1,1,True,2,"[0, 145]",FaceSwap,train,1
FaceForensics++_C23\FaceSwap/498_433.mp4,317,316,1,0,1,True,1,[0],FaceSwap,train,1
FaceForensics++_C23\FaceSwap/499_539.mp4,313,309,4,1,3,True,4,"[302, 0, 38, 36]",FaceSwap,train,1
FaceForensics++_C23\FaceSwap/500_592.mp4,292,291,1,0,1,True,1,[0],FaceSwap,train,1
FaceForensics++_C23\FaceSwap/501_326.mp4,522,521,1,0,1,True,1,[0],FaceSwap,train,1
FaceForensics++_C23\FaceSwap/502_504.mp4,317,315,2,1,1,True,2,"[36, 0]",FaceSwap,train,1
FaceForensics++_C23\FaceSwap/503_756.mp4,570,569,1,0,1,True,1,[0],FaceSwap,train,1
FaceForensics++_C23\FaceSwap/504_502.mp4,317,316,1,0,1,True,1,[0],FaceSwap,train,1
FaceForensics++_C23\FaceSwap/505_600.mp4,388,387,1,0,1,True,1,[0],FaceSwap,train,1
FaceForensics++_C23\FaceSwap/506_478.mp4,668,667,1,0,1,True,1,[0],FaceSwap,train,1
FaceForensics++_C23\FaceSwap/507_418.mp4,319,308,11,3,8,True,11,"[283, 278, 280, 279, 228, 174, 227, 173, 154, 153, 0]",FaceSwap,test,1
FaceForensics++_C23\FaceSwap/508_831.mp4,327,326,1,0,1,True,1,[0],FaceSwap,train,1
FaceForensics++_C23\FaceSwap/509_525.mp4,517,394,123,37,86,False,20,"[126, 140, 128, 122, 144, 114, 146, 124, 118, 142, 116, 125, 166, 123, 130, 127, 136, 138, 143, 156]",FaceSwap,train,1
FaceForensics++_C23\FaceSwap/510_528.mp4,340,253,87,26,61,False,20,"[0, 105, 104, 108, 107, 122, 60, 83, 84, 109, 85, 86, 112, 88, 316, 315, 307, 319, 317, 318]",FaceSwap,train,1
FaceForensics++_C23\FaceSwap/511_472.mp4,479,478,1,0,1,True,1,[0],FaceSwap,val,1
FaceForensics++_C23\FaceSwap/512_495.mp4,573,571,2,1,1,True,2,"[0, 146]",FaceSwap,train,1
FaceForensics++_C23\FaceSwap/513_305.mp4,494,488,6,2,4,True,6,"[0, 102, 104, 103, 105, 106]",FaceSwap,train,1
FaceForensics++_C23\FaceSwap/514_443.mp4,361,357,4,1,3,True,4,"[216, 0, 207, 179]",FaceSwap,val,1
FaceForensics++_C23\FaceSwap/515_519.mp4,751,750,1,0,1,True,1,[0],FaceSwap,train,1
FaceForensics++_C23\FaceSwap/516_555.mp4,354,352,2,1,1,True,2,"[0, 248]",FaceSwap,train,1
FaceForensics++_C23\FaceSwap/517_521.mp4,304,303,1,0,1,True,1,[0],FaceSwap,test,1
FaceForensics++_C23\FaceSwap/518_131.mp4,295,294,1,0,1,True,1,[0],FaceSwap,train,1
FaceForensics++_C23\FaceSwap/519_515.mp4,751,750,1,0,1,True,1,[0],FaceSwap,train,1
FaceForensics++_C23\FaceSwap/520_542.mp4,320,319,1,0,1,True,1,[0],FaceSwap,train,1
FaceForensics++_C23\FaceSwap/521_517.mp4,304,303,1,0,1,True,1,[0],FaceSwap,test,1
FaceForensics++_C23\FaceSwap/522_337.mp4,331,330,1,0,1,True,1,[0],FaceSwap,train,1
FaceForensics++_C23\FaceSwap/523_541.mp4,375,374,1,0,1,True,1,[0],FaceSwap,train,1
FaceForensics++_C23\FaceSwap/524_580.mp4,292,291,1,0,1,True,1,[0],FaceSwap,train,1
FaceForensics++_C23\FaceSwap/525_509.mp4,517,516,1,0,1,True,1,[0],FaceSwap,train,1
FaceForensics++_C23\FaceSwap/526_436.mp4,518,516,2,1,1,True,2,"[302, 0]",FaceSwap,train,1
FaceForensics++_C23\FaceSwap/527_454.mp4,342,334,8,3,5,True,8,"[300, 301, 302, 0, 284, 303, 304, 18]",FaceSwap,test,1
FaceForensics++_C23\FaceSwap/528_510.mp4,340,304,36,11,25,False,20,"[114, 112, 217, 224, 218, 223, 221, 235, 214, 219, 222, 225, 236, 238, 237, 242, 230, 227, 212, 233]",FaceSwap,train,1
FaceForensics++_C23\FaceSwap/529_633.mp4,335,332,3,1,2,True,3,"[334, 10, 0]",FaceSwap,test,1
FaceForensics++_C23\FaceSwap/530_594.mp4,294,292,2,1,1,True,2,"[201, 0]",FaceSwap,train,1
FaceForensics++_C23\FaceSwap/531_549.mp4,319,312,7,2,5,True,7,"[1, 0, 36, 41, 46, 38, 39]",FaceSwap,train,1
FaceForensics++_C23\FaceSwap/532_544.mp4,355,354,1,0,1,True,1,[0],FaceSwap,train,1
FaceForensics++_C23\FaceSwap/533_450.mp4,558,555,3,1,2,True,3,"[536, 0, 237]",FaceSwap,train,1
FaceForensics++_C23\FaceSwap/534_490.mp4,384,382,2,1,1,True,2,"[334, 0]",FaceSwap,train,1
FaceForensics++_C23\FaceSwap/535_587.mp4,626,625,1,0,1,True,1,[0],FaceSwap,train,1
FaceForensics++_C23\FaceSwap/536_540.mp4,603,602,1,0,1,True,1,[0],FaceSwap,train,1
FaceForensics++_C23\FaceSwap/537_563.mp4,385,383,2,1,1,True,2,"[0, 286]",FaceSwap,train,1
FaceForensics++_C23\FaceSwap/538_493.mp4,395,394,1,0,1,True,1,[0],FaceSwap,val,1
FaceForensics++_C23\FaceSwap/539_499.mp4,313,312,1,0,1,True,1,[0],FaceSwap,train,1
FaceForensics++_C23\FaceSwap/540_536.mp4,603,602,1,0,1,True,1,[0],FaceSwap,train,1
FaceForensics++_C23\FaceSwap/541_523.mp4,375,374,1,0,1,True,1,[0],FaceSwap,train,1
FaceForensics++_C23\FaceSwap/542_520.mp4,320,318,2,1,1,True,2,"[0, 319]",FaceSwap,train,1
FaceForensics++_C23\FaceSwap/543_559.mp4,334,329,5,2,3,True,5,"[161, 47, 46, 160, 0]",FaceSwap,train,1
FaceForensics++_C23\FaceSwap/544_532.mp4,355,352,3,1,2,True,3,"[0, 353, 354]",FaceSwap,train,1
FaceForensics++_C23\FaceSwap/545_553.mp4,364,362,2,1,1,True,2,"[0, 363]",FaceSwap,train,1
FaceForensics++_C23\FaceSwap/546_621.mp4,370,368,2,1,1,True,2,"[18, 0]",FaceSwap,train,1
FaceForensics++_C23\FaceSwap/547_574.mp4,496,495,1,0,1,True,1,[0],FaceSwap,train,1
FaceForensics++_C23\FaceSwap/548_632.mp4,427,426,1,0,1,True,1,[0],FaceSwap,val,1
FaceForensics++_C23\FaceSwap/549_531.mp4,319,205,114,34,80,False,20,"[250, 196, 256, 226, 221, 259, 220, 206, 204, 248, 201, 203, 219, 189, 258, 205, 253, 236, 261, 218]",FaceSwap,train,1
FaceForensics++_C23\FaceSwap/550_452.mp4,444,441,3,1,2,True,3,"[0, 442, 443]",FaceSwap,test,1
FaceForensics++_C23\FaceSwap/551_631.mp4,424,423,1,0,1,True,1,[0],FaceSwap,train,1
FaceForensics++_C23\FaceSwap/552_851.mp4,303,299,4,1,3,True,4,"[302, 230, 0, 234]",FaceSwap,test,1
FaceForensics++_C23\FaceSwap/553_545.mp4,364,362,2,1,1,True,2,"[236, 0]",FaceSwap,train,1
FaceForensics++_C23\FaceSwap/554_572.mp4,347,346,1,0,1,True,1,[0],FaceSwap,train,1
FaceForensics++_C23\FaceSwap/555_516.mp4,354,353,1,0,1,True,1,[0],FaceSwap,train,1
FaceForensics++_C23\FaceSwap/556_588.mp4,372,371,1,0,1,True,1,[0],FaceSwap,train,1
FaceForensics++_C23\FaceSwap/557_560.mp4,349,348,1,0,1,True,1,[0],FaceSwap,val,1
FaceForensics++_C23\FaceSwap/558_583.mp4,475,406,69,21,48,False,20,"[8, 6, 9, 7, 471, 292, 4, 5, 250, 3, 296, 344, 75, 254, 2, 0, 251, 252, 73, 376]",FaceSwap,val,1
FaceForensics++_C23\FaceSwap/559_543.mp4,334,333,1,0,1,True,1,[0],FaceSwap,train,1
FaceForensics++_C23\FaceSwap/560_557.mp4,349,347,2,1,1,True,2,"[0, 276]",FaceSwap,val,1
FaceForensics++_C23\FaceSwap/561_998.mp4,344,343,1,0,1,True,1,[0],FaceSwap,train,1
FaceForensics++_C23\FaceSwap/562_626.mp4,467,464,3,1,2,True,3,"[39, 38, 0]",FaceSwap,train,1
FaceForensics++_C23\FaceSwap/563_537.mp4,385,384,1,0,1,True,1,[0],FaceSwap,train,1
FaceForensics++_C23\FaceSwap/564_971.mp4,354,353,1,0,1,True,1,[0],FaceSwap,val,1
FaceForensics++_C23\FaceSwap/565_589.mp4,430,429,1,0,1,True,1,[0],FaceSwap,val,1
FaceForensics++_C23\FaceSwap/566_617.mp4,312,291,21,6,15,True,20,"[211, 55, 186, 246, 0, 277, 173, 175, 140, 123, 155, 158, 134, 108, 100, 127, 280, 282, 176, 185]",FaceSwap,val,1
FaceForensics++_C23\FaceSwap/567_606.mp4,340,339,1,0,1,True,1,[0],FaceSwap,val,1
FaceForensics++_C23\FaceSwap/568_628.mp4,570,569,1,0,1,True,1,[0],FaceSwap,train,1
FaceForensics++_C23\FaceSwap/569_921.mp4,296,295,1,0,1,True,1,[0],FaceSwap,train,1
FaceForensics++_C23\FaceSwap/570_624.mp4,350,348,2,1,1,True,2,"[0, 16]",FaceSwap,train,1
FaceForensics++_C23\FaceSwap/571_746.mp4,493,492,1,0,1,True,1,[0],FaceSwap,val,1
FaceForensics++_C23\FaceSwap/572_554.mp4,347,345,2,1,1,True,2,"[24, 0]",FaceSwap,train,1
FaceForensics++_C23\FaceSwap/573_757.mp4,441,440,1,0,1,True,1,[0],FaceSwap,train,1
FaceForensics++_C23\FaceSwap/574_547.mp4,496,495,1,0,1,True,1,[0],FaceSwap,train,1
FaceForensics++_C23\FaceSwap/575_603.mp4,296,278,18,6,12,True,18,"[192, 193, 194, 163, 156, 162, 157, 47, 40, 236, 46, 41, 161, 158, 160, 0, 42, 159]",FaceSwap,train,1
FaceForensics++_C23\FaceSwap/576_155.mp4,461,439,22,7,15,True,20,"[0, 264, 266, 261, 259, 265, 260, 263, 257, 268, 262, 258, 267, 256, 272, 274, 270, 273, 269, 271]",FaceSwap,train,1
FaceForensics++_C23\FaceSwap/577_593.mp4,344,343,1,0,1,True,1,[0],FaceSwap,train,1
FaceForensics++_C23\FaceSwap/578_636.mp4,335,334,1,0,1,True,1,[0],FaceSwap,train,1
FaceForensics++_C23\FaceSwap/579_701.mp4,393,392,1,0,1,True,1,[0],FaceSwap,test,1
FaceForensics++_C23\FaceSwap/580_524.mp4,292,291,1,0,1,True,1,[0],FaceSwap,train,1
FaceForensics++_C23\FaceSwap/581_697.mp4,382,381,1,0,1,True,1,[0],FaceSwap,train,1
FaceForensics++_C23\FaceSwap/582_172.mp4,431,349,82,25,57,False,20,"[201, 253, 197, 250, 248, 202, 200, 2, 215, 0, 179, 4, 211, 329, 269, 3, 246, 8, 243, 14]",FaceSwap,train,1
FaceForensics++_C23\FaceSwap/583_558.mp4,475,474,1,0,1,True,1,[0],FaceSwap,val,1
FaceForensics++_C23\FaceSwap/584_823.mp4,475,474,1,0,1,True,1,[0],FaceSwap,val,1
FaceForensics++_C23\FaceSwap/585_599.mp4,359,358,1,0,1,True,1,[0],FaceSwap,val,1
FaceForensics++_C23\FaceSwap/586_223.mp4,336,333,3,1,2,True,3,"[0, 312, 106]",FaceSwap,val,1
FaceForensics++_C23\FaceSwap/587_535.mp4,626,623,3,1,2,True,3,"[0, 624, 625]",FaceSwap,train,1
FaceForensics++_C23\FaceSwap/588_556.mp4,372,371,1,0,1,True,1,[0],FaceSwap,train,1
FaceForensics++_C23\FaceSwap/589_565.mp4,430,427,3,1,2,True,3,"[71, 0, 66]",FaceSwap,val,1
FaceForensics++_C23\FaceSwap/590_034.mp4,407,404,3,1,2,True,3,"[245, 244, 0]",FaceSwap,train,1
FaceForensics++_C23\FaceSwap/591_605.mp4,541,533,8,3,5,True,8,"[0, 174, 173, 30, 27, 26, 29, 28]",FaceSwap,train,1
FaceForensics++_C23\FaceSwap/592_500.mp4,292,291,1,0,1,True,1,[0],FaceSwap,train,1
FaceForensics++_C23\FaceSwap/593_577.mp4,344,343,1,0,1,True,1,[0],FaceSwap,train,1
FaceForensics++_C23\FaceSwap/594_530.mp4,294,293,1,0,1,True,1,[0],FaceSwap,train,1
FaceForensics++_C23\FaceSwap/595_597.mp4,297,296,1,0,1,True,1,[0],FaceSwap,val,1
FaceForensics++_C23\FaceSwap/596_609.mp4,489,488,1,0,1,True,1,[0],FaceSwap,train,1
FaceForensics++_C23\FaceSwap/597_595.mp4,297,296,1,0,1,True,1,[0],FaceSwap,val,1
FaceForensics++_C23\FaceSwap/598_178.mp4,521,520,1,0,1,True,1,[0],FaceSwap,train,1
FaceForensics++_C23\FaceSwap/599_585.mp4,359,353,6,2,4,True,6,"[143, 142, 0, 350, 349, 348]",FaceSwap,val,1
FaceForensics++_C23\FaceSwap/600_505.mp4,388,387,1,0,1,True,1,[0],FaceSwap,train,1
FaceForensics++_C23\FaceSwap/601_653.mp4,364,363,1,0,1,True,1,[0],FaceSwap,train,1
FaceForensics++_C23\FaceSwap/602_397.mp4,355,351,4,1,3,True,4,"[0, 37, 25, 26]",FaceSwap,train,1
FaceForensics++_C23\FaceSwap/603_575.mp4,296,295,1,0,1,True,1,[0],FaceSwap,train,1
FaceForensics++_C23\FaceSwap/604_703.mp4,375,374,1,0,1,True,1,[0],FaceSwap,train,1
FaceForensics++_C23\FaceSwap/605_591.mp4,541,540,1,0,1,True,1,[0],FaceSwap,train,1
FaceForensics++_C23\FaceSwap/606_567.mp4,340,339,1,0,1,True,1,[0],FaceSwap,val,1
FaceForensics++_C23\FaceSwap/607_683.mp4,302,301,1,0,1,True,1,[0],FaceSwap,test,1
FaceForensics++_C23\FaceSwap/608_675.mp4,421,420,1,0,1,True,1,[0],FaceSwap,test,1
FaceForensics++_C23\FaceSwap/609_596.mp4,489,364,125,38,87,False,20,"[164, 166, 210, 168, 165, 206, 209, 208, 167, 203, 201, 212, 198, 205, 207, 192, 190, 204, 196, 211]",FaceSwap,train,1
FaceForensics++_C23\FaceSwap/610_692.mp4,354,351,3,1,2,True,3,"[0, 250, 172]",FaceSwap,train,1
FaceForensics++_C23\FaceSwap/611_760.mp4,306,305,1,0,1,True,1,[0],FaceSwap,train,1
FaceForensics++_C23\FaceSwap/612_702.mp4,420,418,2,1,1,True,2,"[0, 324]",FaceSwap,val,1
FaceForensics++_C23\FaceSwap/613_685.mp4,415,414,1,0,1,True,1,[0],FaceSwap,train,1
FaceForensics++_C23\FaceSwap/614_616.mp4,507,504,3,1,2,True,3,"[505, 506, 0]",FaceSwap,train,1
FaceForensics++_C23\FaceSwap/615_687.mp4,452,451,1,0,1,True,1,[0],FaceSwap,train,1
FaceForensics++_C23\FaceSwap/616_614.mp4,507,489,18,6,12,True,18,"[24, 25, 26, 23, 28, 27, 30, 29, 31, 34, 32, 33, 35, 37, 36, 21, 20, 0]",FaceSwap,train,1
FaceForensics++_C23\FaceSwap/617_566.mp4,312,311,1,0,1,True,1,[0],FaceSwap,val,1
FaceForensics++_C23\FaceSwap/618_629.mp4,382,381,1,0,1,True,1,[0],FaceSwap,train,1
FaceForensics++_C23\FaceSwap/619_620.mp4,305,304,1,0,1,True,1,[0],FaceSwap,train,1
FaceForensics++_C23\FaceSwap/620_619.mp4,305,304,1,0,1,True,1,[0],FaceSwap,train,1
FaceForensics++_C23\FaceSwap/621_546.mp4,370,367,3,1,2,True,3,"[289, 0, 288]",FaceSwap,train,1
FaceForensics++_C23\FaceSwap/622_647.mp4,371,370,1,0,1,True,1,[0],FaceSwap,val,1
FaceForensics++_C23\FaceSwap/623_630.mp4,352,351,1,0,1,True,1,[0],FaceSwap,test,1
FaceForensics++_C23\FaceSwap/624_570.mp4,350,310,40,12,28,False,20,"[173, 141, 171, 175, 176, 201, 198, 206, 199, 203, 196, 200, 204, 236, 223, 174, 106, 202, 336, 321]",FaceSwap,train,1
FaceForensics++_C23\FaceSwap/625_650.mp4,332,325,7,2,5,True,7,"[185, 187, 195, 54, 51, 43, 0]",FaceSwap,test,1
FaceForensics++_C23\FaceSwap/626_562.mp4,467,466,1,0,1,True,1,[0],FaceSwap,train,1
FaceForensics++_C23\FaceSwap/627_658.mp4,374,373,1,0,1,True,1,[0],FaceSwap,train,1
FaceForensics++_C23\FaceSwap/628_568.mp4,570,569,1,0,1,True,1,[0],FaceSwap,train,1
FaceForensics++_C23\FaceSwap/629_618.mp4,382,362,20,8,12,True,20,"[119, 48, 52, 289, 0, 39, 316, 328, 329, 318, 327, 357, 319, 320, 321, 322, 326, 325, 324, 323]",FaceSwap,train,1
FaceForensics++_C23\FaceSwap/630_623.mp4,352,281,71,21,50,False,20,"[266, 267, 262, 261, 264, 231, 312, 307, 274, 263, 297, 271, 269, 275, 226, 302, 259, 270, 282, 332]",FaceSwap,test,1
FaceForensics++_C23\FaceSwap/631_551.mp4,424,423,1,0,1,True,1,[0],FaceSwap,train,1
FaceForensics++_C23\FaceSwap/632_548.mp4,427,423,4,1,3,True,4,"[423, 424, 426, 0]",FaceSwap,val,1
FaceForensics++_C23\FaceSwap/633_529.mp4,335,334,1,0,1,True,1,[0],FaceSwap,test,1
FaceForensics++_C23\FaceSwap/634_660.mp4,338,337,1,0,1,True,1,[0],FaceSwap,test,1
FaceForensics++_C23\FaceSwap/635_642.mp4,573,572,1,0,1,True,1,[0],FaceSwap,train,1
FaceForensics++_C23\FaceSwap/636_578.mp4,335,319,16,5,11,True,16,"[199, 297, 156, 290, 93, 0, 33, 47, 8, 51, 26, 10, 11, 2, 16, 3]",FaceSwap,train,1
FaceForensics++_C23\FaceSwap/637_427.mp4,468,467,1,0,1,True,1,[0],FaceSwap,train,1
FaceForensics++_C23\FaceSwap/638_640.mp4,306,305,1,0,1,True,1,[0],FaceSwap,val,1
FaceForensics++_C23\FaceSwap/639_841.mp4,519,518,1,0,1,True,1,[0],FaceSwap,train,1
FaceForensics++_C23\FaceSwap/640_638.mp4,306,305,1,0,1,True,1,[0],FaceSwap,val,1
FaceForensics++_C23\FaceSwap/641_662.mp4,350,324,26,8,18,True,20,"[198, 197, 123, 313, 311, 122, 196, 72, 295, 17, 296, 294, 57, 319, 19, 58, 9, 276, 56, 18]",FaceSwap,train,1
FaceForensics++_C23\FaceSwap/642_635.mp4,573,572,1,0,1,True,1,[0],FaceSwap,train,1
FaceForensics++_C23\FaceSwap/643_646.mp4,364,363,1,0,1,True,1,[0],FaceSwap,train,1
FaceForensics++_C23\FaceSwap/644_657.mp4,413,406,7,2,5,True,7,"[0, 408, 411, 410, 407, 409, 412]",FaceSwap,train,1
FaceForensics++_C23\FaceSwap/645_688.mp4,554,494,60,18,42,False,20,"[153, 152, 52, 44, 477, 16, 12, 53, 151, 149, 83, 150, 48, 51, 211, 49, 18, 35, 81, 17]",FaceSwap,train,1
FaceForensics++_C23\FaceSwap/646_643.mp4,364,363,1,0,1,True,1,[0],FaceSwap,train,1
FaceForensics++_C23\FaceSwap/647_622.mp4,371,370,1,0,1,True,1,[0],FaceSwap,val,1
FaceForensics++_C23\FaceSwap/648_654.mp4,410,409,1,0,1,True,1,[0],FaceSwap,train,1
FaceForensics++_C23\FaceSwap/649_816.mp4,411,410,1,0,1,True,1,[0],FaceSwap,val,1
FaceForensics++_C23\FaceSwap/650_625.mp4,332,331,1,0,1,True,1,[0],FaceSwap,test,1
FaceForensics++_C23\FaceSwap/651_835.mp4,380,346,34,10,24,False,20,"[291, 271, 279, 294, 311, 270, 304, 269, 339, 373, 376, 377, 375, 374, 369, 372, 367, 93, 208, 209]",FaceSwap,train,1
FaceForensics++_C23\FaceSwap/652_773.mp4,456,443,13,4,9,True,13,"[346, 148, 144, 215, 216, 0, 145, 147, 213, 143, 214, 128, 129]",FaceSwap,train,1
FaceForensics++_C23\FaceSwap/653_601.mp4,364,332,32,10,22,False,20,"[43, 0, 356, 285, 261, 251, 355, 260, 262, 250, 284, 44, 42, 41, 249, 281, 280, 221, 222, 270]",FaceSwap,train,1
FaceForensics++_C23\FaceSwap/654_648.mp4,410,409,1,0,1,True,1,[0],FaceSwap,train,1
FaceForensics++_C23\FaceSwap/655_444.mp4,437,431,6,2,4,True,6,"[252, 250, 0, 253, 251, 59]",FaceSwap,train,1
FaceForensics++_C23\FaceSwap/656_666.mp4,383,382,1,0,1,True,1,[0],FaceSwap,val,1
FaceForensics++_C23\FaceSwap/657_644.mp4,413,394,19,6,13,True,19,"[301, 297, 299, 303, 305, 300, 27, 302, 304, 298, 11, 10, 9, 8, 7, 6, 5, 0, 3]",FaceSwap,train,1
FaceForensics++_C23\FaceSwap/658_627.mp4,374,373,1,0,1,True,1,[0],FaceSwap,train,1
FaceForensics++_C23\FaceSwap/659_749.mp4,693,683,10,3,7,True,10,"[67, 158, 3, 214, 5, 91, 348, 0, 670, 662]",FaceSwap,train,1
FaceForensics++_C23\FaceSwap/660_634.mp4,338,147,191,57,134,False,20,"[154, 91, 146, 111, 158, 155, 114, 317, 116, 112, 312, 311, 166, 113, 157, 156, 117, 147, 319, 104]",FaceSwap,test,1
FaceForensics++_C23\FaceSwap/661_670.mp4,481,477,4,1,3,True,4,"[90, 401, 205, 0]",FaceSwap,test,1
FaceForensics++_C23\FaceSwap/662_641.mp4,350,348,2,1,1,True,2,"[52, 0]",FaceSwap,train,1
FaceForensics++_C23\FaceSwap/663_231.mp4,316,315,1,0,1,True,1,[0],FaceSwap,train,1
FaceForensics++_C23\FaceSwap/664_668.mp4,293,292,1,0,1,True,1,[0],FaceSwap,val,1
FaceForensics++_C23\FaceSwap/665_679.mp4,324,323,1,0,1,True,1,[0],FaceSwap,train,1
FaceForensics++_C23\FaceSwap/666_656.mp4,383,382,1,0,1,True,1,[0],FaceSwap,val,1
FaceForensics++_C23\FaceSwap/667_446.mp4,423,383,40,12,28,False,20,"[319, 111, 302, 315, 116, 311, 114, 303, 391, 317, 304, 118, 309, 318, 300, 113, 117, 115, 316, 310]",FaceSwap,train,1
FaceForensics++_C23\FaceSwap/668_664.mp4,293,292,1,0,1,True,1,[0],FaceSwap,val,1
FaceForensics++_C23\FaceSwap/669_682.mp4,489,488,1,0,1,True,1,[0],FaceSwap,test,1
FaceForensics++_C23\FaceSwap/670_661.mp4,481,479,2,1,1,True,2,"[96, 0]",FaceSwap,test,1
FaceForensics++_C23\FaceSwap/671_677.mp4,314,312,2,1,1,True,2,"[0, 170]",FaceSwap,train,1
FaceForensics++_C23\FaceSwap/672_720.mp4,541,540,1,0,1,True,1,[0],FaceSwap,val,1
FaceForensics++_C23\FaceSwap/673_728.mp4,568,567,1,0,1,True,1,[0],FaceSwap,train,1
FaceForensics++_C23\FaceSwap/674_744.mp4,294,290,4,1,3,True,4,"[0, 151, 160, 159]",FaceSwap,train,1
FaceForensics++_C23\FaceSwap/675_608.mp4,421,420,1,0,1,True,1,[0],FaceSwap,test,1
FaceForensics++_C23\FaceSwap/676_776.mp4,331,326,5,2,3,True,5,"[304, 199, 303, 109, 0]",FaceSwap,train,1
FaceForensics++_C23\FaceSwap/677_671.mp4,314,312,2,1,1,True,2,"[264, 0]",FaceSwap,train,1
FaceForensics++_C23\FaceSwap/678_460.mp4,400,324,76,23,53,False,20,"[78, 114, 30, 0, 40, 39, 48, 29, 41, 49, 32, 50, 36, 116, 28, 45, 33, 43, 47, 38]",FaceSwap,train,1
FaceForensics++_C23\FaceSwap/679_665.mp4,324,323,1,0,1,True,1,[0],FaceSwap,train,1
FaceForensics++_C23\FaceSwap/680_486.mp4,300,299,1,0,1,True,1,[0],FaceSwap,train,1
FaceForensics++_C23\FaceSwap/681_711.mp4,292,291,1,0,1,True,1,[0],FaceSwap,train,1
FaceForensics++_C23\FaceSwap/682_669.mp4,489,488,1,0,1,True,1,[0],FaceSwap,test,1
FaceForensics++_C23\FaceSwap/683_607.mp4,302,301,1,0,1,True,1,[0],FaceSwap,test,1
FaceForensics++_C23\FaceSwap/684_717.mp4,374,373,1,0,1,True,1,[0],FaceSwap,train,1
FaceForensics++_C23\FaceSwap/685_613.mp4,415,414,1,0,1,True,1,[0],FaceSwap,train,1
FaceForensics++_C23\FaceSwap/686_696.mp4,342,341,1,0,1,True,1,[0],FaceSwap,train,1
FaceForensics++_C23\FaceSwap/687_615.mp4,452,451,1,0,1,True,1,[0],FaceSwap,train,1
FaceForensics++_C23\FaceSwap/688_645.mp4,554,547,7,2,5,True,7,"[521, 522, 523, 524, 526, 0, 525]",FaceSwap,train,1
FaceForensics++_C23\FaceSwap/689_690.mp4,331,330,1,0,1,True,1,[0],FaceSwap,train,1
FaceForensics++_C23\FaceSwap/690_689.mp4,331,328,3,1,2,True,3,"[329, 330, 0]",FaceSwap,train,1
FaceForensics++_C23\FaceSwap/691_732.mp4,426,425,1,0,1,True,1,[0],FaceSwap,test,1
FaceForensics++_C23\FaceSwap/692_610.mp4,354,346,8,3,5,True,8,"[36, 352, 12, 341, 0, 24, 350, 351]",FaceSwap,train,1
FaceForensics++_C23\FaceSwap/693_698.mp4,304,292,12,4,8,True,12,"[185, 186, 29, 31, 30, 32, 187, 188, 28, 0, 190, 189]",FaceSwap,train,1
FaceForensics++_C23\FaceSwap/694_767.mp4,299,298,1,0,1,True,1,[0],FaceSwap,train,1
FaceForensics++_C23\FaceSwap/695_422.mp4,310,308,2,1,1,True,2,"[184, 0]",FaceSwap,test,1
FaceForensics++_C23\FaceSwap/696_686.mp4,342,341,1,0,1,True,1,[0],FaceSwap,train,1
FaceForensics++_C23\FaceSwap/697_581.mp4,382,381,1,0,1,True,1,[0],FaceSwap,train,1
FaceForensics++_C23\FaceSwap/698_693.mp4,304,303,1,0,1,True,1,[0],FaceSwap,train,1
FaceForensics++_C23\FaceSwap/699_734.mp4,524,523,1,0,1,True,1,[0],FaceSwap,train,1
FaceForensics++_C23\FaceSwap/700_813.mp4,333,332,1,0,1,True,1,[0],FaceSwap,train,1
FaceForensics++_C23\FaceSwap/701_579.mp4,393,392,1,0,1,True,1,[0],FaceSwap,test,1
FaceForensics++_C23\FaceSwap/702_612.mp4,420,414,6,2,4,True,6,"[0, 392, 386, 385, 384, 383]",FaceSwap,val,1
FaceForensics++_C23\FaceSwap/703_604.mp4,375,374,1,0,1,True,1,[0],FaceSwap,train,1
FaceForensics++_C23\FaceSwap/704_723.mp4,450,449,1,0,1,True,1,[0],FaceSwap,train,1
FaceForensics++_C23\FaceSwap/705_707.mp4,473,472,1,0,1,True,1,[0],FaceSwap,test,1
FaceForensics++_C23\FaceSwap/706_479.mp4,328,320,8,3,5,True,8,"[118, 0, 70, 69, 295, 294, 68, 327]",FaceSwap,test,1
FaceForensics++_C23\FaceSwap/707_705.mp4,473,462,11,3,8,True,11,"[199, 202, 219, 0, 224, 228, 236, 225, 220, 226, 227]",FaceSwap,test,1
FaceForensics++_C23\FaceSwap/708_772.mp4,341,340,1,0,1,True,1,[0],FaceSwap,train,1
FaceForensics++_C23\FaceSwap/709_390.mp4,300,294,6,2,4,True,6,"[0, 37, 39, 36, 38, 40]",FaceSwap,train,1
FaceForensics++_C23\FaceSwap/710_788.mp4,378,377,1,0,1,True,1,[0],FaceSwap,train,1
FaceForensics++_C23\FaceSwap/711_681.mp4,292,291,1,0,1,True,1,[0],FaceSwap,train,1
FaceForensics++_C23\FaceSwap/712_716.mp4,550,549,1,0,1,True,1,[0],FaceSwap,train,1
FaceForensics++_C23\FaceSwap/713_726.mp4,410,287,123,37,86,False,20,"[98, 336, 334, 333, 338, 69, 141, 0, 332, 250, 357, 85, 88, 355, 83, 77, 79, 310, 71, 87]",FaceSwap,train,1
FaceForensics++_C23\FaceSwap/714_842.mp4,447,446,1,0,1,True,1,[0],FaceSwap,test,1
FaceForensics++_C23\FaceSwap/715_721.mp4,581,579,2,1,1,True,2,"[0, 17]",FaceSwap,train,1
FaceForensics++_C23\FaceSwap/716_712.mp4,550,549,1,0,1,True,1,[0],FaceSwap,train,1
FaceForensics++_C23\FaceSwap/717_684.mp4,374,373,1,0,1,True,1,[0],FaceSwap,train,1
FaceForensics++_C23\FaceSwap/718_972.mp4,311,296,15,5,10,True,15,"[47, 0, 255, 253, 283, 256, 282, 254, 248, 247, 252, 208, 209, 225, 210]",FaceSwap,train,1
FaceForensics++_C23\FaceSwap/719_737.mp4,369,368,1,0,1,True,1,[0],FaceSwap,train,1
FaceForensics++_C23\FaceSwap/720_672.mp4,541,540,1,0,1,True,1,[0],FaceSwap,val,1
FaceForensics++_C23\FaceSwap/721_715.mp4,581,578,3,1,2,True,3,"[249, 533, 0]",FaceSwap,train,1
FaceForensics++_C23\FaceSwap/722_458.mp4,351,327,24,7,17,True,20,"[255, 256, 254, 257, 258, 259, 260, 0, 261, 262, 263, 264, 265, 287, 266, 267, 268, 269, 270, 271]",FaceSwap,train,1
FaceForensics++_C23\FaceSwap/723_704.mp4,450,449,1,0,1,True,1,[0],FaceSwap,train,1
FaceForensics++_C23\FaceSwap/724_725.mp4,600,599,1,0,1,True,1,[0],FaceSwap,test,1
FaceForensics++_C23\FaceSwap/725_724.mp4,600,599,1,0,1,True,1,[0],FaceSwap,test,1
FaceForensics++_C23\FaceSwap/726_713.mp4,410,407,3,1,2,True,3,"[0, 392, 391]",FaceSwap,train,1
FaceForensics++_C23\FaceSwap/727_729.mp4,554,553,1,0,1,True,1,[0],FaceSwap,val,1
FaceForensics++_C23\FaceSwap/728_673.mp4,568,549,19,6,13,True,19,"[530, 538, 535, 536, 537, 314, 43, 534, 33, 532, 531, 32, 138, 533, 141, 315, 139, 0, 140]",FaceSwap,train,1
FaceForensics++_C23\FaceSwap/729_727.mp4,554,551,3,1,2,True,3,"[0, 275, 121]",FaceSwap,val,1
FaceForensics++_C23\FaceSwap/730_815.mp4,452,450,2,1,1,True,2,"[0, 325]",FaceSwap,train,1
FaceForensics++_C23\FaceSwap/731_741.mp4,370,369,1,0,1,True,1,[0],FaceSwap,test,1
FaceForensics++_C23\FaceSwap/732_691.mp4,426,405,21,6,15,True,20,"[0, 24, 19, 21, 8, 6, 2, 4, 23, 20, 18, 17, 22, 11, 25, 9, 1, 50, 5, 7]",FaceSwap,test,1
FaceForensics++_C23\FaceSwap/733_935.mp4,518,508,10,3,7,True,10,"[330, 331, 332, 335, 333, 334, 273, 318, 380, 0]",FaceSwap,train,1
FaceForensics++_C23\FaceSwap/734_699.mp4,524,523,1,0,1,True,1,[0],FaceSwap,train,1
FaceForensics++_C23\FaceSwap/735_774.mp4,313,312,1,0,1,True,1,[0],FaceSwap,train,1
FaceForensics++_C23\FaceSwap/736_785.mp4,413,412,1,0,1,True,1,[0],FaceSwap,train,1
FaceForensics++_C23\FaceSwap/737_719.mp4,369,359,10,3,7,True,10,"[0, 24, 265, 272, 363, 268, 21, 364, 365, 367]",FaceSwap,train,1
FaceForensics++_C23\FaceSwap/738_804.mp4,359,348,11,3,8,True,11,"[0, 152, 151, 301, 337, 338, 150, 149, 52, 51, 148]",FaceSwap,train,1
FaceForensics++_C23\FaceSwap/739_865.mp4,304,303,1,0,1,True,1,[0],FaceSwap,test,1
FaceForensics++_C23\FaceSwap/740_796.mp4,348,346,2,1,1,True,2,"[347, 0]",FaceSwap,train,1
FaceForensics++_C23\FaceSwap/741_731.mp4,370,369,1,0,1,True,1,[0],FaceSwap,test,1
FaceForensics++_C23\FaceSwap/742_775.mp4,559,558,1,0,1,True,1,[0],FaceSwap,val,1
FaceForensics++_C23\FaceSwap/743_750.mp4,311,310,1,0,1,True,1,[0],FaceSwap,train,1
FaceForensics++_C23\FaceSwap/744_674.mp4,294,277,17,5,12,True,17,"[53, 65, 64, 63, 62, 0, 169, 19, 274, 61, 54, 66, 78, 79, 83, 84, 81]",FaceSwap,train,1
FaceForensics++_C23\FaceSwap/745_777.mp4,325,324,1,0,1,True,1,[0],FaceSwap,val,1
FaceForensics++_C23\FaceSwap/746_571.mp4,493,492,1,0,1,True,1,[0],FaceSwap,val,1
FaceForensics++_C23\FaceSwap/747_854.mp4,294,293,1,0,1,True,1,[0],FaceSwap,train,1
FaceForensics++_C23\FaceSwap/748_355.mp4,318,292,26,8,18,True,20,"[234, 0, 280, 282, 248, 220, 230, 272, 236, 212, 218, 278, 276, 270, 216, 262, 258, 266, 260, 224]",FaceSwap,train,1
FaceForensics++_C23\FaceSwap/749_659.mp4,693,692,1,0,1,True,1,[0],FaceSwap,train,1
FaceForensics++_C23\FaceSwap/750_743.mp4,311,290,21,6,15,True,20,"[0, 183, 117, 185, 116, 283, 184, 122, 201, 284, 258, 114, 285, 115, 153, 124, 123, 278, 277, 286]",FaceSwap,train,1
FaceForensics++_C23\FaceSwap/751_752.mp4,331,284,47,14,33,False,20,"[0, 3, 18, 21, 14, 129, 255, 158, 316, 213, 134, 208, 133, 176, 136, 152, 306, 302, 140, 252]",FaceSwap,train,1
FaceForensics++_C23\FaceSwap/752_751.mp4,331,326,5,2,3,True,5,"[0, 280, 259, 323, 19]",FaceSwap,train,1
FaceForensics++_C23\FaceSwap/753_789.mp4,567,565,2,1,1,True,2,"[1, 0]",FaceSwap,train,1
FaceForensics++_C23\FaceSwap/754_758.mp4,391,390,1,0,1,True,1,[0],FaceSwap,train,1
FaceForensics++_C23\FaceSwap/755_759.mp4,336,335,1,0,1,True,1,[0],FaceSwap,test,1
FaceForensics++_C23\FaceSwap/756_503.mp4,570,568,2,1,1,True,2,"[0, 188]",FaceSwap,train,1
FaceForensics++_C23\FaceSwap/757_573.mp4,441,440,1,0,1,True,1,[0],FaceSwap,train,1
FaceForensics++_C23\FaceSwap/758_754.mp4,391,389,2,1,1,True,2,"[0, 336]",FaceSwap,train,1
FaceForensics++_C23\FaceSwap/759_755.mp4,336,335,1,0,1,True,1,[0],FaceSwap,test,1
FaceForensics++_C23\FaceSwap/760_611.mp4,306,305,1,0,1,True,1,[0],FaceSwap,train,1
FaceForensics++_C23\FaceSwap/761_766.mp4,343,333,10,3,7,True,10,"[33, 16, 13, 17, 8, 9, 10, 20, 21, 0]",FaceSwap,train,1
FaceForensics++_C23\FaceSwap/762_832.mp4,416,415,1,0,1,True,1,[0],FaceSwap,val,1
FaceForensics++_C23\FaceSwap/763_930.mp4,448,447,1,0,1,True,1,[0],FaceSwap,train,1
FaceForensics++_C23\FaceSwap/764_850.mp4,369,368,1,0,1,True,1,[0],FaceSwap,train,1
FaceForensics++_C23\FaceSwap/765_867.mp4,388,386,2,1,1,True,2,"[3, 0]",FaceSwap,train,1
FaceForensics++_C23\FaceSwap/766_761.mp4,343,342,1,0,1,True,1,[0],FaceSwap,train,1
FaceForensics++_C23\FaceSwap/767_694.mp4,299,298,1,0,1,True,1,[0],FaceSwap,train,1
FaceForensics++_C23\FaceSwap/768_793.mp4,330,329,1,0,1,True,1,[0],FaceSwap,val,1
FaceForensics++_C23\FaceSwap/769_784.mp4,484,483,1,0,1,True,1,[0],FaceSwap,train,1
FaceForensics++_C23\FaceSwap/770_791.mp4,333,332,1,0,1,True,1,[0],FaceSwap,train,1
FaceForensics++_C23\FaceSwap/771_849.mp4,322,321,1,0,1,True,1,[0],FaceSwap,train,1
FaceForensics++_C23\FaceSwap/772_708.mp4,341,340,1,0,1,True,1,[0],FaceSwap,train,1
FaceForensics++_C23\FaceSwap/773_652.mp4,456,455,1,0,1,True,1,[0],FaceSwap,train,1
FaceForensics++_C23\FaceSwap/774_735.mp4,313,312,1,0,1,True,1,[0],FaceSwap,train,1
FaceForensics++_C23\FaceSwap/775_742.mp4,559,558,1,0,1,True,1,[0],FaceSwap,val,1
FaceForensics++_C23\FaceSwap/776_676.mp4,331,262,69,21,48,False,20,"[266, 115, 197, 195, 267, 191, 272, 270, 300, 268, 193, 192, 225, 47, 198, 275, 150, 273, 200, 196]",FaceSwap,train,1
FaceForensics++_C23\FaceSwap/777_745.mp4,325,324,1,0,1,True,1,[0],FaceSwap,val,1
FaceForensics++_C23\FaceSwap/778_798.mp4,328,327,1,0,1,True,1,[0],FaceSwap,train,1
FaceForensics++_C23\FaceSwap/779_794.mp4,306,305,1,0,1,True,1,[0],FaceSwap,val,1
FaceForensics++_C23\FaceSwap/780_869.mp4,333,332,1,0,1,True,1,[0],FaceSwap,train,1
FaceForensics++_C23\FaceSwap/781_806.mp4,301,300,1,0,1,True,1,[0],FaceSwap,train,1
FaceForensics++_C23\FaceSwap/782_787.mp4,502,501,1,0,1,True,1,[0],FaceSwap,train,1
FaceForensics++_C23\FaceSwap/783_916.mp4,403,402,1,0,1,True,1,[0],FaceSwap,train,1
FaceForensics++_C23\FaceSwap/784_769.mp4,484,483,1,0,1,True,1,[0],FaceSwap,train,1
FaceForensics++_C23\FaceSwap/785_736.mp4,413,412,1,0,1,True,1,[0],FaceSwap,train,1
FaceForensics++_C23\FaceSwap/786_819.mp4,520,433,87,26,61,False,20,"[26, 0, 110, 141, 109, 27, 433, 140, 36, 244, 32, 35, 101, 31, 33, 108, 142, 29, 30, 172]",FaceSwap,train,1
FaceForensics++_C23\FaceSwap/787_782.mp4,502,492,10,3,7,True,10,"[0, 413, 410, 412, 409, 321, 414, 411, 408, 320]",FaceSwap,train,1
FaceForensics++_C23\FaceSwap/788_710.mp4,378,158,220,66,154,False,20,"[315, 369, 277, 313, 371, 328, 187, 10, 346, 348, 340, 321, 317, 190, 327, 334, 276, 344, 139, 352]",FaceSwap,train,1
FaceForensics++_C23\FaceSwap/789_753.mp4,567,544,23,7,16,True,20,"[403, 401, 400, 411, 405, 301, 399, 398, 404, 393, 396, 406, 410, 409, 395, 394, 391, 530, 470, 473]",FaceSwap,train,1
FaceForensics++_C23\FaceSwap/790_014.mp4,676,675,1,0,1,True,1,[0],FaceSwap,train,1
FaceForensics++_C23\FaceSwap/791_770.mp4,333,329,4,1,3,True,4,"[46, 67, 66, 0]",FaceSwap,train,1
FaceForensics++_C23\FaceSwap/792_903.mp4,383,381,2,1,1,True,2,"[0, 382]",FaceSwap,train,1
FaceForensics++_C23\FaceSwap/793_768.mp4,330,329,1,0,1,True,1,[0],FaceSwap,val,1
FaceForensics++_C23\FaceSwap/794_779.mp4,306,302,4,1,3,True,4,"[0, 157, 66, 232]",FaceSwap,val,1
FaceForensics++_C23\FaceSwap/795_907.mp4,525,524,1,0,1,True,1,[0],FaceSwap,train,1
FaceForensics++_C23\FaceSwap/796_740.mp4,348,347,1,0,1,True,1,[0],FaceSwap,train,1
FaceForensics++_C23\FaceSwap/797_844.mp4,434,429,5,2,3,True,5,"[29, 272, 0, 415, 271]",FaceSwap,train,1
FaceForensics++_C23\FaceSwap/798_778.mp4,328,327,1,0,1,True,1,[0],FaceSwap,train,1
FaceForensics++_C23\FaceSwap/799_809.mp4,367,358,9,3,6,True,9,"[314, 70, 241, 8, 0, 46, 45, 9, 21]",FaceSwap,train,1
FaceForensics++_C23\FaceSwap/800_840.mp4,338,337,1,0,1,True,1,[0],FaceSwap,train,1
FaceForensics++_C23\FaceSwap/801_855.mp4,444,443,1,0,1,True,1,[0],FaceSwap,test,1
FaceForensics++_C23\FaceSwap/802_885.mp4,329,328,1,0,1,True,1,[0],FaceSwap,train,1
FaceForensics++_C23\FaceSwap/803_017.mp4,297,293,4,1,3,True,4,"[0, 257, 256, 255]",FaceSwap,train,1
FaceForensics++_C23\FaceSwap/804_738.mp4,359,354,5,2,3,True,5,"[0, 358, 356, 357, 355]",FaceSwap,train,1
FaceForensics++_C23\FaceSwap/805_011.mp4,411,397,14,4,10,True,14,"[0, 375, 177, 327, 221, 326, 146, 159, 158, 148, 145, 149, 150, 151]",FaceSwap,train,1
FaceForensics++_C23\FaceSwap/806_781.mp4,301,300,1,0,1,True,1,[0],FaceSwap,train,1
FaceForensics++_C23\FaceSwap/807_273.mp4,322,315,7,2,5,True,7,"[68, 194, 306, 69, 307, 0, 195]",FaceSwap,val,1
FaceForensics++_C23\FaceSwap/808_829.mp4,637,633,4,1,3,True,4,"[384, 0, 383, 398]",FaceSwap,train,1
FaceForensics++_C23\FaceSwap/809_799.mp4,367,366,1,0,1,True,1,[0],FaceSwap,train,1
FaceForensics++_C23\FaceSwap/810_838.mp4,457,455,2,1,1,True,2,"[225, 0]",FaceSwap,train,1
FaceForensics++_C23\FaceSwap/811_920.mp4,371,370,1,0,1,True,1,[0],FaceSwap,train,1
FaceForensics++_C23\FaceSwap/812_821.mp4,423,422,1,0,1,True,1,[0],FaceSwap,test,1
FaceForensics++_C23\FaceSwap/813_700.mp4,333,250,83,25,58,False,20,"[262, 273, 272, 37, 286, 28, 34, 71, 155, 168, 90, 159, 271, 103, 142, 0, 36, 139, 24, 255]",FaceSwap,train,1
FaceForensics++_C23\FaceSwap/814_871.mp4,348,347,1,0,1,True,1,[0],FaceSwap,train,1
FaceForensics++_C23\FaceSwap/815_730.mp4,452,451,1,0,1,True,1,[0],FaceSwap,train,1
FaceForensics++_C23\FaceSwap/816_649.mp4,411,410,1,0,1,True,1,[0],FaceSwap,val,1
FaceForensics++_C23\FaceSwap/817_827.mp4,311,310,1,0,1,True,1,[0],FaceSwap,val,1
FaceForensics++_C23\FaceSwap/818_820.mp4,466,465,1,0,1,True,1,[0],FaceSwap,val,1
FaceForensics++_C23\FaceSwap/819_786.mp4,520,519,1,0,1,True,1,[0],FaceSwap,train,1
FaceForensics++_C23\FaceSwap/820_818.mp4,466,465,1,0,1,True,1,[0],FaceSwap,val,1
FaceForensics++_C23\FaceSwap/821_812.mp4,423,422,1,0,1,True,1,[0],FaceSwap,test,1
FaceForensics++_C23\FaceSwap/822_244.mp4,297,296,1,0,1,True,1,[0],FaceSwap,train,1
FaceForensics++_C23\FaceSwap/823_584.mp4,475,416,59,18,41,False,20,"[399, 349, 389, 336, 326, 325, 387, 397, 414, 406, 332, 335, 398, 388, 408, 431, 313, 430, 413, 412]",FaceSwap,val,1
FaceForensics++_C23\FaceSwap/824_419.mp4,487,383,104,31,73,False,20,"[0, 3, 1, 9, 2, 6, 15, 26, 5, 29, 4, 12, 24, 8, 18, 7, 27, 21, 11, 17]",FaceSwap,val,1
FaceForensics++_C23\FaceSwap/825_074.mp4,345,344,1,0,1,True,1,[0],FaceSwap,train,1
FaceForensics++_C23\FaceSwap/826_833.mp4,355,354,1,0,1,True,1,[0],FaceSwap,train,1
FaceForensics++_C23\FaceSwap/827_817.mp4,311,310,1,0,1,True,1,[0],FaceSwap,val,1
FaceForensics++_C23\FaceSwap/828_830.mp4,319,318,1,0,1,True,1,[0],FaceSwap,train,1
FaceForensics++_C23\FaceSwap/829_808.mp4,637,634,3,1,2,True,3,"[144, 0, 145]",FaceSwap,train,1
FaceForensics++_C23\FaceSwap/830_828.mp4,319,318,1,0,1,True,1,[0],FaceSwap,train,1
FaceForensics++_C23\FaceSwap/831_508.mp4,327,321,6,2,4,True,6,"[0, 314, 108, 313, 109, 315]",FaceSwap,train,1
FaceForensics++_C23\FaceSwap/832_762.mp4,416,415,1,0,1,True,1,[0],FaceSwap,val,1
FaceForensics++_C23\FaceSwap/833_826.mp4,355,354,1,0,1,True,1,[0],FaceSwap,train,1
FaceForensics++_C23\FaceSwap/834_852.mp4,303,290,13,4,9,True,13,"[23, 115, 176, 119, 186, 20, 277, 7, 10, 6, 0, 5, 3]",FaceSwap,val,1
FaceForensics++_C23\FaceSwap/835_651.mp4,380,379,1,0,1,True,1,[0],FaceSwap,train,1
FaceForensics++_C23\FaceSwap/836_950.mp4,343,342,1,0,1,True,1,[0],FaceSwap,train,1
FaceForensics++_C23\FaceSwap/837_890.mp4,341,340,1,0,1,True,1,[0],FaceSwap,val,1
FaceForensics++_C23\FaceSwap/838_810.mp4,457,456,1,0,1,True,1,[0],FaceSwap,train,1
FaceForensics++_C23\FaceSwap/839_864.mp4,326,325,1,0,1,True,1,[0],FaceSwap,train,1
FaceForensics++_C23\FaceSwap/840_800.mp4,338,336,2,1,1,True,2,"[73, 0]",FaceSwap,train,1
FaceForensics++_C23\FaceSwap/841_639.mp4,519,518,1,0,1,True,1,[0],FaceSwap,train,1
FaceForensics++_C23\FaceSwap/842_714.mp4,447,277,170,51,119,False,20,"[0, 54, 55, 44, 62, 43, 56, 63, 65, 61, 64, 66, 57, 158, 163, 192, 75, 125, 59, 121]",FaceSwap,test,1
FaceForensics++_C23\FaceSwap/843_859.mp4,318,317,1,0,1,True,1,[0],FaceSwap,train,1
FaceForensics++_C23\FaceSwap/844_797.mp4,434,433,1,0,1,True,1,[0],FaceSwap,train,1
FaceForensics++_C23\FaceSwap/845_846.mp4,353,352,1,0,1,True,1,[0],FaceSwap,train,1
FaceForensics++_C23\FaceSwap/846_845.mp4,353,345,8,3,5,True,8,"[352, 351, 331, 0, 4, 2, 3, 5]",FaceSwap,train,1
FaceForensics++_C23\FaceSwap/847_906.mp4,301,291,10,3,7,True,10,"[0, 73, 74, 71, 72, 78, 70, 79, 69, 77]",FaceSwap,test,1
FaceForensics++_C23\FaceSwap/848_894.mp4,328,327,1,0,1,True,1,[0],FaceSwap,train,1
FaceForensics++_C23\FaceSwap/849_771.mp4,322,320,2,1,1,True,2,"[66, 0]",FaceSwap,train,1
FaceForensics++_C23\FaceSwap/850_764.mp4,369,368,1,0,1,True,1,[0],FaceSwap,train,1
FaceForensics++_C23\FaceSwap/851_552.mp4,303,301,2,1,1,True,2,"[167, 0]",FaceSwap,test,1
FaceForensics++_C23\FaceSwap/852_834.mp4,303,302,1,0,1,True,1,[0],FaceSwap,val,1
FaceForensics++_C23\FaceSwap/853_863.mp4,513,512,1,0,1,True,1,[0],FaceSwap,train,1
FaceForensics++_C23\FaceSwap/854_747.mp4,294,293,1,0,1,True,1,[0],FaceSwap,train,1
FaceForensics++_C23\FaceSwap/855_801.mp4,444,443,1,0,1,True,1,[0],FaceSwap,test,1
FaceForensics++_C23\FaceSwap/856_881.mp4,638,637,1,0,1,True,1,[0],FaceSwap,train,1
FaceForensics++_C23\FaceSwap/857_909.mp4,637,636,1,0,1,True,1,[0],FaceSwap,val,1
FaceForensics++_C23\FaceSwap/858_861.mp4,483,482,1,0,1,True,1,[0],FaceSwap,train,1
FaceForensics++_C23\FaceSwap/859_843.mp4,318,317,1,0,1,True,1,[0],FaceSwap,train,1
FaceForensics++_C23\FaceSwap/860_905.mp4,382,359,23,7,16,True,20,"[192, 191, 190, 175, 189, 174, 186, 187, 185, 188, 176, 184, 182, 181, 173, 183, 180, 178, 177, 179]",FaceSwap,train,1
FaceForensics++_C23\FaceSwap/861_858.mp4,483,320,163,49,114,False,20,"[156, 35, 360, 205, 333, 207, 9, 417, 359, 34, 416, 424, 29, 36, 425, 404, 415, 400, 355, 403]",FaceSwap,train,1
FaceForensics++_C23\FaceSwap/862_047.mp4,319,318,1,0,1,True,1,[0],FaceSwap,test,1
FaceForensics++_C23\FaceSwap/863_853.mp4,513,509,4,1,3,True,4,"[408, 409, 0, 34]",FaceSwap,train,1
FaceForensics++_C23\FaceSwap/864_839.mp4,326,325,1,0,1,True,1,[0],FaceSwap,train,1
FaceForensics++_C23\FaceSwap/865_739.mp4,304,303,1,0,1,True,1,[0],FaceSwap,test,1
FaceForensics++_C23\FaceSwap/866_878.mp4,509,508,1,0,1,True,1,[0],FaceSwap,train,1
FaceForensics++_C23\FaceSwap/867_765.mp4,388,387,1,0,1,True,1,[0],FaceSwap,train,1
FaceForensics++_C23\FaceSwap/868_949.mp4,431,429,2,1,1,True,2,"[0, 53]",FaceSwap,test,1
FaceForensics++_C23\FaceSwap/869_780.mp4,333,329,4,1,3,True,4,"[0, 87, 192, 270]",FaceSwap,train,1
FaceForensics++_C23\FaceSwap/870_001.mp4,460,456,4,1,3,True,4,"[69, 68, 70, 0]",FaceSwap,train,1
FaceForensics++_C23\FaceSwap/871_814.mp4,348,344,4,1,3,True,4,"[14, 32, 31, 0]",FaceSwap,train,1
FaceForensics++_C23\FaceSwap/872_873.mp4,474,473,1,0,1,True,1,[0],FaceSwap,train,1
FaceForensics++_C23\FaceSwap/873_872.mp4,474,473,1,0,1,True,1,[0],FaceSwap,train,1
FaceForensics++_C23\FaceSwap/874_291.mp4,330,325,5,2,3,True,5,"[0, 96, 20, 21, 22]",FaceSwap,train,1
FaceForensics++_C23\FaceSwap/875_979.mp4,335,334,1,0,1,True,1,[0],FaceSwap,val,1
FaceForensics++_C23\FaceSwap/876_891.mp4,296,295,1,0,1,True,1,[0],FaceSwap,train,1
FaceForensics++_C23\FaceSwap/877_886.mp4,525,524,1,0,1,True,1,[0],FaceSwap,train,1
FaceForensics++_C23\FaceSwap/878_866.mp4,509,508,1,0,1,True,1,[0],FaceSwap,train,1
FaceForensics++_C23\FaceSwap/879_963.mp4,692,691,1,0,1,True,1,[0],FaceSwap,train,1
FaceForensics++_C23\FaceSwap/880_135.mp4,327,326,1,0,1,True,1,[0],FaceSwap,test,1
FaceForensics++_C23\FaceSwap/881_856.mp4,638,637,1,0,1,True,1,[0],FaceSwap,train,1
FaceForensics++_C23\FaceSwap/882_952.mp4,333,317,16,5,11,True,16,"[143, 144, 229, 70, 142, 174, 0, 173, 156, 35, 145, 175, 146, 224, 176, 36]",FaceSwap,train,1
FaceForensics++_C23\FaceSwap/883_013.mp4,332,315,17,5,12,True,17,"[233, 235, 236, 232, 312, 231, 311, 230, 313, 237, 93, 0, 14, 13, 16, 17, 11]",FaceSwap,train,1
FaceForensics++_C23\FaceSwap/884_968.mp4,300,273,27,8,19,True,20,"[9, 158, 86, 81, 10, 82, 200, 83, 13, 85, 11, 8, 7, 201, 12, 84, 202, 198, 203, 0]",FaceSwap,train,1
FaceForensics++_C23\FaceSwap/885_802.mp4,329,328,1,0,1,True,1,[0],FaceSwap,train,1
FaceForensics++_C23\FaceSwap/886_877.mp4,525,524,1,0,1,True,1,[0],FaceSwap,train,1
FaceForensics++_C23\FaceSwap/887_275.mp4,339,331,8,3,5,True,8,"[0, 158, 146, 139, 159, 160, 135, 77]",FaceSwap,train,1
FaceForensics++_C23\FaceSwap/888_937.mp4,307,306,1,0,1,True,1,[0],FaceSwap,train,1
FaceForensics++_C23\FaceSwap/889_045.mp4,329,285,44,13,31,False,20,"[88, 94, 153, 159, 133, 134, 83, 154, 240, 87, 73, 135, 75, 78, 76, 84, 55, 53, 0, 100]",FaceSwap,train,1
FaceForensics++_C23\FaceSwap/890_837.mp4,341,337,4,1,3,True,4,"[0, 2, 1, 3]",FaceSwap,val,1
FaceForensics++_C23\FaceSwap/891_876.mp4,296,295,1,0,1,True,1,[0],FaceSwap,train,1
FaceForensics++_C23\FaceSwap/892_112.mp4,311,307,4,1,3,True,4,"[19, 17, 18, 0]",FaceSwap,train,1
FaceForensics++_C23\FaceSwap/893_913.mp4,537,536,1,0,1,True,1,[0],FaceSwap,train,1
FaceForensics++_C23\FaceSwap/894_848.mp4,328,327,1,0,1,True,1,[0],FaceSwap,train,1
FaceForensics++_C23\FaceSwap/895_915.mp4,294,293,1,0,1,True,1,[0],FaceSwap,val,1
FaceForensics++_C23\FaceSwap/896_128.mp4,531,530,1,0,1,True,1,[0],FaceSwap,test,1
FaceForensics++_C23\FaceSwap/897_969.mp4,333,332,1,0,1,True,1,[0],FaceSwap,train,1
FaceForensics++_C23\FaceSwap/898_922.mp4,349,348,1,0,1,True,1,[0],FaceSwap,val,1
FaceForensics++_C23\FaceSwap/899_914.mp4,307,306,1,0,1,True,1,[0],FaceSwap,train,1
FaceForensics++_C23\FaceSwap/900_926.mp4,333,332,1,0,1,True,1,[0],FaceSwap,val,1
FaceForensics++_C23\FaceSwap/901_902.mp4,295,294,1,0,1,True,1,[0],FaceSwap,train,1
FaceForensics++_C23\FaceSwap/902_901.mp4,295,294,1,0,1,True,1,[0],FaceSwap,train,1
FaceForensics++_C23\FaceSwap/903_792.mp4,383,373,10,3,7,True,10,"[0, 18, 17, 16, 358, 360, 20, 19, 357, 359]",FaceSwap,train,1
FaceForensics++_C23\FaceSwap/904_046.mp4,359,358,1,0,1,True,1,[0],FaceSwap,val,1
FaceForensics++_C23\FaceSwap/905_860.mp4,382,376,6,2,4,True,6,"[169, 0, 376, 375, 377, 381]",FaceSwap,train,1
FaceForensics++_C23\FaceSwap/906_847.mp4,301,300,1,0,1,True,1,[0],FaceSwap,test,1
FaceForensics++_C23\FaceSwap/907_795.mp4,525,524,1,0,1,True,1,[0],FaceSwap,train,1
FaceForensics++_C23\FaceSwap/908_207.mp4,346,344,2,1,1,True,2,"[0, 316]",FaceSwap,train,1
FaceForensics++_C23\FaceSwap/909_857.mp4,637,636,1,0,1,True,1,[0],FaceSwap,val,1
FaceForensics++_C23\FaceSwap/910_911.mp4,292,291,1,0,1,True,1,[0],FaceSwap,train,1
FaceForensics++_C23\FaceSwap/911_910.mp4,292,291,1,0,1,True,1,[0],FaceSwap,train,1
FaceForensics++_C23\FaceSwap/912_927.mp4,647,646,1,0,1,True,1,[0],FaceSwap,val,1
FaceForensics++_C23\FaceSwap/913_893.mp4,537,536,1,0,1,True,1,[0],FaceSwap,train,1
FaceForensics++_C23\FaceSwap/914_899.mp4,307,306,1,0,1,True,1,[0],FaceSwap,train,1
FaceForensics++_C23\FaceSwap/915_895.mp4,294,293,1,0,1,True,1,[0],FaceSwap,val,1
FaceForensics++_C23\FaceSwap/916_783.mp4,403,395,8,3,5,True,8,"[134, 314, 0, 4, 2, 3, 5, 6]",FaceSwap,train,1
FaceForensics++_C23\FaceSwap/917_924.mp4,448,442,6,2,4,True,6,"[447, 77, 78, 80, 76, 0]",FaceSwap,test,1
FaceForensics++_C23\FaceSwap/918_934.mp4,377,376,1,0,1,True,1,[0],FaceSwap,train,1
FaceForensics++_C23\FaceSwap/919_015.mp4,437,436,1,0,1,True,1,[0],FaceSwap,test,1
FaceForensics++_C23\FaceSwap/920_811.mp4,371,363,8,3,5,True,8,"[0, 136, 139, 133, 138, 142, 140, 141]",FaceSwap,train,1
FaceForensics++_C23\FaceSwap/921_569.mp4,296,295,1,0,1,True,1,[0],FaceSwap,train,1
FaceForensics++_C23\FaceSwap/922_898.mp4,349,344,5,2,3,True,5,"[242, 166, 90, 334, 0]",FaceSwap,val,1
FaceForensics++_C23\FaceSwap/923_023.mp4,553,552,1,0,1,True,1,[0],FaceSwap,val,1
FaceForensics++_C23\FaceSwap/924_917.mp4,448,447,1,0,1,True,1,[0],FaceSwap,test,1
FaceForensics++_C23\FaceSwap/925_933.mp4,356,355,1,0,1,True,1,[0],FaceSwap,val,1
FaceForensics++_C23\FaceSwap/926_900.mp4,333,332,1,0,1,True,1,[0],FaceSwap,val,1
FaceForensics++_C23\FaceSwap/927_912.mp4,647,646,1,0,1,True,1,[0],FaceSwap,val,1
FaceForensics++_C23\FaceSwap/928_160.mp4,376,375,1,0,1,True,1,[0],FaceSwap,train,1
FaceForensics++_C23\FaceSwap/929_962.mp4,460,458,2,1,1,True,2,"[0, 421]",FaceSwap,train,1
FaceForensics++_C23\FaceSwap/930_763.mp4,448,186,262,79,183,False,20,"[379, 371, 377, 375, 12, 288, 290, 374, 372, 286, 181, 292, 208, 366, 370, 282, 296, 189, 258, 256]",FaceSwap,train,1
FaceForensics++_C23\FaceSwap/931_936.mp4,297,296,1,0,1,True,1,[0],FaceSwap,train,1
FaceForensics++_C23\FaceSwap/932_384.mp4,462,429,33,10,23,False,20,"[0, 346, 348, 347, 349, 351, 350, 288, 116, 352, 285, 71, 287, 72, 286, 54, 52, 53, 428, 427]",FaceSwap,test,1
FaceForensics++_C23\FaceSwap/933_925.mp4,356,355,1,0,1,True,1,[0],FaceSwap,val,1
FaceForensics++_C23\FaceSwap/934_918.mp4,377,376,1,0,1,True,1,[0],FaceSwap,train,1
FaceForensics++_C23\FaceSwap/935_733.mp4,518,514,4,1,3,True,4,"[0, 303, 302, 309]",FaceSwap,train,1
FaceForensics++_C23\FaceSwap/936_931.mp4,297,284,13,4,9,True,13,"[158, 159, 168, 176, 169, 166, 160, 161, 165, 0, 164, 162, 163]",FaceSwap,train,1
FaceForensics++_C23\FaceSwap/937_888.mp4,307,278,29,9,20,False,20,"[0, 241, 162, 32, 161, 25, 160, 26, 24, 27, 168, 23, 22, 156, 31, 159, 167, 155, 163, 166]",FaceSwap,train,1
FaceForensics++_C23\FaceSwap/938_987.mp4,369,349,20,6,14,True,20,"[272, 106, 0, 38, 111, 101, 5, 155, 170, 166, 177, 165, 15, 168, 169, 25, 167, 176, 171, 175]",FaceSwap,train,1
FaceForensics++_C23\FaceSwap/939_115.mp4,320,319,1,0,1,True,1,[0],FaceSwap,val,1
FaceForensics++_C23\FaceSwap/940_941.mp4,309,308,1,0,1,True,1,[0],FaceSwap,train,1
FaceForensics++_C23\FaceSwap/941_940.mp4,309,308,1,0,1,True,1,[0],FaceSwap,train,1
FaceForensics++_C23\FaceSwap/942_943.mp4,470,469,1,0,1,True,1,[0],FaceSwap,train,1
FaceForensics++_C23\FaceSwap/943_942.mp4,470,469,1,0,1,True,1,[0],FaceSwap,train,1
FaceForensics++_C23\FaceSwap/944_032.mp4,310,309,1,0,1,True,1,[0],FaceSwap,train,1
FaceForensics++_C23\FaceSwap/945_044.mp4,335,331,4,1,3,True,4,"[0, 2, 50, 53]",FaceSwap,test,1
FaceForensics++_C23\FaceSwap/946_049.mp4,360,359,1,0,1,True,1,[0],FaceSwap,train,1
FaceForensics++_C23\FaceSwap/947_951.mp4,641,640,1,0,1,True,1,[0],FaceSwap,val,1
FaceForensics++_C23\FaceSwap/948_965.mp4,348,346,2,1,1,True,2,"[0, 145]",FaceSwap,train,1
FaceForensics++_C23\FaceSwap/949_868.mp4,431,429,2,1,1,True,2,"[0, 207]",FaceSwap,test,1
FaceForensics++_C23\FaceSwap/950_836.mp4,343,342,1,0,1,True,1,[0],FaceSwap,train,1
FaceForensics++_C23\FaceSwap/951_947.mp4,641,639,2,1,1,True,2,"[0, 152]",FaceSwap,val,1
FaceForensics++_C23\FaceSwap/952_882.mp4,333,328,5,2,3,True,5,"[0, 98, 100, 99, 97]",FaceSwap,train,1
FaceForensics++_C23\FaceSwap/953_974.mp4,318,314,4,1,3,True,4,"[91, 217, 257, 0]",FaceSwap,test,1
FaceForensics++_C23\FaceSwap/954_976.mp4,328,327,1,0,1,True,1,[0],FaceSwap,train,1
FaceForensics++_C23\FaceSwap/955_078.mp4,523,514,9,3,6,True,9,"[520, 519, 495, 500, 496, 499, 0, 497, 498]",FaceSwap,test,1
FaceForensics++_C23\FaceSwap/956_958.mp4,392,391,1,0,1,True,1,[0],FaceSwap,val,1
FaceForensics++_C23\FaceSwap/957_959.mp4,418,345,73,22,51,False,20,"[381, 404, 402, 412, 12, 401, 399, 25, 23, 14, 20, 18, 30, 32, 400, 411, 409, 380, 16, 34]",FaceSwap,train,1
FaceForensics++_C23\FaceSwap/958_956.mp4,392,375,17,5,12,True,17,"[0, 16, 7, 5, 17, 26, 274, 25, 304, 28, 24, 325, 320, 335, 284, 340, 289]",FaceSwap,val,1
FaceForensics++_C23\FaceSwap/959_957.mp4,418,410,8,3,5,True,8,"[242, 241, 240, 243, 244, 372, 245, 0]",FaceSwap,train,1
FaceForensics++_C23\FaceSwap/960_999.mp4,335,334,1,0,1,True,1,[0],FaceSwap,train,1
FaceForensics++_C23\FaceSwap/961_069.mp4,323,321,2,1,1,True,2,"[0, 18]",FaceSwap,train,1
FaceForensics++_C23\FaceSwap/962_929.mp4,460,458,2,1,1,True,2,"[2, 0]",FaceSwap,train,1
FaceForensics++_C23\FaceSwap/963_879.mp4,692,691,1,0,1,True,1,[0],FaceSwap,train,1
FaceForensics++_C23\FaceSwap/964_174.mp4,414,413,1,0,1,True,1,[0],FaceSwap,train,1
FaceForensics++_C23\FaceSwap/965_948.mp4,348,347,1,0,1,True,1,[0],FaceSwap,train,1
FaceForensics++_C23\FaceSwap/966_988.mp4,364,350,14,4,10,True,14,"[291, 292, 362, 290, 1, 363, 0, 74, 73, 72, 270, 67, 32, 68]",FaceSwap,train,1
FaceForensics++_C23\FaceSwap/967_984.mp4,339,334,5,2,3,True,5,"[0, 6, 5, 4, 3]",FaceSwap,train,1
FaceForensics++_C23\FaceSwap/968_884.mp4,300,296,4,1,3,True,4,"[0, 175, 173, 172]",FaceSwap,train,1
FaceForensics++_C23\FaceSwap/969_897.mp4,333,332,1,0,1,True,1,[0],FaceSwap,train,1
FaceForensics++_C23\FaceSwap/970_973.mp4,476,475,1,0,1,True,1,[0],FaceSwap,test,1
FaceForensics++_C23\FaceSwap/971_564.mp4,354,353,1,0,1,True,1,[0],FaceSwap,val,1
FaceForensics++_C23\FaceSwap/972_718.mp4,311,310,1,0,1,True,1,[0],FaceSwap,train,1
FaceForensics++_C23\FaceSwap/973_970.mp4,476,475,1,0,1,True,1,[0],FaceSwap,test,1
FaceForensics++_C23\FaceSwap/974_953.mp4,318,314,4,1,3,True,4,"[0, 244, 243, 242]",FaceSwap,test,1
FaceForensics++_C23\FaceSwap/975_978.mp4,304,303,1,0,1,True,1,[0],FaceSwap,train,1
FaceForensics++_C23\FaceSwap/976_954.mp4,328,324,4,1,3,True,4,"[0, 23, 225, 37]",FaceSwap,train,1
FaceForensics++_C23\FaceSwap/977_075.mp4,613,595,18,6,12,True,18,"[427, 429, 502, 495, 500, 501, 499, 100, 444, 99, 101, 102, 0, 120, 121, 122, 490, 510]",FaceSwap,train,1
FaceForensics++_C23\FaceSwap/978_975.mp4,304,303,1,0,1,True,1,[0],FaceSwap,train,1
FaceForensics++_C23\FaceSwap/979_875.mp4,335,334,1,0,1,True,1,[0],FaceSwap,val,1
FaceForensics++_C23\FaceSwap/980_992.mp4,383,382,1,0,1,True,1,[0],FaceSwap,val,1
FaceForensics++_C23\FaceSwap/981_985.mp4,343,342,1,0,1,True,1,[0],FaceSwap,train,1
FaceForensics++_C23\FaceSwap/982_004.mp4,309,308,1,0,1,True,1,[0],FaceSwap,val,1
FaceForensics++_C23\FaceSwap/983_113.mp4,406,405,1,0,1,True,1,[0],FaceSwap,train,1
FaceForensics++_C23\FaceSwap/984_967.mp4,339,338,1,0,1,True,1,[0],FaceSwap,train,1
FaceForensics++_C23\FaceSwap/985_981.mp4,343,341,2,1,1,True,2,"[0, 8]",FaceSwap,train,1
FaceForensics++_C23\FaceSwap/986_994.mp4,316,315,1,0,1,True,1,[0],FaceSwap,train,1
FaceForensics++_C23\FaceSwap/987_938.mp4,369,368,1,0,1,True,1,[0],FaceSwap,train,1
FaceForensics++_C23\FaceSwap/988_966.mp4,364,363,1,0,1,True,1,[0],FaceSwap,train,1
FaceForensics++_C23\FaceSwap/989_993.mp4,409,408,1,0,1,True,1,[0],FaceSwap,train,1
FaceForensics++_C23\FaceSwap/990_008.mp4,305,302,3,1,2,True,3,"[0, 289, 174]",FaceSwap,train,1
FaceForensics++_C23\FaceSwap/991_064.mp4,402,401,1,0,1,True,1,[0],FaceSwap,val,1
FaceForensics++_C23\FaceSwap/992_980.mp4,383,0,383,115,268,False,20,"[347, 344, 220, 210, 350, 333, 213, 223, 216, 336, 219, 330, 346, 332, 339, 348, 382, 329, 196, 345]",FaceSwap,val,1
FaceForensics++_C23\FaceSwap/993_989.mp4,409,408,1,0,1,True,1,[0],FaceSwap,train,1
FaceForensics++_C23\FaceSwap/994_986.mp4,316,306,10,3,7,True,10,"[57, 92, 253, 139, 144, 299, 146, 143, 140, 0]",FaceSwap,train,1
FaceForensics++_C23\FaceSwap/995_233.mp4,548,547,1,0,1,True,1,[0],FaceSwap,test,1
FaceForensics++_C23\FaceSwap/996_056.mp4,312,309,3,1,2,True,3,"[0, 246, 291]",FaceSwap,train,1
FaceForensics++_C23\FaceSwap/997_040.mp4,438,436,2,1,1,True,2,"[0, 118]",FaceSwap,train,1
FaceForensics++_C23\FaceSwap/998_561.mp4,344,343,1,0,1,True,1,[0],FaceSwap,train,1
FaceForensics++_C23\FaceSwap/999_960.mp4,335,334,1,0,1,True,1,[0],FaceSwap,train,1
FaceForensics++_C23\NeuralTextures/002_006.mp4,310,308,2,1,1,True,2,"[82, 0]",NeuralTextures,train,1
FaceForensics++_C23\NeuralTextures/003_000.mp4,303,302,1,0,1,True,1,[0],NeuralTextures,test,1
FaceForensics++_C23\NeuralTextures/004_982.mp4,309,305,4,1,3,True,4,"[0, 126, 30, 238]",NeuralTextures,val,1
FaceForensics++_C23\NeuralTextures/005_010.mp4,385,273,112,34,78,False,20,"[366, 364, 369, 378, 311, 357, 365, 373, 380, 363, 356, 360, 368, 371, 321, 323, 324, 377, 362, 310]",NeuralTextures,train,1
FaceForensics++_C23\NeuralTextures/006_002.mp4,310,309,1,0,1,True,1,[0],NeuralTextures,train,1
FaceForensics++_C23\NeuralTextures/007_132.mp4,413,411,2,1,1,True,2,"[34, 0]",NeuralTextures,train,1
FaceForensics++_C23\NeuralTextures/008_990.mp4,305,304,1,0,1,True,1,[0],NeuralTextures,train,1
FaceForensics++_C23\NeuralTextures/009_027.mp4,315,314,1,0,1,True,1,[0],NeuralTextures,train,1
FaceForensics++_C23\NeuralTextures/010_005.mp4,385,383,2,1,1,True,2,"[373, 0]",NeuralTextures,train,1
FaceForensics++_C23\NeuralTextures/011_805.mp4,411,407,4,1,3,True,4,"[215, 120, 0, 134]",NeuralTextures,train,1
FaceForensics++_C23\NeuralTextures/012_026.mp4,322,310,12,4,8,True,12,"[34, 3, 7, 11, 12, 13, 8, 4, 5, 15, 0, 16]",NeuralTextures,test,1
FaceForensics++_C23\NeuralTextures/013_883.mp4,332,320,12,4,8,True,12,"[0, 239, 238, 237, 236, 47, 50, 45, 49, 235, 48, 46]",NeuralTextures,train,1
FaceForensics++_C23\NeuralTextures/014_790.mp4,676,0,676,203,473,False,20,"[141, 140, 120, 128, 142, 122, 127, 126, 121, 112, 136, 139, 100, 135, 119, 341, 110, 118, 134, 340]",NeuralTextures,train,1
FaceForensics++_C23\NeuralTextures/015_919.mp4,437,435,2,1,1,True,2,"[0, 233]",NeuralTextures,test,1
FaceForensics++_C23\NeuralTextures/016_209.mp4,337,336,1,0,1,True,1,[0],NeuralTextures,train,1
FaceForensics++_C23\NeuralTextures/017_803.mp4,297,294,3,1,2,True,3,"[117, 190, 0]",NeuralTextures,train,1
FaceForensics++_C23\NeuralTextures/018_019.mp4,432,431,1,0,1,True,1,[0],NeuralTextures,train,1
FaceForensics++_C23\NeuralTextures/019_018.mp4,432,431,1,0,1,True,1,[0],NeuralTextures,train,1
FaceForensics++_C23\NeuralTextures/020_344.mp4,390,389,1,0,1,True,1,[0],NeuralTextures,train,1
FaceForensics++_C23\NeuralTextures/021_312.mp4,428,427,1,0,1,True,1,[0],NeuralTextures,train,1
FaceForensics++_C23\NeuralTextures/022_489.mp4,325,323,2,1,1,True,2,"[0, 324]",NeuralTextures,train,1
FaceForensics++_C23\NeuralTextures/023_923.mp4,553,478,75,23,52,False,20,"[0, 1, 2, 3, 4, 422, 8, 457, 430, 434, 426, 551, 6, 482, 5, 391, 387, 472, 307, 7]",NeuralTextures,val,1
FaceForensics++_C23\NeuralTextures/024_073.mp4,306,301,5,3,2,True,5,"[228, 0, 227, 225, 224]",NeuralTextures,test,1
FaceForensics++_C23\NeuralTextures/025_067.mp4,538,537,1,0,1,True,1,[0],NeuralTextures,train,1
FaceForensics++_C23\NeuralTextures/026_012.mp4,322,321,1,0,1,True,1,[0],NeuralTextures,test,1
FaceForensics++_C23\NeuralTextures/027_009.mp4,315,308,7,2,5,True,7,"[0, 211, 264, 270, 161, 265, 263]",NeuralTextures,train,1
FaceForensics++_C23\NeuralTextures/028_068.mp4,401,400,1,0,1,True,1,[0],NeuralTextures,train,1
FaceForensics++_C23\NeuralTextures/029_048.mp4,416,415,1,0,1,True,1,[0],NeuralTextures,test,1
FaceForensics++_C23\NeuralTextures/030_193.mp4,297,204,93,28,65,False,20,"[30, 238, 237, 239, 19, 39, 72, 102, 292, 12, 156, 284, 281, 43, 14, 286, 144, 283, 241, 98]",NeuralTextures,train,1
FaceForensics++_C23\NeuralTextures/031_163.mp4,304,303,1,0,1,True,1,[0],NeuralTextures,train,1
FaceForensics++_C23\NeuralTextures/032_944.mp4,310,288,22,7,15,True,20,"[108, 0, 299, 298, 296, 297, 300, 302, 303, 158, 157, 246, 304, 159, 306, 305, 307, 309, 308, 243]",NeuralTextures,train,1
FaceForensics++_C23\NeuralTextures/033_097.mp4,478,475,3,1,2,True,3,"[215, 0, 214]",NeuralTextures,train,1
FaceForensics++_C23\NeuralTextures/034_590.mp4,407,403,4,1,3,True,4,"[189, 328, 143, 0]",NeuralTextures,train,1
FaceForensics++_C23\NeuralTextures/035_036.mp4,337,336,1,0,1,True,1,[0],NeuralTextures,test,1
FaceForensics++_C23\NeuralTextures/036_035.mp4,337,318,19,6,13,True,19,"[302, 307, 292, 297, 317, 312, 336, 237, 232, 0, 227, 151, 222, 10, 15, 35, 146, 20, 111]",NeuralTextures,test,1
FaceForensics++_C23\NeuralTextures/037_072.mp4,311,310,1,0,1,True,1,[0],NeuralTextures,train,1
FaceForensics++_C23\NeuralTextures/038_125.mp4,305,303,2,1,1,True,2,"[0, 294]",NeuralTextures,train,1
FaceForensics++_C23\NeuralTextures/039_058.mp4,609,606,3,1,2,True,3,"[0, 159, 156]",NeuralTextures,train,1
FaceForensics++_C23\NeuralTextures/040_997.mp4,438,435,3,1,2,True,3,"[185, 422, 0]",NeuralTextures,train,1
FaceForensics++_C23\NeuralTextures/041_063.mp4,349,348,1,0,1,True,1,[0],NeuralTextures,train,1
FaceForensics++_C23\NeuralTextures/042_084.mp4,338,308,30,9,21,False,20,"[291, 289, 313, 292, 0, 262, 303, 261, 324, 294, 239, 288, 325, 255, 65, 64, 260, 312, 304, 320]",NeuralTextures,val,1
FaceForensics++_C23\NeuralTextures/043_110.mp4,495,491,4,1,3,True,4,"[71, 72, 0, 73]",NeuralTextures,train,1
FaceForensics++_C23\NeuralTextures/044_945.mp4,335,329,6,2,4,True,6,"[174, 175, 176, 235, 0, 236]",NeuralTextures,test,1
FaceForensics++_C23\NeuralTextures/045_889.mp4,329,328,1,0,1,True,1,[0],NeuralTextures,train,1
FaceForensics++_C23\NeuralTextures/046_904.mp4,359,358,1,0,1,True,1,[0],NeuralTextures,val,1
FaceForensics++_C23\NeuralTextures/047_862.mp4,319,316,3,1,2,True,3,"[0, 23, 315]",NeuralTextures,test,1
FaceForensics++_C23\NeuralTextures/048_029.mp4,416,415,1,0,1,True,1,[0],NeuralTextures,test,1
FaceForensics++_C23\NeuralTextures/049_946.mp4,360,355,5,2,3,True,5,"[0, 355, 356, 353, 354]",NeuralTextures,train,1
FaceForensics++_C23\NeuralTextures/050_059.mp4,530,527,3,1,2,True,3,"[0, 153, 152]",NeuralTextures,train,1
FaceForensics++_C23\NeuralTextures/051_332.mp4,695,694,1,0,1,True,1,[0],NeuralTextures,train,1
FaceForensics++_C23\NeuralTextures/052_108.mp4,300,299,1,0,1,True,1,[0],NeuralTextures,train,1
FaceForensics++_C23\NeuralTextures/053_095.mp4,417,416,1,0,1,True,1,[0],NeuralTextures,train,1
FaceForensics++_C23\NeuralTextures/054_071.mp4,368,367,1,0,1,True,1,[0],NeuralTextures,train,1
FaceForensics++_C23\NeuralTextures/055_147.mp4,394,393,1,0,1,True,1,[0],NeuralTextures,train,1
FaceForensics++_C23\NeuralTextures/056_996.mp4,312,311,1,0,1,True,1,[0],NeuralTextures,train,1
FaceForensics++_C23\NeuralTextures/057_070.mp4,367,363,4,1,3,True,4,"[0, 1, 2, 43]",NeuralTextures,train,1
FaceForensics++_C23\NeuralTextures/058_039.mp4,609,608,1,0,1,True,1,[0],NeuralTextures,train,1
FaceForensics++_C23\NeuralTextures/059_050.mp4,530,529,1,0,1,True,1,[0],NeuralTextures,train,1
FaceForensics++_C23\NeuralTextures/060_088.mp4,665,200,465,140,325,False,20,"[556, 613, 185, 531, 355, 555, 353, 354, 357, 518, 520, 623, 356, 83, 540, 208, 519, 106, 6, 656]",NeuralTextures,train,1
FaceForensics++_C23\NeuralTextures/061_080.mp4,337,336,1,0,1,True,1,[0],NeuralTextures,train,1
FaceForensics++_C23\NeuralTextures/062_066.mp4,423,422,1,0,1,True,1,[0],NeuralTextures,train,1
FaceForensics++_C23\NeuralTextures/063_041.mp4,349,348,1,0,1,True,1,[0],NeuralTextures,train,1
FaceForensics++_C23\NeuralTextures/064_991.mp4,402,398,4,1,3,True,4,"[65, 60, 0, 10]",NeuralTextures,val,1
FaceForensics++_C23\NeuralTextures/065_089.mp4,442,434,8,3,5,True,8,"[150, 156, 155, 152, 153, 154, 151, 0]",NeuralTextures,train,1
FaceForensics++_C23\NeuralTextures/066_062.mp4,423,310,113,34,79,False,20,"[387, 339, 384, 338, 386, 340, 350, 383, 336, 351, 348, 335, 388, 334, 333, 382, 330, 371, 352, 381]",NeuralTextures,train,1
FaceForensics++_C23\NeuralTextures/067_025.mp4,538,537,1,0,1,True,1,[0],NeuralTextures,train,1
FaceForensics++_C23\NeuralTextures/068_028.mp4,401,390,11,3,8,True,11,"[174, 0, 171, 173, 185, 172, 186, 187, 278, 276, 277]",NeuralTextures,train,1
FaceForensics++_C23\NeuralTextures/069_961.mp4,323,257,66,20,46,False,20,"[201, 200, 199, 290, 139, 108, 0, 278, 133, 284, 194, 103, 296, 138, 297, 285, 291, 279, 46, 193]",NeuralTextures,train,1
FaceForensics++_C23\NeuralTextures/070_057.mp4,367,343,24,7,17,True,20,"[0, 287, 284, 268, 278, 265, 288, 286, 285, 277, 276, 262, 267, 281, 269, 283, 266, 264, 279, 260]",NeuralTextures,train,1
FaceForensics++_C23\NeuralTextures/071_054.mp4,368,330,38,12,26,False,20,"[0, 208, 206, 340, 18, 234, 271, 266, 236, 274, 115, 272, 290, 278, 235, 273, 284, 151, 145, 147]",NeuralTextures,train,1
FaceForensics++_C23\NeuralTextures/072_037.mp4,311,307,4,1,3,True,4,"[0, 225, 226, 227]",NeuralTextures,train,1
FaceForensics++_C23\NeuralTextures/073_024.mp4,306,305,1,0,1,True,1,[0],NeuralTextures,test,1
FaceForensics++_C23\NeuralTextures/074_825.mp4,345,344,1,0,1,True,1,[0],NeuralTextures,train,1
FaceForensics++_C23\NeuralTextures/075_977.mp4,613,564,49,15,34,False,20,"[0, 2, 1, 44, 43, 279, 29, 36, 30, 31, 32, 33, 574, 260, 261, 487, 53, 258, 65, 410]",NeuralTextures,train,1
FaceForensics++_C23\NeuralTextures/076_079.mp4,329,328,1,0,1,True,1,[0],NeuralTextures,train,1
FaceForensics++_C23\NeuralTextures/077_100.mp4,423,422,1,0,1,True,1,[0],NeuralTextures,train,1
FaceForensics++_C23\NeuralTextures/078_955.mp4,523,522,1,0,1,True,1,[0],NeuralTextures,test,1
FaceForensics++_C23\NeuralTextures/079_076.mp4,329,328,1,0,1,True,1,[0],NeuralTextures,train,1
FaceForensics++_C23\NeuralTextures/080_061.mp4,337,336,1,0,1,True,1,[0],NeuralTextures,train,1
FaceForensics++_C23\NeuralTextures/081_087.mp4,309,307,2,1,1,True,2,"[0, 82]",NeuralTextures,train,1
FaceForensics++_C23\NeuralTextures/082_103.mp4,316,315,1,0,1,True,1,[0],NeuralTextures,train,1
FaceForensics++_C23\NeuralTextures/083_213.mp4,378,377,1,0,1,True,1,[0],NeuralTextures,train,1
FaceForensics++_C23\NeuralTextures/084_042.mp4,338,337,1,0,1,True,1,[0],NeuralTextures,val,1
FaceForensics++_C23\NeuralTextures/085_124.mp4,318,317,1,0,1,True,1,[0],NeuralTextures,train,1
FaceForensics++_C23\NeuralTextures/086_090.mp4,687,686,1,0,1,True,1,[0],NeuralTextures,train,1
FaceForensics++_C23\NeuralTextures/087_081.mp4,309,308,1,0,1,True,1,[0],NeuralTextures,train,1
FaceForensics++_C23\NeuralTextures/088_060.mp4,665,618,47,14,33,False,20,"[121, 212, 122, 120, 123, 232, 125, 215, 126, 192, 453, 457, 217, 327, 86, 127, 87, 133, 235, 45]",NeuralTextures,train,1
FaceForensics++_C23\NeuralTextures/089_065.mp4,442,441,1,0,1,True,1,[0],NeuralTextures,train,1
FaceForensics++_C23\NeuralTextures/090_086.mp4,687,581,106,32,74,False,20,"[58, 208, 291, 124, 209, 76, 289, 148, 75, 287, 48, 129, 74, 262, 373, 133, 681, 227, 171, 0]",NeuralTextures,train,1
FaceForensics++_C23\NeuralTextures/091_116.mp4,327,325,2,1,1,True,2,"[31, 0]",NeuralTextures,val,1
FaceForensics++_C23\NeuralTextures/092_098.mp4,299,298,1,0,1,True,1,[0],NeuralTextures,train,1
FaceForensics++_C23\NeuralTextures/093_121.mp4,308,307,1,0,1,True,1,[0],NeuralTextures,train,1
FaceForensics++_C23\NeuralTextures/094_111.mp4,433,432,1,0,1,True,1,[0],NeuralTextures,train,1
FaceForensics++_C23\NeuralTextures/095_053.mp4,417,416,1,0,1,True,1,[0],NeuralTextures,train,1
FaceForensics++_C23\NeuralTextures/096_101.mp4,504,503,1,0,1,True,1,[0],NeuralTextures,train,1
FaceForensics++_C23\NeuralTextures/097_033.mp4,478,472,6,2,4,True,6,"[29, 28, 27, 26, 0, 25]",NeuralTextures,train,1
FaceForensics++_C23\NeuralTextures/098_092.mp4,299,298,1,0,1,True,1,[0],NeuralTextures,train,1
FaceForensics++_C23\NeuralTextures/099_295.mp4,411,403,8,3,5,True,8,"[152, 151, 0, 113, 328, 326, 327, 205]",NeuralTextures,train,1
FaceForensics++_C23\NeuralTextures/100_077.mp4,423,422,1,0,1,True,1,[0],NeuralTextures,train,1
FaceForensics++_C23\NeuralTextures/101_096.mp4,504,503,1,0,1,True,1,[0],NeuralTextures,train,1
FaceForensics++_C23\NeuralTextures/102_114.mp4,389,388,1,0,1,True,1,[0],NeuralTextures,test,1
FaceForensics++_C23\NeuralTextures/103_082.mp4,316,309,7,2,5,True,7,"[0, 281, 275, 276, 279, 277, 278]",NeuralTextures,train,1
FaceForensics++_C23\NeuralTextures/104_126.mp4,328,233,95,29,66,False,20,"[248, 250, 247, 244, 253, 251, 243, 252, 316, 245, 319, 246, 157, 160, 158, 317, 38, 242, 152, 162]",NeuralTextures,val,1
FaceForensics++_C23\NeuralTextures/105_180.mp4,300,269,31,9,22,False,20,"[38, 120, 0, 135, 138, 139, 141, 142, 260, 222, 202, 172, 187, 207, 278, 232, 177, 167, 237, 162]",NeuralTextures,train,1
FaceForensics++_C23\NeuralTextures/106_198.mp4,356,355,1,0,1,True,1,[0],NeuralTextures,val,1
FaceForensics++_C23\NeuralTextures/107_109.mp4,298,297,1,0,1,True,1,[0],NeuralTextures,train,1
FaceForensics++_C23\NeuralTextures/108_052.mp4,300,292,8,3,5,True,8,"[295, 296, 297, 298, 299, 115, 116, 0]",NeuralTextures,train,1
FaceForensics++_C23\NeuralTextures/109_107.mp4,298,297,1,0,1,True,1,[0],NeuralTextures,train,1
FaceForensics++_C23\NeuralTextures/110_043.mp4,495,494,1,0,1,True,1,[0],NeuralTextures,train,1
FaceForensics++_C23\NeuralTextures/111_094.mp4,433,432,1,0,1,True,1,[0],NeuralTextures,train,1
FaceForensics++_C23\NeuralTextures/112_892.mp4,311,253,58,18,40,False,20,"[264, 190, 189, 266, 267, 191, 217, 216, 215, 214, 268, 213, 192, 287, 286, 285, 291, 289, 269, 290]",NeuralTextures,train,1
FaceForensics++_C23\NeuralTextures/113_983.mp4,406,404,2,1,1,True,2,"[14, 0]",NeuralTextures,train,1
FaceForensics++_C23\NeuralTextures/114_102.mp4,389,388,1,0,1,True,1,[0],NeuralTextures,test,1
FaceForensics++_C23\NeuralTextures/115_939.mp4,320,319,1,0,1,True,1,[0],NeuralTextures,val,1
FaceForensics++_C23\NeuralTextures/116_091.mp4,327,326,1,0,1,True,1,[0],NeuralTextures,val,1
FaceForensics++_C23\NeuralTextures/117_217.mp4,548,498,50,15,35,False,20,"[432, 431, 508, 423, 512, 451, 429, 452, 430, 422, 507, 79, 543, 16, 542, 82, 506, 421, 540, 509]",NeuralTextures,train,1
FaceForensics++_C23\NeuralTextures/118_120.mp4,352,346,6,2,4,True,6,"[0, 14, 15, 16, 138, 139]",NeuralTextures,train,1
FaceForensics++_C23\NeuralTextures/119_123.mp4,502,500,2,1,1,True,2,"[0, 501]",NeuralTextures,train,1
FaceForensics++_C23\NeuralTextures/120_118.mp4,352,351,1,0,1,True,1,[0],NeuralTextures,train,1
FaceForensics++_C23\NeuralTextures/121_093.mp4,308,306,2,1,1,True,2,"[0, 192]",NeuralTextures,train,1
FaceForensics++_C23\NeuralTextures/122_144.mp4,309,291,18,6,12,True,18,"[0, 293, 31, 294, 246, 247, 295, 248, 296, 32, 216, 212, 33, 215, 214, 213, 34, 35]",NeuralTextures,train,1
FaceForensics++_C23\NeuralTextures/123_119.mp4,502,501,1,0,1,True,1,[0],NeuralTextures,train,1
FaceForensics++_C23\NeuralTextures/124_085.mp4,318,287,31,9,22,False,20,"[165, 164, 167, 17, 166, 163, 16, 23, 14, 0, 11, 25, 24, 313, 12, 59, 10, 44, 15, 18]",NeuralTextures,train,1
FaceForensics++_C23\NeuralTextures/125_038.mp4,305,298,7,2,5,True,7,"[149, 150, 148, 299, 300, 301, 0]",NeuralTextures,train,1
FaceForensics++_C23\NeuralTextures/126_104.mp4,328,268,60,18,42,False,20,"[69, 94, 260, 257, 256, 108, 90, 318, 2, 317, 174, 92, 285, 261, 110, 112, 184, 254, 189, 19]",NeuralTextures,val,1
FaceForensics++_C23\NeuralTextures/127_129.mp4,330,329,1,0,1,True,1,[0],NeuralTextures,train,1
FaceForensics++_C23\NeuralTextures/128_896.mp4,531,530,1,0,1,True,1,[0],NeuralTextures,test,1
FaceForensics++_C23\NeuralTextures/129_127.mp4,330,328,2,1,1,True,2,"[263, 0]",NeuralTextures,train,1
FaceForensics++_C23\NeuralTextures/130_139.mp4,378,359,19,6,13,True,19,"[84, 0, 65, 66, 64, 61, 62, 53, 63, 111, 109, 54, 60, 110, 55, 59, 56, 57, 58]",NeuralTextures,train,1
FaceForensics++_C23\NeuralTextures/131_518.mp4,295,294,1,0,1,True,1,[0],NeuralTextures,train,1
FaceForensics++_C23\NeuralTextures/132_007.mp4,413,412,1,0,1,True,1,[0],NeuralTextures,train,1
FaceForensics++_C23\NeuralTextures/133_148.mp4,475,474,1,0,1,True,1,[0],NeuralTextures,train,1
FaceForensics++_C23\NeuralTextures/134_192.mp4,287,283,4,1,3,True,4,"[0, 228, 226, 227]",NeuralTextures,val,1
FaceForensics++_C23\NeuralTextures/135_880.mp4,327,326,1,0,1,True,1,[0],NeuralTextures,test,1
FaceForensics++_C23\NeuralTextures/136_285.mp4,383,381,2,1,1,True,2,"[0, 342]",NeuralTextures,train,1
FaceForensics++_C23\NeuralTextures/137_165.mp4,387,338,49,15,34,False,20,"[296, 250, 34, 8, 54, 29, 39, 335, 64, 386, 325, 376, 0, 305, 301, 26, 24, 381, 251, 65]",NeuralTextures,train,1
FaceForensics++_C23\NeuralTextures/138_142.mp4,410,409,1,0,1,True,1,[0],NeuralTextures,test,1
FaceForensics++_C23\NeuralTextures/139_130.mp4,378,377,1,0,1,True,1,[0],NeuralTextures,train,1
FaceForensics++_C23\NeuralTextures/140_143.mp4,414,379,35,11,24,False,20,"[383, 151, 148, 390, 386, 149, 391, 152, 147, 150, 385, 4, 24, 6, 10, 14, 15, 2, 8, 27]",NeuralTextures,train,1
FaceForensics++_C23\NeuralTextures/141_161.mp4,369,363,6,2,4,True,6,"[0, 250, 138, 20, 24, 23]",NeuralTextures,test,1
FaceForensics++_C23\NeuralTextures/142_138.mp4,410,409,1,0,1,True,1,[0],NeuralTextures,test,1
FaceForensics++_C23\NeuralTextures/143_140.mp4,414,413,1,0,1,True,1,[0],NeuralTextures,train,1
FaceForensics++_C23\NeuralTextures/144_122.mp4,309,308,1,0,1,True,1,[0],NeuralTextures,train,1
FaceForensics++_C23\NeuralTextures/145_299.mp4,314,313,1,0,1,True,1,[0],NeuralTextures,val,1
FaceForensics++_C23\NeuralTextures/146_256.mp4,546,528,18,6,12,True,18,"[0, 7, 3, 51, 5, 52, 53, 109, 29, 119, 97, 111, 115, 63, 117, 113, 57, 280]",NeuralTextures,train,1
FaceForensics++_C23\NeuralTextures/147_055.mp4,394,366,28,9,19,True,20,"[154, 156, 361, 108, 114, 265, 150, 355, 271, 120, 277, 144, 216, 78, 17, 0, 385, 11, 60, 72]",NeuralTextures,train,1
FaceForensics++_C23\NeuralTextures/148_133.mp4,475,474,1,0,1,True,1,[0],NeuralTextures,train,1
FaceForensics++_C23\NeuralTextures/149_152.mp4,313,312,1,0,1,True,1,[0],NeuralTextures,train,1
FaceForensics++_C23\NeuralTextures/150_153.mp4,456,454,2,1,1,True,2,"[0, 146]",NeuralTextures,train,1
FaceForensics++_C23\NeuralTextures/151_225.mp4,304,303,1,0,1,True,1,[0],NeuralTextures,train,1
FaceForensics++_C23\NeuralTextures/152_149.mp4,313,312,1,0,1,True,1,[0],NeuralTextures,train,1
FaceForensics++_C23\NeuralTextures/153_150.mp4,456,452,4,1,3,True,4,"[55, 54, 53, 0]",NeuralTextures,train,1
FaceForensics++_C23\NeuralTextures/154_386.mp4,449,437,12,4,8,True,12,"[332, 327, 334, 322, 333, 335, 321, 336, 320, 0, 338, 337]",NeuralTextures,test,1
FaceForensics++_C23\NeuralTextures/155_576.mp4,461,460,1,0,1,True,1,[0],NeuralTextures,train,1
FaceForensics++_C23\NeuralTextures/156_243.mp4,387,385,2,1,1,True,2,"[0, 106]",NeuralTextures,train,1
FaceForensics++_C23\NeuralTextures/157_245.mp4,334,332,2,1,1,True,2,"[48, 0]",NeuralTextures,val,1
FaceForensics++_C23\NeuralTextures/158_379.mp4,341,340,1,0,1,True,1,[0],NeuralTextures,test,1
FaceForensics++_C23\NeuralTextures/159_175.mp4,325,313,12,4,8,True,12,"[0, 211, 123, 57, 86, 122, 56, 25, 12, 26, 24, 16]",NeuralTextures,val,1
FaceForensics++_C23\NeuralTextures/160_928.mp4,376,375,1,0,1,True,1,[0],NeuralTextures,train,1
FaceForensics++_C23\NeuralTextures/161_141.mp4,369,368,1,0,1,True,1,[0],NeuralTextures,test,1
FaceForensics++_C23\NeuralTextures/162_330.mp4,407,390,17,5,12,True,17,"[0, 288, 168, 167, 163, 212, 165, 213, 243, 162, 164, 244, 211, 161, 210, 245, 250]",NeuralTextures,train,1
FaceForensics++_C23\NeuralTextures/163_031.mp4,304,303,1,0,1,True,1,[0],NeuralTextures,train,1
FaceForensics++_C23\NeuralTextures/164_216.mp4,476,473,3,1,2,True,3,"[0, 288, 287]",NeuralTextures,train,1
FaceForensics++_C23\NeuralTextures/165_137.mp4,387,386,1,0,1,True,1,[0],NeuralTextures,train,1
FaceForensics++_C23\NeuralTextures/166_167.mp4,341,340,1,0,1,True,1,[0],NeuralTextures,train,1
FaceForensics++_C23\NeuralTextures/167_166.mp4,341,340,1,0,1,True,1,[0],NeuralTextures,train,1
FaceForensics++_C23\NeuralTextures/168_222.mp4,407,406,1,0,1,True,1,[0],NeuralTextures,train,1
FaceForensics++_C23\NeuralTextures/169_227.mp4,441,440,1,0,1,True,1,[0],NeuralTextures,test,1
FaceForensics++_C23\NeuralTextures/170_186.mp4,334,315,19,6,13,True,19,"[298, 285, 268, 266, 284, 264, 267, 265, 299, 263, 283, 282, 300, 304, 301, 0, 303, 302, 306]",NeuralTextures,test,1
FaceForensics++_C23\NeuralTextures/171_173.mp4,541,540,1,0,1,True,1,[0],NeuralTextures,train,1
FaceForensics++_C23\NeuralTextures/172_582.mp4,431,430,1,0,1,True,1,[0],NeuralTextures,train,1
FaceForensics++_C23\NeuralTextures/173_171.mp4,541,461,80,24,56,False,20,"[535, 376, 534, 531, 533, 177, 255, 338, 257, 254, 339, 250, 349, 249, 479, 496, 329, 325, 340, 346]",NeuralTextures,train,1
FaceForensics++_C23\NeuralTextures/174_964.mp4,414,412,2,1,1,True,2,"[200, 0]",NeuralTextures,train,1
FaceForensics++_C23\NeuralTextures/175_159.mp4,325,322,3,1,2,True,3,"[0, 121, 120]",NeuralTextures,val,1
FaceForensics++_C23\NeuralTextures/176_190.mp4,331,274,57,17,40,False,20,"[235, 234, 178, 236, 233, 281, 176, 179, 175, 278, 174, 279, 261, 276, 231, 180, 230, 263, 181, 153]",NeuralTextures,test,1
FaceForensics++_C23\NeuralTextures/177_211.mp4,410,389,21,6,15,True,20,"[2, 7, 1, 0, 6, 352, 409, 386, 351, 306, 310, 312, 308, 320, 307, 305, 318, 309, 319, 311]",NeuralTextures,train,1
FaceForensics++_C23\NeuralTextures/178_598.mp4,521,520,1,0,1,True,1,[0],NeuralTextures,train,1
FaceForensics++_C23\NeuralTextures/179_212.mp4,415,406,9,3,6,True,9,"[278, 249, 363, 390, 302, 0, 230, 204, 99]",NeuralTextures,train,1
FaceForensics++_C23\NeuralTextures/180_105.mp4,300,298,2,1,1,True,2,"[38, 0]",NeuralTextures,train,1
FaceForensics++_C23\NeuralTextures/181_199.mp4,368,367,1,0,1,True,1,[0],NeuralTextures,train,1
FaceForensics++_C23\NeuralTextures/182_242.mp4,331,330,1,0,1,True,1,[0],NeuralTextures,train,1
FaceForensics++_C23\NeuralTextures/183_253.mp4,390,389,1,0,1,True,1,[0],NeuralTextures,train,1
FaceForensics++_C23\NeuralTextures/184_205.mp4,307,306,1,0,1,True,1,[0],NeuralTextures,train,1
FaceForensics++_C23\NeuralTextures/185_276.mp4,331,323,8,3,5,True,8,"[0, 249, 253, 252, 254, 250, 248, 251]",NeuralTextures,train,1
FaceForensics++_C23\NeuralTextures/186_170.mp4,334,333,1,0,1,True,1,[0],NeuralTextures,test,1
FaceForensics++_C23\NeuralTextures/187_234.mp4,528,477,51,15,36,False,20,"[296, 431, 458, 436, 430, 454, 288, 450, 291, 437, 452, 432, 464, 459, 438, 455, 453, 428, 460, 468]",NeuralTextures,train,1
FaceForensics++_C23\NeuralTextures/188_191.mp4,310,300,10,3,7,True,10,"[0, 309, 308, 307, 306, 305, 304, 303, 302, 301]",NeuralTextures,train,1
FaceForensics++_C23\NeuralTextures/189_200.mp4,512,506,6,2,4,True,6,"[88, 86, 87, 85, 0, 511]",NeuralTextures,train,1
FaceForensics++_C23\NeuralTextures/190_176.mp4,331,328,3,1,2,True,3,"[328, 150, 0]",NeuralTextures,test,1
FaceForensics++_C23\NeuralTextures/191_188.mp4,310,309,1,0,1,True,1,[0],NeuralTextures,train,1
FaceForensics++_C23\NeuralTextures/192_134.mp4,287,285,2,1,1,True,2,"[0, 286]",NeuralTextures,val,1
FaceForensics++_C23\NeuralTextures/193_030.mp4,297,295,2,1,1,True,2,"[1, 0]",NeuralTextures,train,1
FaceForensics++_C23\NeuralTextures/194_235.mp4,312,305,7,2,5,True,7,"[147, 63, 60, 59, 149, 0, 150]",NeuralTextures,train,1
FaceForensics++_C23\NeuralTextures/195_442.mp4,333,332,1,0,1,True,1,[0],NeuralTextures,train,1
FaceForensics++_C23\NeuralTextures/196_310.mp4,375,374,1,0,1,True,1,[0],NeuralTextures,train,1
FaceForensics++_C23\NeuralTextures/197_224.mp4,488,487,1,0,1,True,1,[0],NeuralTextures,train,1
FaceForensics++_C23\NeuralTextures/198_106.mp4,356,355,1,0,1,True,1,[0],NeuralTextures,val,1
FaceForensics++_C23\NeuralTextures/199_181.mp4,368,367,1,0,1,True,1,[0],NeuralTextures,train,1
FaceForensics++_C23\NeuralTextures/200_189.mp4,512,484,28,9,19,True,20,"[250, 252, 237, 251, 253, 238, 236, 354, 500, 350, 502, 353, 501, 503, 489, 2, 485, 508, 0, 487]",NeuralTextures,train,1
FaceForensics++_C23\NeuralTextures/201_203.mp4,446,445,1,0,1,True,1,[0],NeuralTextures,train,1
FaceForensics++_C23\NeuralTextures/202_348.mp4,323,321,2,1,1,True,2,"[0, 322]",NeuralTextures,train,1
FaceForensics++_C23\NeuralTextures/203_201.mp4,446,394,52,16,36,False,20,"[153, 140, 141, 136, 138, 139, 135, 137, 258, 254, 259, 252, 255, 253, 260, 173, 250, 251, 261, 264]",NeuralTextures,train,1
FaceForensics++_C23\NeuralTextures/204_230.mp4,372,367,5,2,3,True,5,"[0, 333, 249, 184, 185]",NeuralTextures,train,1
FaceForensics++_C23\NeuralTextures/205_184.mp4,307,300,7,2,5,True,7,"[2, 0, 5, 6, 4, 3, 1]",NeuralTextures,train,1
FaceForensics++_C23\NeuralTextures/206_221.mp4,714,713,1,0,1,True,1,[0],NeuralTextures,train,1
FaceForensics++_C23\NeuralTextures/207_908.mp4,346,344,2,1,1,True,2,"[213, 0]",NeuralTextures,train,1
FaceForensics++_C23\NeuralTextures/208_215.mp4,465,463,2,1,1,True,2,"[119, 0]",NeuralTextures,train,1
FaceForensics++_C23\NeuralTextures/209_016.mp4,337,261,76,23,53,False,20,"[0, 283, 237, 234, 240, 243, 231, 260, 254, 225, 257, 228, 120, 277, 246, 250, 222, 280, 284, 141]",NeuralTextures,train,1
FaceForensics++_C23\NeuralTextures/210_241.mp4,292,288,4,1,3,True,4,"[0, 250, 247, 48]",NeuralTextures,train,1
FaceForensics++_C23\NeuralTextures/211_177.mp4,410,409,1,0,1,True,1,[0],NeuralTextures,train,1
FaceForensics++_C23\NeuralTextures/212_179.mp4,415,412,3,1,2,True,3,"[265, 266, 0]",NeuralTextures,train,1
FaceForensics++_C23\NeuralTextures/213_083.mp4,378,371,7,2,5,True,7,"[0, 318, 354, 314, 310, 312, 313]",NeuralTextures,train,1
FaceForensics++_C23\NeuralTextures/214_255.mp4,462,457,5,2,3,True,5,"[0, 10, 12, 13, 11]",NeuralTextures,test,1
FaceForensics++_C23\NeuralTextures/215_208.mp4,465,464,1,0,1,True,1,[0],NeuralTextures,train,1
FaceForensics++_C23\NeuralTextures/216_164.mp4,476,474,2,1,1,True,2,"[411, 0]",NeuralTextures,train,1
FaceForensics++_C23\NeuralTextures/217_117.mp4,548,512,36,11,25,False,20,"[31, 59, 211, 35, 58, 99, 0, 37, 69, 36, 70, 195, 71, 194, 197, 198, 196, 540, 313, 414]",NeuralTextures,train,1
FaceForensics++_C23\NeuralTextures/218_239.mp4,353,352,1,0,1,True,1,[0],NeuralTextures,train,1
FaceForensics++_C23\NeuralTextures/219_220.mp4,350,340,10,3,7,True,10,"[269, 267, 235, 237, 170, 0, 153, 152, 151, 150]",NeuralTextures,test,1
FaceForensics++_C23\NeuralTextures/220_219.mp4,350,349,1,0,1,True,1,[0],NeuralTextures,test,1
FaceForensics++_C23\NeuralTextures/221_206.mp4,714,713,1,0,1,True,1,[0],NeuralTextures,train,1
FaceForensics++_C23\NeuralTextures/222_168.mp4,407,402,5,2,3,True,5,"[0, 37, 20, 36, 131]",NeuralTextures,train,1
FaceForensics++_C23\NeuralTextures/223_586.mp4,336,335,1,0,1,True,1,[0],NeuralTextures,val,1
FaceForensics++_C23\NeuralTextures/224_197.mp4,488,487,1,0,1,True,1,[0],NeuralTextures,train,1
FaceForensics++_C23\NeuralTextures/225_151.mp4,304,303,1,0,1,True,1,[0],NeuralTextures,train,1
FaceForensics++_C23\NeuralTextures/226_491.mp4,328,321,7,2,5,True,7,"[17, 18, 0, 327, 19, 20, 21]",NeuralTextures,train,1
FaceForensics++_C23\NeuralTextures/227_169.mp4,441,439,2,1,1,True,2,"[230, 0]",NeuralTextures,test,1
FaceForensics++_C23\NeuralTextures/228_289.mp4,556,555,1,0,1,True,1,[0],NeuralTextures,train,1
FaceForensics++_C23\NeuralTextures/229_247.mp4,392,387,5,2,3,True,5,"[49, 48, 51, 47, 0]",NeuralTextures,train,1
FaceForensics++_C23\NeuralTextures/230_204.mp4,372,370,2,1,1,True,2,"[0, 371]",NeuralTextures,train,1
FaceForensics++_C23\NeuralTextures/231_663.mp4,316,315,1,0,1,True,1,[0],NeuralTextures,train,1
FaceForensics++_C23\NeuralTextures/232_248.mp4,496,495,1,0,1,True,1,[0],NeuralTextures,train,1
FaceForensics++_C23\NeuralTextures/233_995.mp4,548,544,4,1,3,True,4,"[0, 51, 50, 39]",NeuralTextures,test,1
FaceForensics++_C23\NeuralTextures/234_187.mp4,528,527,1,0,1,True,1,[0],NeuralTextures,train,1
FaceForensics++_C23\NeuralTextures/235_194.mp4,312,261,51,15,36,False,20,"[262, 250, 134, 282, 113, 281, 114, 115, 119, 285, 288, 283, 284, 286, 58, 75, 60, 72, 73, 76]",NeuralTextures,train,1
FaceForensics++_C23\NeuralTextures/236_237.mp4,651,645,6,2,4,True,6,"[346, 625, 510, 225, 0, 170]",NeuralTextures,train,1
FaceForensics++_C23\NeuralTextures/237_236.mp4,651,650,1,0,1,True,1,[0],NeuralTextures,train,1
FaceForensics++_C23\NeuralTextures/238_282.mp4,594,593,1,0,1,True,1,[0],NeuralTextures,train,1
FaceForensics++_C23\NeuralTextures/239_218.mp4,353,347,6,2,4,True,6,"[3, 0, 2, 5, 6, 4]",NeuralTextures,train,1
FaceForensics++_C23\NeuralTextures/240_290.mp4,422,421,1,0,1,True,1,[0],NeuralTextures,train,1
FaceForensics++_C23\NeuralTextures/241_210.mp4,292,277,15,5,10,True,15,"[273, 279, 276, 274, 277, 278, 269, 272, 275, 271, 266, 270, 268, 0, 267]",NeuralTextures,train,1
FaceForensics++_C23\NeuralTextures/242_182.mp4,331,330,1,0,1,True,1,[0],NeuralTextures,train,1
FaceForensics++_C23\NeuralTextures/243_156.mp4,387,375,12,4,8,True,12,"[76, 75, 77, 86, 100, 356, 35, 0, 70, 71, 69, 131]",NeuralTextures,train,1
FaceForensics++_C23\NeuralTextures/244_822.mp4,297,296,1,0,1,True,1,[0],NeuralTextures,train,1
FaceForensics++_C23\NeuralTextures/245_157.mp4,334,333,1,0,1,True,1,[0],NeuralTextures,val,1
FaceForensics++_C23\NeuralTextures/246_258.mp4,496,495,1,0,1,True,1,[0],NeuralTextures,train,1
FaceForensics++_C23\NeuralTextures/247_229.mp4,392,357,35,11,24,False,20,"[209, 211, 204, 207, 205, 208, 210, 221, 203, 212, 206, 223, 220, 222, 0, 225, 226, 224, 250, 228]",NeuralTextures,train,1
FaceForensics++_C23\NeuralTextures/248_232.mp4,496,494,2,1,1,True,2,"[0, 48]",NeuralTextures,train,1
FaceForensics++_C23\NeuralTextures/249_280.mp4,606,591,15,5,10,True,15,"[169, 0, 549, 546, 548, 554, 552, 397, 555, 551, 545, 544, 542, 541, 539]",NeuralTextures,test,1
FaceForensics++_C23\NeuralTextures/250_461.mp4,564,563,1,0,1,True,1,[0],NeuralTextures,train,1
FaceForensics++_C23\NeuralTextures/251_375.mp4,346,345,1,0,1,True,1,[0],NeuralTextures,train,1
FaceForensics++_C23\NeuralTextures/252_266.mp4,465,418,47,14,33,False,20,"[311, 306, 324, 323, 325, 327, 326, 313, 305, 328, 333, 338, 339, 341, 340, 353, 342, 167, 428, 68]",NeuralTextures,train,1
FaceForensics++_C23\NeuralTextures/253_183.mp4,390,387,3,1,2,True,3,"[176, 0, 364]",NeuralTextures,train,1
FaceForensics++_C23\NeuralTextures/254_261.mp4,427,426,1,0,1,True,1,[0],NeuralTextures,val,1
FaceForensics++_C23\NeuralTextures/255_214.mp4,462,460,2,1,1,True,2,"[188, 0]",NeuralTextures,test,1
FaceForensics++_C23\NeuralTextures/256_146.mp4,546,528,18,6,12,True,18,"[465, 467, 463, 457, 479, 505, 507, 459, 458, 460, 461, 509, 481, 545, 456, 462, 455, 0]",NeuralTextures,train,1
FaceForensics++_C23\NeuralTextures/257_420.mp4,763,395,368,111,257,False,20,"[724, 722, 720, 725, 723, 682, 721, 688, 686, 684, 690, 689, 719, 713, 749, 711, 691, 757, 685, 710]",NeuralTextures,test,1
FaceForensics++_C23\NeuralTextures/258_246.mp4,496,352,144,43,101,False,20,"[150, 147, 149, 146, 164, 175, 176, 165, 13, 162, 14, 161, 12, 171, 163, 178, 15, 167, 177, 179]",NeuralTextures,train,1
FaceForensics++_C23\NeuralTextures/259_345.mp4,423,417,6,2,4,True,6,"[405, 288, 0, 157, 351, 222]",NeuralTextures,train,1
FaceForensics++_C23\NeuralTextures/260_331.mp4,302,301,1,0,1,True,1,[0],NeuralTextures,train,1
FaceForensics++_C23\NeuralTextures/261_254.mp4,427,426,1,0,1,True,1,[0],NeuralTextures,val,1
FaceForensics++_C23\NeuralTextures/262_301.mp4,397,396,1,0,1,True,1,[0],NeuralTextures,train,1
FaceForensics++_C23\NeuralTextures/263_284.mp4,300,261,39,12,27,False,20,"[188, 176, 174, 195, 193, 194, 168, 150, 192, 183, 126, 128, 132, 196, 180, 187, 198, 181, 182, 186]",NeuralTextures,val,1
FaceForensics++_C23\NeuralTextures/264_271.mp4,455,453,2,1,1,True,2,"[454, 0]",NeuralTextures,train,1
FaceForensics++_C23\NeuralTextures/265_475.mp4,337,336,1,0,1,True,1,[0],NeuralTextures,train,1
FaceForensics++_C23\NeuralTextures/266_252.mp4,465,427,38,12,26,False,20,"[434, 429, 424, 419, 414, 409, 404, 363, 378, 399, 67, 87, 72, 384, 65, 82, 92, 66, 394, 64]",NeuralTextures,train,1
FaceForensics++_C23\NeuralTextures/267_286.mp4,306,305,1,0,1,True,1,[0],NeuralTextures,train,1
FaceForensics++_C23\NeuralTextures/268_269.mp4,387,383,4,1,3,True,4,"[362, 0, 253, 252]",NeuralTextures,train,1
FaceForensics++_C23\NeuralTextures/269_268.mp4,387,386,1,0,1,True,1,[0],NeuralTextures,train,1
FaceForensics++_C23\NeuralTextures/270_297.mp4,311,302,9,3,6,True,9,"[45, 151, 0, 147, 150, 1, 146, 15, 17]",NeuralTextures,train,1
FaceForensics++_C23\NeuralTextures/271_264.mp4,455,453,2,1,1,True,2,"[137, 0]",NeuralTextures,train,1
FaceForensics++_C23\NeuralTextures/272_396.mp4,323,320,3,1,2,True,3,"[51, 242, 0]",NeuralTextures,train,1
FaceForensics++_C23\NeuralTextures/273_807.mp4,322,317,5,2,3,True,5,"[0, 266, 265, 264, 263]",NeuralTextures,val,1
FaceForensics++_C23\NeuralTextures/274_412.mp4,474,473,1,0,1,True,1,[0],NeuralTextures,train,1
FaceForensics++_C23\NeuralTextures/275_887.mp4,339,312,27,8,19,True,20,"[159, 149, 305, 144, 0, 112, 18, 195, 6, 188, 139, 124, 114, 119, 250, 3, 123, 120, 134, 117]",NeuralTextures,train,1
FaceForensics++_C23\NeuralTextures/276_185.mp4,331,300,31,9,22,False,20,"[314, 317, 318, 302, 303, 305, 328, 316, 310, 315, 244, 300, 301, 324, 330, 306, 299, 312, 319, 323]",NeuralTextures,train,1
FaceForensics++_C23\NeuralTextures/277_335.mp4,384,383,1,0,1,True,1,[0],NeuralTextures,train,1
FaceForensics++_C23\NeuralTextures/278_306.mp4,449,448,1,0,1,True,1,[0],NeuralTextures,test,1
FaceForensics++_C23\NeuralTextures/279_298.mp4,569,565,4,1,3,True,4,"[0, 1, 13, 14]",NeuralTextures,train,1
FaceForensics++_C23\NeuralTextures/280_249.mp4,606,605,1,0,1,True,1,[0],NeuralTextures,test,1
FaceForensics++_C23\NeuralTextures/281_474.mp4,296,295,1,0,1,True,1,[0],NeuralTextures,train,1
FaceForensics++_C23\NeuralTextures/282_238.mp4,594,593,1,0,1,True,1,[0],NeuralTextures,train,1
FaceForensics++_C23\NeuralTextures/283_313.mp4,481,480,1,0,1,True,1,[0],NeuralTextures,train,1
FaceForensics++_C23\NeuralTextures/284_263.mp4,300,263,37,11,26,False,20,"[120, 112, 63, 61, 1, 0, 2, 114, 65, 3, 60, 119, 62, 113, 246, 64, 220, 66, 5, 7]",NeuralTextures,val,1
FaceForensics++_C23\NeuralTextures/285_136.mp4,383,382,1,0,1,True,1,[0],NeuralTextures,train,1
FaceForensics++_C23\NeuralTextures/286_267.mp4,306,305,1,0,1,True,1,[0],NeuralTextures,train,1
FaceForensics++_C23\NeuralTextures/287_426.mp4,335,326,9,3,6,True,9,"[0, 75, 73, 44, 45, 74, 226, 224, 225]",NeuralTextures,train,1
FaceForensics++_C23\NeuralTextures/288_321.mp4,543,542,1,0,1,True,1,[0],NeuralTextures,test,1
FaceForensics++_C23\NeuralTextures/289_228.mp4,556,555,1,0,1,True,1,[0],NeuralTextures,train,1
FaceForensics++_C23\NeuralTextures/290_240.mp4,422,412,10,3,7,True,10,"[0, 153, 136, 25, 39, 41, 40, 24, 22, 23]",NeuralTextures,train,1
FaceForensics++_C23\NeuralTextures/291_874.mp4,330,327,3,1,2,True,3,"[0, 58, 59]",NeuralTextures,train,1
FaceForensics++_C23\NeuralTextures/292_294.mp4,425,424,1,0,1,True,1,[0],NeuralTextures,train,1
FaceForensics++_C23\NeuralTextures/293_296.mp4,336,320,16,5,11,True,16,"[209, 210, 211, 141, 140, 139, 137, 124, 130, 126, 129, 131, 128, 127, 125, 0]",NeuralTextures,train,1
FaceForensics++_C23\NeuralTextures/294_292.mp4,425,424,1,0,1,True,1,[0],NeuralTextures,train,1
FaceForensics++_C23\NeuralTextures/295_099.mp4,411,410,1,0,1,True,1,[0],NeuralTextures,train,1
FaceForensics++_C23\NeuralTextures/296_293.mp4,336,335,1,0,1,True,1,[0],NeuralTextures,train,1
FaceForensics++_C23\NeuralTextures/297_270.mp4,311,310,1,0,1,True,1,[0],NeuralTextures,train,1
FaceForensics++_C23\NeuralTextures/298_279.mp4,569,567,2,1,1,True,2,"[0, 568]",NeuralTextures,train,1
FaceForensics++_C23\NeuralTextures/299_145.mp4,314,308,6,2,4,True,6,"[0, 117, 116, 203, 198, 202]",NeuralTextures,val,1
FaceForensics++_C23\NeuralTextures/300_304.mp4,598,594,4,1,3,True,4,"[61, 63, 398, 0]",NeuralTextures,train,1
FaceForensics++_C23\NeuralTextures/301_262.mp4,397,390,7,2,5,True,7,"[101, 65, 0, 272, 267, 207, 123]",NeuralTextures,train,1
FaceForensics++_C23\NeuralTextures/302_323.mp4,456,455,1,0,1,True,1,[0],NeuralTextures,train,1
FaceForensics++_C23\NeuralTextures/303_309.mp4,571,569,2,1,1,True,2,"[290, 0]",NeuralTextures,train,1
FaceForensics++_C23\NeuralTextures/304_300.mp4,598,597,1,0,1,True,1,[0],NeuralTextures,train,1
FaceForensics++_C23\NeuralTextures/305_513.mp4,494,493,1,0,1,True,1,[0],NeuralTextures,train,1
FaceForensics++_C23\NeuralTextures/306_278.mp4,449,448,1,0,1,True,1,[0],NeuralTextures,test,1
FaceForensics++_C23\NeuralTextures/307_365.mp4,369,368,1,0,1,True,1,[0],NeuralTextures,train,1
FaceForensics++_C23\NeuralTextures/308_388.mp4,502,500,2,1,1,True,2,"[0, 350]",NeuralTextures,test,1
FaceForensics++_C23\NeuralTextures/309_303.mp4,571,570,1,0,1,True,1,[0],NeuralTextures,train,1
FaceForensics++_C23\NeuralTextures/310_196.mp4,375,374,1,0,1,True,1,[0],NeuralTextures,train,1
FaceForensics++_C23\NeuralTextures/311_387.mp4,368,367,1,0,1,True,1,[0],NeuralTextures,train,1
FaceForensics++_C23\NeuralTextures/312_021.mp4,428,426,2,1,1,True,2,"[287, 0]",NeuralTextures,train,1
FaceForensics++_C23\NeuralTextures/313_283.mp4,481,476,5,2,3,True,5,"[0, 11, 10, 13, 12]",NeuralTextures,train,1
FaceForensics++_C23\NeuralTextures/314_347.mp4,413,412,1,0,1,True,1,[0],NeuralTextures,test,1
FaceForensics++_C23\NeuralTextures/315_322.mp4,304,295,9,3,6,True,9,"[290, 294, 295, 289, 0, 288, 114, 113, 112]",NeuralTextures,train,1
FaceForensics++_C23\NeuralTextures/316_369.mp4,320,319,1,0,1,True,1,[0],NeuralTextures,val,1
FaceForensics++_C23\NeuralTextures/317_359.mp4,456,455,1,0,1,True,1,[0],NeuralTextures,train,1
FaceForensics++_C23\NeuralTextures/318_334.mp4,475,473,2,1,1,True,2,"[0, 474]",NeuralTextures,train,1
FaceForensics++_C23\NeuralTextures/319_352.mp4,421,420,1,0,1,True,1,[0],NeuralTextures,test,1
FaceForensics++_C23\NeuralTextures/320_328.mp4,319,308,11,3,8,True,11,"[7, 56, 55, 265, 291, 285, 267, 195, 0, 2, 156]",NeuralTextures,train,1
FaceForensics++_C23\NeuralTextures/321_288.mp4,543,542,1,0,1,True,1,[0],NeuralTextures,test,1
FaceForensics++_C23\NeuralTextures/322_315.mp4,304,303,1,0,1,True,1,[0],NeuralTextures,train,1
FaceForensics++_C23\NeuralTextures/323_302.mp4,456,455,1,0,1,True,1,[0],NeuralTextures,train,1
FaceForensics++_C23\NeuralTextures/324_356.mp4,558,538,20,6,14,True,20,"[0, 332, 316, 334, 319, 333, 331, 330, 325, 318, 327, 326, 328, 335, 323, 320, 321, 324, 329, 322]",NeuralTextures,train,1
FaceForensics++_C23\NeuralTextures/325_492.mp4,347,253,94,28,66,False,20,"[322, 242, 319, 310, 325, 241, 327, 331, 328, 330, 329, 180, 179, 177, 174, 171, 168, 27, 37, 38]",NeuralTextures,val,1
FaceForensics++_C23\NeuralTextures/326_501.mp4,522,520,2,1,1,True,2,"[163, 0]",NeuralTextures,train,1
FaceForensics++_C23\NeuralTextures/327_329.mp4,415,410,5,2,3,True,5,"[0, 277, 143, 275, 140]",NeuralTextures,train,1
FaceForensics++_C23\NeuralTextures/328_320.mp4,319,315,4,1,3,True,4,"[148, 147, 149, 0]",NeuralTextures,train,1
FaceForensics++_C23\NeuralTextures/329_327.mp4,415,414,1,0,1,True,1,[0],NeuralTextures,train,1
FaceForensics++_C23\NeuralTextures/330_162.mp4,407,399,8,3,5,True,8,"[0, 350, 349, 402, 403, 406, 404, 405]",NeuralTextures,train,1
FaceForensics++_C23\NeuralTextures/331_260.mp4,302,301,1,0,1,True,1,[0],NeuralTextures,train,1
FaceForensics++_C23\NeuralTextures/332_051.mp4,695,501,194,58,136,False,20,"[412, 0, 628, 461, 311, 313, 320, 316, 322, 317, 314, 321, 315, 318, 312, 319, 323, 324, 328, 325]",NeuralTextures,train,1
FaceForensics++_C23\NeuralTextures/333_377.mp4,398,397,1,0,1,True,1,[0],NeuralTextures,train,1
FaceForensics++_C23\NeuralTextures/334_318.mp4,475,474,1,0,1,True,1,[0],NeuralTextures,train,1
FaceForensics++_C23\NeuralTextures/335_277.mp4,384,383,1,0,1,True,1,[0],NeuralTextures,train,1
FaceForensics++_C23\NeuralTextures/336_338.mp4,507,506,1,0,1,True,1,[0],NeuralTextures,train,1
FaceForensics++_C23\NeuralTextures/337_522.mp4,331,323,8,3,5,True,8,"[0, 4, 136, 39, 311, 34, 65, 49]",NeuralTextures,train,1
FaceForensics++_C23\NeuralTextures/338_336.mp4,507,506,1,0,1,True,1,[0],NeuralTextures,train,1
FaceForensics++_C23\NeuralTextures/339_392.mp4,457,454,3,1,2,True,3,"[373, 0, 372]",NeuralTextures,train,1
FaceForensics++_C23\NeuralTextures/340_341.mp4,293,291,2,1,1,True,2,"[292, 0]",NeuralTextures,train,1
FaceForensics++_C23\NeuralTextures/341_340.mp4,293,284,9,3,6,True,9,"[0, 53, 52, 51, 41, 42, 38, 40, 39]",NeuralTextures,train,1
FaceForensics++_C23\NeuralTextures/342_416.mp4,302,301,1,0,1,True,1,[0],NeuralTextures,val,1
FaceForensics++_C23\NeuralTextures/343_363.mp4,299,298,1,0,1,True,1,[0],NeuralTextures,train,1
FaceForensics++_C23\NeuralTextures/344_020.mp4,390,389,1,0,1,True,1,[0],NeuralTextures,train,1
FaceForensics++_C23\NeuralTextures/345_259.mp4,423,422,1,0,1,True,1,[0],NeuralTextures,train,1
FaceForensics++_C23\NeuralTextures/346_351.mp4,615,614,1,0,1,True,1,[0],NeuralTextures,train,1
FaceForensics++_C23\NeuralTextures/347_314.mp4,413,412,1,0,1,True,1,[0],NeuralTextures,test,1
FaceForensics++_C23\NeuralTextures/348_202.mp4,323,322,1,0,1,True,1,[0],NeuralTextures,train,1
FaceForensics++_C23\NeuralTextures/349_350.mp4,405,404,1,0,1,True,1,[0],NeuralTextures,val,1
FaceForensics++_C23\NeuralTextures/350_349.mp4,405,404,1,0,1,True,1,[0],NeuralTextures,val,1
FaceForensics++_C23\NeuralTextures/351_346.mp4,615,614,1,0,1,True,1,[0],NeuralTextures,train,1
FaceForensics++_C23\NeuralTextures/352_319.mp4,421,419,2,1,1,True,2,"[151, 0]",NeuralTextures,test,1
FaceForensics++_C23\NeuralTextures/353_383.mp4,358,357,1,0,1,True,1,[0],NeuralTextures,train,1
FaceForensics++_C23\NeuralTextures/354_362.mp4,455,454,1,0,1,True,1,[0],NeuralTextures,val,1
FaceForensics++_C23\NeuralTextures/355_748.mp4,318,305,13,4,9,True,13,"[39, 38, 37, 33, 35, 36, 27, 32, 28, 26, 30, 0, 29]",NeuralTextures,train,1
FaceForensics++_C23\NeuralTextures/356_324.mp4,558,525,33,10,23,False,20,"[232, 463, 0, 205, 204, 203, 201, 256, 202, 198, 200, 199, 197, 206, 193, 191, 192, 190, 189, 84]",NeuralTextures,train,1
FaceForensics++_C23\NeuralTextures/357_432.mp4,346,345,1,0,1,True,1,[0],NeuralTextures,train,1
FaceForensics++_C23\NeuralTextures/358_380.mp4,455,454,1,0,1,True,1,[0],NeuralTextures,test,1
FaceForensics++_C23\NeuralTextures/359_317.mp4,456,454,2,1,1,True,2,"[0, 224]",NeuralTextures,train,1
FaceForensics++_C23\NeuralTextures/360_437.mp4,385,373,12,4,8,True,12,"[355, 194, 339, 301, 338, 337, 303, 302, 102, 176, 177, 0]",NeuralTextures,train,1
FaceForensics++_C23\NeuralTextures/361_448.mp4,455,415,40,12,28,False,20,"[0, 45, 172, 166, 167, 37, 36, 39, 38, 170, 171, 140, 364, 443, 444, 445, 365, 408, 409, 410]",NeuralTextures,train,1
FaceForensics++_C23\NeuralTextures/362_354.mp4,455,454,1,0,1,True,1,[0],NeuralTextures,val,1
FaceForensics++_C23\NeuralTextures/363_343.mp4,299,296,3,1,2,True,3,"[15, 132, 0]",NeuralTextures,train,1
FaceForensics++_C23\NeuralTextures/364_440.mp4,419,418,1,0,1,True,1,[0],NeuralTextures,val,1
FaceForensics++_C23\NeuralTextures/365_307.mp4,369,368,1,0,1,True,1,[0],NeuralTextures,train,1
FaceForensics++_C23\NeuralTextures/366_473.mp4,404,397,7,2,5,True,7,"[50, 370, 369, 0, 403, 373, 371]",NeuralTextures,train,1
FaceForensics++_C23\NeuralTextures/367_371.mp4,649,648,1,0,1,True,1,[0],NeuralTextures,test,1
FaceForensics++_C23\NeuralTextures/368_378.mp4,761,760,1,0,1,True,1,[0],NeuralTextures,train,1
FaceForensics++_C23\NeuralTextures/369_316.mp4,320,319,1,0,1,True,1,[0],NeuralTextures,val,1
FaceForensics++_C23\NeuralTextures/370_483.mp4,375,351,24,7,17,True,20,"[0, 249, 250, 251, 252, 253, 254, 255, 256, 276, 257, 274, 275, 258, 273, 272, 271, 259, 270, 269]",NeuralTextures,val,1
FaceForensics++_C23\NeuralTextures/371_367.mp4,649,648,1,0,1,True,1,[0],NeuralTextures,test,1
FaceForensics++_C23\NeuralTextures/372_413.mp4,379,378,1,0,1,True,1,[0],NeuralTextures,train,1
FaceForensics++_C23\NeuralTextures/373_394.mp4,420,419,1,0,1,True,1,[0],NeuralTextures,train,1
FaceForensics++_C23\NeuralTextures/374_407.mp4,504,503,1,0,1,True,1,[0],NeuralTextures,train,1
FaceForensics++_C23\NeuralTextures/375_251.mp4,346,345,1,0,1,True,1,[0],NeuralTextures,train,1
FaceForensics++_C23\NeuralTextures/376_381.mp4,515,512,3,1,2,True,3,"[513, 0, 514]",NeuralTextures,test,1
FaceForensics++_C23\NeuralTextures/377_333.mp4,398,397,1,0,1,True,1,[0],NeuralTextures,train,1
FaceForensics++_C23\NeuralTextures/378_368.mp4,761,757,4,1,3,True,4,"[304, 699, 0, 529]",NeuralTextures,train,1
FaceForensics++_C23\NeuralTextures/379_158.mp4,341,319,22,7,15,True,20,"[47, 257, 259, 258, 195, 198, 196, 194, 55, 199, 260, 261, 0, 53, 54, 50, 197, 254, 262, 67]",NeuralTextures,test,1
FaceForensics++_C23\NeuralTextures/380_358.mp4,455,454,1,0,1,True,1,[0],NeuralTextures,test,1
FaceForensics++_C23\NeuralTextures/381_376.mp4,515,514,1,0,1,True,1,[0],NeuralTextures,test,1
FaceForensics++_C23\NeuralTextures/382_409.mp4,313,312,1,0,1,True,1,[0],NeuralTextures,train,1
FaceForensics++_C23\NeuralTextures/383_353.mp4,358,357,1,0,1,True,1,[0],NeuralTextures,train,1
FaceForensics++_C23\NeuralTextures/384_932.mp4,462,461,1,0,1,True,1,[0],NeuralTextures,test,1
FaceForensics++_C23\NeuralTextures/385_414.mp4,349,327,22,7,15,True,20,"[348, 253, 254, 0, 252, 251, 246, 247, 232, 231, 249, 230, 248, 229, 255, 227, 228, 256, 257, 259]",NeuralTextures,train,1
FaceForensics++_C23\NeuralTextures/386_154.mp4,449,446,3,1,2,True,3,"[447, 448, 0]",NeuralTextures,test,1
FaceForensics++_C23\NeuralTextures/387_311.mp4,368,367,1,0,1,True,1,[0],NeuralTextures,train,1
FaceForensics++_C23\NeuralTextures/388_308.mp4,502,498,4,1,3,True,4,"[0, 75, 74, 158]",NeuralTextures,test,1
FaceForensics++_C23\NeuralTextures/389_480.mp4,314,313,1,0,1,True,1,[0],NeuralTextures,test,1
FaceForensics++_C23\NeuralTextures/390_709.mp4,300,279,21,6,15,True,20,"[81, 97, 125, 44, 56, 100, 101, 121, 10, 9, 99, 12, 98, 8, 109, 11, 1, 0, 2, 3]",NeuralTextures,train,1
FaceForensics++_C23\NeuralTextures/391_406.mp4,512,511,1,0,1,True,1,[0],NeuralTextures,train,1
FaceForensics++_C23\NeuralTextures/392_339.mp4,457,454,3,1,2,True,3,"[0, 284, 443]",NeuralTextures,train,1
FaceForensics++_C23\NeuralTextures/393_405.mp4,531,530,1,0,1,True,1,[0],NeuralTextures,train,1
FaceForensics++_C23\NeuralTextures/394_373.mp4,420,419,1,0,1,True,1,[0],NeuralTextures,train,1
FaceForensics++_C23\NeuralTextures/395_401.mp4,448,446,2,1,1,True,2,"[0, 447]",NeuralTextures,train,1
FaceForensics++_C23\NeuralTextures/396_272.mp4,323,322,1,0,1,True,1,[0],NeuralTextures,train,1
FaceForensics++_C23\NeuralTextures/397_602.mp4,355,305,50,15,35,False,20,"[285, 283, 0, 287, 281, 81, 284, 282, 286, 28, 30, 300, 98, 83, 44, 279, 280, 29, 299, 169]",NeuralTextures,train,1
FaceForensics++_C23\NeuralTextures/398_457.mp4,528,527,1,0,1,True,1,[0],NeuralTextures,train,1
FaceForensics++_C23\NeuralTextures/399_488.mp4,518,517,1,0,1,True,1,[0],NeuralTextures,test,1
FaceForensics++_C23\NeuralTextures/400_476.mp4,310,309,1,0,1,True,1,[0],NeuralTextures,train,1
FaceForensics++_C23\NeuralTextures/401_395.mp4,448,447,1,0,1,True,1,[0],NeuralTextures,train,1
FaceForensics++_C23\NeuralTextures/402_453.mp4,423,402,21,6,15,True,20,"[132, 133, 131, 0, 50, 66, 52, 55, 127, 51, 53, 129, 299, 59, 57, 60, 54, 130, 128, 56]",NeuralTextures,val,1
FaceForensics++_C23\NeuralTextures/403_497.mp4,621,530,91,27,64,False,20,"[0, 302, 533, 524, 318, 531, 506, 414, 265, 508, 526, 518, 301, 532, 523, 503, 516, 241, 589, 513]",NeuralTextures,train,1
FaceForensics++_C23\NeuralTextures/404_429.mp4,457,331,126,38,88,False,20,"[267, 282, 284, 286, 173, 283, 287, 285, 7, 6, 4, 5, 3, 2, 0, 1, 387, 385, 384, 382]",NeuralTextures,test,1
FaceForensics++_C23\NeuralTextures/405_393.mp4,531,530,1,0,1,True,1,[0],NeuralTextures,train,1
FaceForensics++_C23\NeuralTextures/406_391.mp4,512,502,10,3,7,True,10,"[505, 0, 14, 17, 12, 13, 15, 456, 16, 18]",NeuralTextures,train,1
FaceForensics++_C23\NeuralTextures/407_374.mp4,504,503,1,0,1,True,1,[0],NeuralTextures,train,1
FaceForensics++_C23\NeuralTextures/408_424.mp4,306,165,141,42,99,False,20,"[48, 53, 63, 43, 98, 71, 108, 80, 78, 73, 81, 97, 82, 55, 88, 87, 75, 54, 76, 67]",NeuralTextures,train,1
FaceForensics++_C23\NeuralTextures/409_382.mp4,313,312,1,0,1,True,1,[0],NeuralTextures,train,1
FaceForensics++_C23\NeuralTextures/410_411.mp4,459,458,1,0,1,True,1,[0],NeuralTextures,train,1
FaceForensics++_C23\NeuralTextures/411_410.mp4,459,415,44,13,31,False,20,"[179, 181, 180, 65, 178, 177, 216, 183, 196, 56, 0, 228, 224, 182, 157, 220, 158, 198, 458, 217]",NeuralTextures,train,1
FaceForensics++_C23\NeuralTextures/412_274.mp4,474,473,1,0,1,True,1,[0],NeuralTextures,train,1
FaceForensics++_C23\NeuralTextures/413_372.mp4,379,378,1,0,1,True,1,[0],NeuralTextures,train,1
FaceForensics++_C23\NeuralTextures/414_385.mp4,349,348,1,0,1,True,1,[0],NeuralTextures,train,1
FaceForensics++_C23\NeuralTextures/415_484.mp4,319,318,1,0,1,True,1,[0],NeuralTextures,train,1
FaceForensics++_C23\NeuralTextures/416_342.mp4,302,301,1,0,1,True,1,[0],NeuralTextures,val,1
FaceForensics++_C23\NeuralTextures/417_496.mp4,861,824,37,11,26,False,20,"[0, 3, 256, 4, 274, 14, 584, 255, 6, 299, 595, 305, 273, 306, 307, 581, 5, 7, 13, 624]",NeuralTextures,train,1
FaceForensics++_C23\NeuralTextures/418_507.mp4,319,318,1,0,1,True,1,[0],NeuralTextures,test,1
FaceForensics++_C23\NeuralTextures/419_824.mp4,487,486,1,0,1,True,1,[0],NeuralTextures,val,1
FaceForensics++_C23\NeuralTextures/420_257.mp4,763,758,5,2,3,True,5,"[535, 0, 561, 536, 562]",NeuralTextures,test,1
FaceForensics++_C23\NeuralTextures/421_423.mp4,1038,1037,1,0,1,True,1,[0],NeuralTextures,test,1
FaceForensics++_C23\NeuralTextures/422_695.mp4,310,260,50,15,35,False,20,"[191, 193, 122, 169, 189, 121, 123, 194, 192, 190, 124, 12, 14, 125, 8, 6, 10, 13, 11, 44]",NeuralTextures,test,1
FaceForensics++_C23\NeuralTextures/423_421.mp4,1038,1037,1,0,1,True,1,[0],NeuralTextures,test,1
FaceForensics++_C23\NeuralTextures/424_408.mp4,306,304,2,1,1,True,2,"[0, 10]",NeuralTextures,train,1
FaceForensics++_C23\NeuralTextures/425_485.mp4,336,333,3,1,2,True,3,"[334, 335, 0]",NeuralTextures,test,1
FaceForensics++_C23\NeuralTextures/426_287.mp4,335,302,33,10,23,False,20,"[0, 224, 126, 232, 230, 125, 307, 100, 99, 95, 231, 309, 97, 93, 89, 94, 98, 127, 308, 311]",NeuralTextures,train,1
FaceForensics++_C23\NeuralTextures/427_637.mp4,468,467,1,0,1,True,1,[0],NeuralTextures,train,1
FaceForensics++_C23\NeuralTextures/428_466.mp4,334,333,1,0,1,True,1,[0],NeuralTextures,train,1
FaceForensics++_C23\NeuralTextures/429_404.mp4,457,455,2,1,1,True,2,"[0, 318]",NeuralTextures,test,1
FaceForensics++_C23\NeuralTextures/430_459.mp4,357,356,1,0,1,True,1,[0],NeuralTextures,train,1
FaceForensics++_C23\NeuralTextures/431_447.mp4,326,325,1,0,1,True,1,[0],NeuralTextures,train,1
FaceForensics++_C23\NeuralTextures/432_357.mp4,346,345,1,0,1,True,1,[0],NeuralTextures,train,1
FaceForensics++_C23\NeuralTextures/433_498.mp4,317,316,1,0,1,True,1,[0],NeuralTextures,train,1
FaceForensics++_C23\NeuralTextures/434_438.mp4,337,336,1,0,1,True,1,[0],NeuralTextures,train,1
FaceForensics++_C23\NeuralTextures/435_456.mp4,476,462,14,4,10,True,14,"[111, 98, 110, 22, 20, 21, 19, 18, 17, 395, 396, 16, 14, 0]",NeuralTextures,train,1
FaceForensics++_C23\NeuralTextures/436_526.mp4,518,475,43,13,30,False,20,"[497, 291, 339, 348, 353, 351, 310, 317, 331, 329, 333, 325, 319, 315, 396, 320, 311, 324, 334, 471]",NeuralTextures,train,1
FaceForensics++_C23\NeuralTextures/437_360.mp4,385,364,21,6,15,True,20,"[292, 367, 313, 0, 355, 176, 301, 178, 171, 180, 187, 189, 177, 188, 50, 267, 284, 13, 184, 186]",NeuralTextures,train,1
FaceForensics++_C23\NeuralTextures/438_434.mp4,337,336,1,0,1,True,1,[0],NeuralTextures,train,1
FaceForensics++_C23\NeuralTextures/439_441.mp4,305,303,2,1,1,True,2,"[174, 0]",NeuralTextures,train,1
FaceForensics++_C23\NeuralTextures/440_364.mp4,419,414,5,2,3,True,5,"[97, 77, 76, 98, 0]",NeuralTextures,val,1
FaceForensics++_C23\NeuralTextures/441_439.mp4,305,298,7,2,5,True,7,"[124, 0, 53, 54, 63, 57, 67]",NeuralTextures,train,1
FaceForensics++_C23\NeuralTextures/442_195.mp4,333,286,47,14,33,False,20,"[9, 0, 1, 10, 8, 2, 7, 4, 3, 5, 6, 11, 13, 16, 15, 12, 14, 22, 17, 19]",NeuralTextures,train,1
FaceForensics++_C23\NeuralTextures/443_514.mp4,361,360,1,0,1,True,1,[0],NeuralTextures,val,1
FaceForensics++_C23\NeuralTextures/444_655.mp4,437,436,1,0,1,True,1,[0],NeuralTextures,train,1
FaceForensics++_C23\NeuralTextures/445_494.mp4,802,801,1,0,1,True,1,[0],NeuralTextures,test,1
FaceForensics++_C23\NeuralTextures/446_667.mp4,423,414,9,3,6,True,9,"[0, 1, 359, 153, 2, 155, 156, 154, 220]",NeuralTextures,train,1
FaceForensics++_C23\NeuralTextures/447_431.mp4,326,325,1,0,1,True,1,[0],NeuralTextures,train,1
FaceForensics++_C23\NeuralTextures/448_361.mp4,455,454,1,0,1,True,1,[0],NeuralTextures,train,1
FaceForensics++_C23\NeuralTextures/449_451.mp4,306,304,2,1,1,True,2,"[305, 0]",NeuralTextures,train,1
FaceForensics++_C23\NeuralTextures/450_533.mp4,558,557,1,0,1,True,1,[0],NeuralTextures,train,1
FaceForensics++_C23\NeuralTextures/451_449.mp4,306,305,1,0,1,True,1,[0],NeuralTextures,train,1
FaceForensics++_C23\NeuralTextures/452_550.mp4,444,443,1,0,1,True,1,[0],NeuralTextures,test,1
FaceForensics++_C23\NeuralTextures/453_402.mp4,423,421,2,1,1,True,2,"[186, 0]",NeuralTextures,val,1
FaceForensics++_C23\NeuralTextures/454_527.mp4,342,337,5,2,3,True,5,"[238, 239, 237, 236, 0]",NeuralTextures,test,1
FaceForensics++_C23\NeuralTextures/455_471.mp4,370,159,211,63,148,False,20,"[0, 139, 206, 289, 136, 219, 184, 355, 282, 130, 347, 145, 281, 151, 292, 334, 14, 295, 319, 133]",NeuralTextures,val,1
FaceForensics++_C23\NeuralTextures/456_435.mp4,476,471,5,2,3,True,5,"[0, 322, 214, 90, 420]",NeuralTextures,train,1
FaceForensics++_C23\NeuralTextures/457_398.mp4,528,526,2,1,1,True,2,"[192, 0]",NeuralTextures,train,1
FaceForensics++_C23\NeuralTextures/458_722.mp4,351,350,1,0,1,True,1,[0],NeuralTextures,train,1
FaceForensics++_C23\NeuralTextures/459_430.mp4,357,352,5,2,3,True,5,"[302, 328, 304, 303, 0]",NeuralTextures,train,1
FaceForensics++_C23\NeuralTextures/460_678.mp4,400,399,1,0,1,True,1,[0],NeuralTextures,train,1
FaceForensics++_C23\NeuralTextures/461_250.mp4,564,563,1,0,1,True,1,[0],NeuralTextures,train,1
FaceForensics++_C23\NeuralTextures/462_467.mp4,423,422,1,0,1,True,1,[0],NeuralTextures,test,1
FaceForensics++_C23\NeuralTextures/463_464.mp4,315,278,37,11,26,False,20,"[211, 209, 217, 203, 207, 201, 210, 80, 202, 214, 213, 204, 143, 205, 212, 208, 216, 82, 215, 83]",NeuralTextures,train,1
FaceForensics++_C23\NeuralTextures/464_463.mp4,315,314,1,0,1,True,1,[0],NeuralTextures,train,1
FaceForensics++_C23\NeuralTextures/465_482.mp4,329,328,1,0,1,True,1,[0],NeuralTextures,val,1
FaceForensics++_C23\NeuralTextures/466_428.mp4,334,328,6,2,4,True,6,"[280, 333, 332, 128, 129, 0]",NeuralTextures,train,1
FaceForensics++_C23\NeuralTextures/467_462.mp4,423,422,1,0,1,True,1,[0],NeuralTextures,test,1
FaceForensics++_C23\NeuralTextures/468_470.mp4,597,596,1,0,1,True,1,[0],NeuralTextures,val,1
FaceForensics++_C23\NeuralTextures/469_481.mp4,414,396,18,6,12,True,18,"[0, 413, 44, 386, 45, 46, 52, 367, 330, 51, 331, 328, 327, 388, 329, 47, 35, 123]",NeuralTextures,train,1
FaceForensics++_C23\NeuralTextures/470_468.mp4,597,596,1,0,1,True,1,[0],NeuralTextures,val,1
FaceForensics++_C23\NeuralTextures/471_455.mp4,370,369,1,0,1,True,1,[0],NeuralTextures,val,1
FaceForensics++_C23\NeuralTextures/472_511.mp4,479,478,1,0,1,True,1,[0],NeuralTextures,val,1
FaceForensics++_C23\NeuralTextures/473_366.mp4,404,403,1,0,1,True,1,[0],NeuralTextures,train,1
FaceForensics++_C23\NeuralTextures/474_281.mp4,296,61,235,71,164,False,20,"[187, 193, 103, 183, 191, 181, 83, 105, 179, 189, 88, 167, 85, 109, 113, 195, 93, 92, 90, 169]",NeuralTextures,train,1
FaceForensics++_C23\NeuralTextures/475_265.mp4,337,332,5,2,3,True,5,"[50, 19, 0, 7, 20]",NeuralTextures,train,1
FaceForensics++_C23\NeuralTextures/476_400.mp4,310,241,69,21,48,False,20,"[115, 114, 94, 113, 0, 89, 111, 84, 64, 91, 109, 4, 110, 112, 289, 253, 120, 34, 119, 255]",NeuralTextures,train,1
FaceForensics++_C23\NeuralTextures/477_487.mp4,319,313,6,2,4,True,6,"[0, 315, 23, 318, 316, 317]",NeuralTextures,train,1
FaceForensics++_C23\NeuralTextures/478_506.mp4,668,667,1,0,1,True,1,[0],NeuralTextures,train,1
FaceForensics++_C23\NeuralTextures/479_706.mp4,328,326,2,1,1,True,2,"[312, 0]",NeuralTextures,test,1
FaceForensics++_C23\NeuralTextures/480_389.mp4,314,313,1,0,1,True,1,[0],NeuralTextures,test,1
FaceForensics++_C23\NeuralTextures/481_469.mp4,414,400,14,4,10,True,14,"[0, 356, 355, 228, 227, 168, 167, 51, 177, 49, 52, 169, 53, 50]",NeuralTextures,train,1
FaceForensics++_C23\NeuralTextures/482_465.mp4,329,284,45,14,31,False,20,"[212, 213, 214, 211, 229, 169, 290, 292, 230, 231, 233, 291, 80, 79, 21, 234, 232, 77, 0, 22]",NeuralTextures,val,1
FaceForensics++_C23\NeuralTextures/483_370.mp4,375,374,1,0,1,True,1,[0],NeuralTextures,val,1
FaceForensics++_C23\NeuralTextures/484_415.mp4,319,318,1,0,1,True,1,[0],NeuralTextures,train,1
FaceForensics++_C23\NeuralTextures/485_425.mp4,336,335,1,0,1,True,1,[0],NeuralTextures,test,1
FaceForensics++_C23\NeuralTextures/486_680.mp4,300,299,1,0,1,True,1,[0],NeuralTextures,train,1
FaceForensics++_C23\NeuralTextures/487_477.mp4,319,318,1,0,1,True,1,[0],NeuralTextures,train,1
FaceForensics++_C23\NeuralTextures/488_399.mp4,518,513,5,2,3,True,5,"[82, 64, 514, 46, 0]",NeuralTextures,test,1
FaceForensics++_C23\NeuralTextures/489_022.mp4,325,321,4,1,3,True,4,"[7, 3, 0, 1]",NeuralTextures,train,1
FaceForensics++_C23\NeuralTextures/490_534.mp4,384,383,1,0,1,True,1,[0],NeuralTextures,train,1
FaceForensics++_C23\NeuralTextures/491_226.mp4,328,327,1,0,1,True,1,[0],NeuralTextures,train,1
FaceForensics++_C23\NeuralTextures/492_325.mp4,347,346,1,0,1,True,1,[0],NeuralTextures,val,1
FaceForensics++_C23\NeuralTextures/493_538.mp4,395,392,3,1,2,True,3,"[387, 386, 0]",NeuralTextures,val,1
FaceForensics++_C23\NeuralTextures/494_445.mp4,802,801,1,0,1,True,1,[0],NeuralTextures,test,1
FaceForensics++_C23\NeuralTextures/495_512.mp4,573,571,2,1,1,True,2,"[0, 43]",NeuralTextures,train,1
FaceForensics++_C23\NeuralTextures/496_417.mp4,861,860,1,0,1,True,1,[0],NeuralTextures,train,1
FaceForensics++_C23\NeuralTextures/497_403.mp4,621,619,2,1,1,True,2,"[0, 145]",NeuralTextures,train,1
FaceForensics++_C23\NeuralTextures/498_433.mp4,317,316,1,0,1,True,1,[0],NeuralTextures,train,1
FaceForensics++_C23\NeuralTextures/499_539.mp4,313,311,2,1,1,True,2,"[302, 0]",NeuralTextures,train,1
FaceForensics++_C23\NeuralTextures/500_592.mp4,292,291,1,0,1,True,1,[0],NeuralTextures,train,1
FaceForensics++_C23\NeuralTextures/501_326.mp4,522,521,1,0,1,True,1,[0],NeuralTextures,train,1
FaceForensics++_C23\NeuralTextures/502_504.mp4,317,315,2,1,1,True,2,"[0, 36]",NeuralTextures,train,1
FaceForensics++_C23\NeuralTextures/503_756.mp4,570,569,1,0,1,True,1,[0],NeuralTextures,train,1
FaceForensics++_C23\NeuralTextures/504_502.mp4,317,316,1,0,1,True,1,[0],NeuralTextures,train,1
FaceForensics++_C23\NeuralTextures/505_600.mp4,388,387,1,0,1,True,1,[0],NeuralTextures,train,1
FaceForensics++_C23\NeuralTextures/506_478.mp4,668,667,1,0,1,True,1,[0],NeuralTextures,train,1
FaceForensics++_C23\NeuralTextures/507_418.mp4,319,308,11,3,8,True,11,"[173, 154, 278, 228, 227, 175, 174, 153, 279, 280, 0]",NeuralTextures,test,1
FaceForensics++_C23\NeuralTextures/508_831.mp4,327,326,1,0,1,True,1,[0],NeuralTextures,train,1
FaceForensics++_C23\NeuralTextures/509_525.mp4,517,394,123,38,85,False,20,"[125, 127, 121, 123, 119, 135, 115, 167, 141, 117, 139, 165, 145, 143, 137, 113, 109, 169, 157, 131]",NeuralTextures,train,1
FaceForensics++_C23\NeuralTextures/510_528.mp4,340,252,88,27,61,False,20,"[0, 105, 104, 108, 122, 60, 107, 84, 112, 86, 88, 109, 83, 85, 307, 89, 316, 87, 315, 319]",NeuralTextures,train,1
FaceForensics++_C23\NeuralTextures/511_472.mp4,479,478,1,0,1,True,1,[0],NeuralTextures,val,1
FaceForensics++_C23\NeuralTextures/512_495.mp4,573,571,2,1,1,True,2,"[0, 146]",NeuralTextures,train,1
FaceForensics++_C23\NeuralTextures/513_305.mp4,494,489,5,2,3,True,5,"[0, 104, 106, 105, 103]",NeuralTextures,train,1
FaceForensics++_C23\NeuralTextures/514_443.mp4,361,358,3,1,2,True,3,"[216, 0, 179]",NeuralTextures,val,1
FaceForensics++_C23\NeuralTextures/515_519.mp4,751,750,1,0,1,True,1,[0],NeuralTextures,train,1
FaceForensics++_C23\NeuralTextures/516_555.mp4,354,352,2,1,1,True,2,"[0, 248]",NeuralTextures,train,1
FaceForensics++_C23\NeuralTextures/517_521.mp4,304,303,1,0,1,True,1,[0],NeuralTextures,test,1
FaceForensics++_C23\NeuralTextures/518_131.mp4,295,294,1,0,1,True,1,[0],NeuralTextures,train,1
FaceForensics++_C23\NeuralTextures/519_515.mp4,751,750,1,0,1,True,1,[0],NeuralTextures,train,1
FaceForensics++_C23\NeuralTextures/520_542.mp4,320,319,1,0,1,True,1,[0],NeuralTextures,train,1
FaceForensics++_C23\NeuralTextures/521_517.mp4,304,303,1,0,1,True,1,[0],NeuralTextures,test,1
FaceForensics++_C23\NeuralTextures/522_337.mp4,331,330,1,0,1,True,1,[0],NeuralTextures,train,1
FaceForensics++_C23\NeuralTextures/523_541.mp4,375,374,1,0,1,True,1,[0],NeuralTextures,train,1
FaceForensics++_C23\NeuralTextures/524_580.mp4,292,291,1,0,1,True,1,[0],NeuralTextures,train,1
FaceForensics++_C23\NeuralTextures/525_509.mp4,517,516,1,0,1,True,1,[0],NeuralTextures,train,1
FaceForensics++_C23\NeuralTextures/526_436.mp4,518,516,2,1,1,True,2,"[302, 0]",NeuralTextures,train,1
FaceForensics++_C23\NeuralTextures/527_454.mp4,342,334,8,3,5,True,8,"[300, 301, 302, 0, 284, 303, 304, 18]",NeuralTextures,test,1
FaceForensics++_C23\NeuralTextures/528_510.mp4,340,305,35,11,24,False,20,"[112, 114, 113, 218, 217, 219, 235, 223, 236, 232, 233, 234, 237, 222, 227, 238, 226, 221, 229, 225]",NeuralTextures,train,1
FaceForensics++_C23\NeuralTextures/529_633.mp4,335,332,3,1,2,True,3,"[334, 10, 0]",NeuralTextures,test,1
FaceForensics++_C23\NeuralTextures/530_594.mp4,294,292,2,1,1,True,2,"[201, 0]",NeuralTextures,train,1
FaceForensics++_C23\NeuralTextures/531_549.mp4,319,313,6,2,4,True,6,"[1, 0, 36, 41, 46, 38]",NeuralTextures,train,1
FaceForensics++_C23\NeuralTextures/532_544.mp4,355,354,1,0,1,True,1,[0],NeuralTextures,train,1
FaceForensics++_C23\NeuralTextures/533_450.mp4,558,555,3,1,2,True,3,"[0, 536, 237]",NeuralTextures,train,1
FaceForensics++_C23\NeuralTextures/534_490.mp4,384,382,2,1,1,True,2,"[334, 0]",NeuralTextures,train,1
FaceForensics++_C23\NeuralTextures/535_587.mp4,626,625,1,0,1,True,1,[0],NeuralTextures,train,1
FaceForensics++_C23\NeuralTextures/536_540.mp4,603,602,1,0,1,True,1,[0],NeuralTextures,train,1
FaceForensics++_C23\NeuralTextures/537_563.mp4,385,383,2,1,1,True,2,"[0, 286]",NeuralTextures,train,1
FaceForensics++_C23\NeuralTextures/538_493.mp4,395,394,1,0,1,True,1,[0],NeuralTextures,val,1
FaceForensics++_C23\NeuralTextures/539_499.mp4,313,312,1,0,1,True,1,[0],NeuralTextures,train,1
FaceForensics++_C23\NeuralTextures/540_536.mp4,603,602,1,0,1,True,1,[0],NeuralTextures,train,1
FaceForensics++_C23\NeuralTextures/541_523.mp4,375,374,1,0,1,True,1,[0],NeuralTextures,train,1
FaceForensics++_C23\NeuralTextures/542_520.mp4,320,318,2,1,1,True,2,"[0, 319]",NeuralTextures,train,1
FaceForensics++_C23\NeuralTextures/543_559.mp4,334,329,5,2,3,True,5,"[46, 161, 160, 47, 0]",NeuralTextures,train,1
FaceForensics++_C23\NeuralTextures/544_532.mp4,355,352,3,1,2,True,3,"[0, 353, 354]",NeuralTextures,train,1
FaceForensics++_C23\NeuralTextures/545_553.mp4,364,362,2,1,1,True,2,"[0, 363]",NeuralTextures,train,1
FaceForensics++_C23\NeuralTextures/546_621.mp4,370,369,1,0,1,True,1,[0],NeuralTextures,train,1
FaceForensics++_C23\NeuralTextures/547_574.mp4,496,495,1,0,1,True,1,[0],NeuralTextures,train,1
FaceForensics++_C23\NeuralTextures/548_632.mp4,427,426,1,0,1,True,1,[0],NeuralTextures,val,1
FaceForensics++_C23\NeuralTextures/549_531.mp4,319,206,113,34,79,False,20,"[250, 221, 196, 226, 220, 206, 256, 204, 259, 219, 203, 205, 201, 248, 236, 218, 189, 258, 239, 253]",NeuralTextures,train,1
FaceForensics++_C23\NeuralTextures/550_452.mp4,444,441,3,1,2,True,3,"[0, 442, 443]",NeuralTextures,test,1
FaceForensics++_C23\NeuralTextures/551_631.mp4,424,423,1,0,1,True,1,[0],NeuralTextures,train,1
FaceForensics++_C23\NeuralTextures/552_851.mp4,303,300,3,1,2,True,3,"[302, 0, 234]",NeuralTextures,test,1
FaceForensics++_C23\NeuralTextures/553_545.mp4,364,363,1,0,1,True,1,[0],NeuralTextures,train,1
FaceForensics++_C23\NeuralTextures/554_572.mp4,347,346,1,0,1,True,1,[0],NeuralTextures,train,1
FaceForensics++_C23\NeuralTextures/555_516.mp4,354,353,1,0,1,True,1,[0],NeuralTextures,train,1
FaceForensics++_C23\NeuralTextures/556_588.mp4,372,371,1,0,1,True,1,[0],NeuralTextures,train,1
FaceForensics++_C23\NeuralTextures/557_560.mp4,349,348,1,0,1,True,1,[0],NeuralTextures,val,1
FaceForensics++_C23\NeuralTextures/558_583.mp4,475,418,57,17,40,False,20,"[8, 6, 7, 471, 292, 4, 5, 250, 3, 344, 296, 254, 75, 2, 251, 252, 0, 73, 253, 348]",NeuralTextures,val,1
FaceForensics++_C23\NeuralTextures/559_543.mp4,334,333,1,0,1,True,1,[0],NeuralTextures,train,1
FaceForensics++_C23\NeuralTextures/560_557.mp4,349,347,2,1,1,True,2,"[0, 276]",NeuralTextures,val,1
FaceForensics++_C23\NeuralTextures/561_998.mp4,344,343,1,0,1,True,1,[0],NeuralTextures,train,1
FaceForensics++_C23\NeuralTextures/562_626.mp4,467,465,2,1,1,True,2,"[39, 0]",NeuralTextures,train,1
FaceForensics++_C23\NeuralTextures/563_537.mp4,385,384,1,0,1,True,1,[0],NeuralTextures,train,1
FaceForensics++_C23\NeuralTextures/564_971.mp4,354,353,1,0,1,True,1,[0],NeuralTextures,val,1
FaceForensics++_C23\NeuralTextures/565_589.mp4,430,429,1,0,1,True,1,[0],NeuralTextures,val,1
FaceForensics++_C23\NeuralTextures/566_617.mp4,312,293,19,6,13,True,19,"[211, 55, 186, 246, 0, 277, 108, 173, 175, 158, 100, 140, 155, 127, 134, 280, 282, 176, 184]",NeuralTextures,val,1
FaceForensics++_C23\NeuralTextures/567_606.mp4,337,336,1,0,1,True,1,[0],NeuralTextures,val,1
FaceForensics++_C23\NeuralTextures/568_628.mp4,570,569,1,0,1,True,1,[0],NeuralTextures,train,1
FaceForensics++_C23\NeuralTextures/569_921.mp4,296,295,1,0,1,True,1,[0],NeuralTextures,train,1
FaceForensics++_C23\NeuralTextures/570_624.mp4,350,349,1,0,1,True,1,[0],NeuralTextures,train,1
FaceForensics++_C23\NeuralTextures/571_746.mp4,493,492,1,0,1,True,1,[0],NeuralTextures,val,1
FaceForensics++_C23\NeuralTextures/572_554.mp4,347,345,2,1,1,True,2,"[24, 0]",NeuralTextures,train,1
FaceForensics++_C23\NeuralTextures/573_757.mp4,441,440,1,0,1,True,1,[0],NeuralTextures,train,1
FaceForensics++_C23\NeuralTextures/574_547.mp4,496,495,1,0,1,True,1,[0],NeuralTextures,train,1
FaceForensics++_C23\NeuralTextures/575_603.mp4,296,280,16,5,11,True,16,"[192, 47, 42, 236, 40, 193, 41, 46, 0, 162, 163, 161, 160, 158, 157, 159]",NeuralTextures,train,1
FaceForensics++_C23\NeuralTextures/576_155.mp4,461,439,22,7,15,True,20,"[0, 259, 261, 260, 264, 258, 263, 262, 266, 257, 268, 265, 256, 267, 272, 270, 274, 269, 273, 271]",NeuralTextures,train,1
FaceForensics++_C23\NeuralTextures/577_593.mp4,344,343,1,0,1,True,1,[0],NeuralTextures,train,1
FaceForensics++_C23\NeuralTextures/578_636.mp4,335,334,1,0,1,True,1,[0],NeuralTextures,train,1
FaceForensics++_C23\NeuralTextures/579_701.mp4,393,392,1,0,1,True,1,[0],NeuralTextures,test,1
FaceForensics++_C23\NeuralTextures/580_524.mp4,292,291,1,0,1,True,1,[0],NeuralTextures,train,1
FaceForensics++_C23\NeuralTextures/581_697.mp4,382,381,1,0,1,True,1,[0],NeuralTextures,train,1
FaceForensics++_C23\NeuralTextures/582_172.mp4,431,340,91,27,64,False,20,"[202, 2, 0, 200, 201, 253, 4, 3, 8, 250, 1, 215, 197, 199, 203, 6, 329, 14, 211, 16]",NeuralTextures,train,1
FaceForensics++_C23\NeuralTextures/583_558.mp4,475,474,1,0,1,True,1,[0],NeuralTextures,val,1
FaceForensics++_C23\NeuralTextures/584_823.mp4,475,474,1,0,1,True,1,[0],NeuralTextures,val,1
FaceForensics++_C23\NeuralTextures/585_599.mp4,359,358,1,0,1,True,1,[0],NeuralTextures,val,1
FaceForensics++_C23\NeuralTextures/586_223.mp4,336,333,3,1,2,True,3,"[312, 0, 106]",NeuralTextures,val,1
FaceForensics++_C23\NeuralTextures/587_535.mp4,626,623,3,1,2,True,3,"[0, 624, 625]",NeuralTextures,train,1
FaceForensics++_C23\NeuralTextures/588_556.mp4,372,371,1,0,1,True,1,[0],NeuralTextures,train,1
FaceForensics++_C23\NeuralTextures/589_565.mp4,430,427,3,1,2,True,3,"[71, 0, 66]",NeuralTextures,val,1
FaceForensics++_C23\NeuralTextures/590_034.mp4,407,404,3,1,2,True,3,"[245, 244, 0]",NeuralTextures,train,1
FaceForensics++_C23\NeuralTextures/591_605.mp4,541,533,8,3,5,True,8,"[0, 174, 173, 30, 27, 26, 29, 28]",NeuralTextures,train,1
FaceForensics++_C23\NeuralTextures/592_500.mp4,292,291,1,0,1,True,1,[0],NeuralTextures,train,1
FaceForensics++_C23\NeuralTextures/593_577.mp4,344,343,1,0,1,True,1,[0],NeuralTextures,train,1
FaceForensics++_C23\NeuralTextures/594_530.mp4,294,293,1,0,1,True,1,[0],NeuralTextures,train,1
FaceForensics++_C23\NeuralTextures/595_597.mp4,297,296,1,0,1,True,1,[0],NeuralTextures,val,1
FaceForensics++_C23\NeuralTextures/596_609.mp4,489,488,1,0,1,True,1,[0],NeuralTextures,train,1
FaceForensics++_C23\NeuralTextures/597_595.mp4,297,296,1,0,1,True,1,[0],NeuralTextures,val,1
FaceForensics++_C23\NeuralTextures/598_178.mp4,521,520,1,0,1,True,1,[0],NeuralTextures,train,1
FaceForensics++_C23\NeuralTextures/599_585.mp4,359,355,4,1,3,True,4,"[142, 0, 350, 349]",NeuralTextures,val,1
FaceForensics++_C23\NeuralTextures/600_505.mp4,388,387,1,0,1,True,1,[0],NeuralTextures,train,1
FaceForensics++_C23\NeuralTextures/601_653.mp4,364,363,1,0,1,True,1,[0],NeuralTextures,train,1
FaceForensics++_C23\NeuralTextures/602_397.mp4,355,354,1,0,1,True,1,[0],NeuralTextures,train,1
FaceForensics++_C23\NeuralTextures/603_575.mp4,296,295,1,0,1,True,1,[0],NeuralTextures,train,1
FaceForensics++_C23\NeuralTextures/604_703.mp4,375,374,1,0,1,True,1,[0],NeuralTextures,train,1
FaceForensics++_C23\NeuralTextures/605_591.mp4,541,540,1,0,1,True,1,[0],NeuralTextures,train,1
FaceForensics++_C23\NeuralTextures/606_567.mp4,340,339,1,0,1,True,1,[0],NeuralTextures,val,1
FaceForensics++_C23\NeuralTextures/607_683.mp4,302,301,1,0,1,True,1,[0],NeuralTextures,test,1
FaceForensics++_C23\NeuralTextures/608_675.mp4,421,420,1,0,1,True,1,[0],NeuralTextures,test,1
FaceForensics++_C23\NeuralTextures/609_596.mp4,489,372,117,35,82,False,20,"[164, 210, 166, 208, 209, 168, 165, 205, 207, 204, 206, 192, 202, 212, 203, 167, 191, 190, 200, 211]",NeuralTextures,train,1
FaceForensics++_C23\NeuralTextures/610_692.mp4,354,351,3,1,2,True,3,"[0, 172, 250]",NeuralTextures,train,1
FaceForensics++_C23\NeuralTextures/611_760.mp4,306,305,1,0,1,True,1,[0],NeuralTextures,train,1
FaceForensics++_C23\NeuralTextures/612_702.mp4,420,418,2,1,1,True,2,"[0, 324]",NeuralTextures,val,1
FaceForensics++_C23\NeuralTextures/613_685.mp4,415,414,1,0,1,True,1,[0],NeuralTextures,train,1
FaceForensics++_C23\NeuralTextures/614_616.mp4,507,504,3,1,2,True,3,"[505, 506, 0]",NeuralTextures,train,1
FaceForensics++_C23\NeuralTextures/615_687.mp4,452,451,1,0,1,True,1,[0],NeuralTextures,train,1
FaceForensics++_C23\NeuralTextures/616_614.mp4,507,489,18,6,12,True,18,"[25, 24, 26, 23, 28, 27, 30, 31, 29, 34, 32, 33, 35, 37, 21, 36, 20, 0]",NeuralTextures,train,1
FaceForensics++_C23\NeuralTextures/617_566.mp4,312,311,1,0,1,True,1,[0],NeuralTextures,val,1
FaceForensics++_C23\NeuralTextures/618_629.mp4,382,381,1,0,1,True,1,[0],NeuralTextures,train,1
FaceForensics++_C23\NeuralTextures/619_620.mp4,305,304,1,0,1,True,1,[0],NeuralTextures,train,1
FaceForensics++_C23\NeuralTextures/620_619.mp4,305,304,1,0,1,True,1,[0],NeuralTextures,train,1
FaceForensics++_C23\NeuralTextures/621_546.mp4,370,367,3,1,2,True,3,"[289, 0, 288]",NeuralTextures,train,1
FaceForensics++_C23\NeuralTextures/622_647.mp4,371,370,1,0,1,True,1,[0],NeuralTextures,val,1
FaceForensics++_C23\NeuralTextures/623_630.mp4,352,351,1,0,1,True,1,[0],NeuralTextures,test,1
FaceForensics++_C23\NeuralTextures/624_570.mp4,350,306,44,13,31,False,20,"[111, 106, 173, 171, 175, 176, 172, 198, 199, 196, 201, 174, 141, 206, 238, 203, 204, 236, 200, 321]",NeuralTextures,train,1
FaceForensics++_C23\NeuralTextures/625_650.mp4,332,327,5,2,3,True,5,"[185, 54, 51, 43, 0]",NeuralTextures,test,1
FaceForensics++_C23\NeuralTextures/626_562.mp4,467,466,1,0,1,True,1,[0],NeuralTextures,train,1
FaceForensics++_C23\NeuralTextures/627_658.mp4,374,373,1,0,1,True,1,[0],NeuralTextures,train,1
FaceForensics++_C23\NeuralTextures/628_568.mp4,570,569,1,0,1,True,1,[0],NeuralTextures,train,1
FaceForensics++_C23\NeuralTextures/629_618.mp4,382,362,20,8,12,True,20,"[119, 48, 52, 289, 0, 329, 39, 316, 328, 318, 327, 357, 319, 320, 321, 322, 326, 325, 324, 323]",NeuralTextures,train,1
FaceForensics++_C23\NeuralTextures/630_623.mp4,352,282,70,21,49,False,20,"[266, 262, 267, 231, 261, 265, 264, 307, 263, 312, 226, 269, 297, 337, 302, 271, 275, 272, 259, 270]",NeuralTextures,test,1
FaceForensics++_C23\NeuralTextures/631_551.mp4,424,423,1,0,1,True,1,[0],NeuralTextures,train,1
FaceForensics++_C23\NeuralTextures/632_548.mp4,427,423,4,1,3,True,4,"[423, 424, 426, 0]",NeuralTextures,val,1
FaceForensics++_C23\NeuralTextures/633_529.mp4,335,334,1,0,1,True,1,[0],NeuralTextures,test,1
FaceForensics++_C23\NeuralTextures/634_660.mp4,338,337,1,0,1,True,1,[0],NeuralTextures,test,1
FaceForensics++_C23\NeuralTextures/635_642.mp4,573,572,1,0,1,True,1,[0],NeuralTextures,train,1
FaceForensics++_C23\NeuralTextures/636_578.mp4,335,322,13,4,9,True,13,"[199, 0, 297, 93, 51, 47, 8, 33, 26, 10, 16, 2, 3]",NeuralTextures,train,1
FaceForensics++_C23\NeuralTextures/637_427.mp4,468,467,1,0,1,True,1,[0],NeuralTextures,train,1
FaceForensics++_C23\NeuralTextures/638_640.mp4,306,305,1,0,1,True,1,[0],NeuralTextures,val,1
FaceForensics++_C23\NeuralTextures/639_841.mp4,519,518,1,0,1,True,1,[0],NeuralTextures,train,1
FaceForensics++_C23\NeuralTextures/640_638.mp4,306,305,1,0,1,True,1,[0],NeuralTextures,val,1
FaceForensics++_C23\NeuralTextures/641_662.mp4,350,331,19,6,13,True,19,"[198, 197, 196, 72, 17, 296, 57, 294, 58, 19, 9, 56, 18, 0, 59, 20, 276, 275, 8]",NeuralTextures,train,1
FaceForensics++_C23\NeuralTextures/642_635.mp4,573,572,1,0,1,True,1,[0],NeuralTextures,train,1
FaceForensics++_C23\NeuralTextures/643_646.mp4,364,363,1,0,1,True,1,[0],NeuralTextures,train,1
FaceForensics++_C23\NeuralTextures/644_657.mp4,413,406,7,2,5,True,7,"[0, 408, 407, 411, 412, 410, 409]",NeuralTextures,train,1
FaceForensics++_C23\NeuralTextures/645_688.mp4,554,495,59,18,41,False,20,"[152, 477, 44, 151, 48, 52, 150, 53, 149, 51, 37, 49, 83, 43, 211, 22, 50, 42, 19, 88]",NeuralTextures,train,1
FaceForensics++_C23\NeuralTextures/646_643.mp4,364,363,1,0,1,True,1,[0],NeuralTextures,train,1
FaceForensics++_C23\NeuralTextures/647_622.mp4,371,370,1,0,1,True,1,[0],NeuralTextures,val,1
FaceForensics++_C23\NeuralTextures/648_654.mp4,410,409,1,0,1,True,1,[0],NeuralTextures,train,1
FaceForensics++_C23\NeuralTextures/649_816.mp4,411,410,1,0,1,True,1,[0],NeuralTextures,val,1
FaceForensics++_C23\NeuralTextures/650_625.mp4,332,331,1,0,1,True,1,[0],NeuralTextures,test,1
FaceForensics++_C23\NeuralTextures/651_835.mp4,380,351,29,9,20,False,20,"[291, 271, 294, 279, 270, 269, 304, 311, 373, 376, 375, 374, 369, 372, 367, 208, 93, 209, 21, 84]",NeuralTextures,train,1
FaceForensics++_C23\NeuralTextures/652_773.mp4,456,442,14,4,10,True,14,"[214, 215, 148, 213, 147, 144, 142, 216, 129, 346, 145, 143, 128, 0]",NeuralTextures,train,1
FaceForensics++_C23\NeuralTextures/653_601.mp4,364,332,32,10,22,False,20,"[43, 356, 285, 262, 280, 261, 0, 283, 250, 251, 284, 44, 270, 41, 1, 42, 249, 222, 271, 282]",NeuralTextures,train,1
FaceForensics++_C23\NeuralTextures/654_648.mp4,410,409,1,0,1,True,1,[0],NeuralTextures,train,1
FaceForensics++_C23\NeuralTextures/655_444.mp4,437,431,6,2,4,True,6,"[252, 250, 0, 253, 251, 59]",NeuralTextures,train,1
FaceForensics++_C23\NeuralTextures/656_666.mp4,383,382,1,0,1,True,1,[0],NeuralTextures,val,1
FaceForensics++_C23\NeuralTextures/657_644.mp4,413,394,19,6,13,True,19,"[303, 301, 305, 27, 299, 298, 304, 297, 302, 300, 10, 8, 11, 9, 7, 6, 0, 5, 3]",NeuralTextures,train,1
FaceForensics++_C23\NeuralTextures/658_627.mp4,374,373,1,0,1,True,1,[0],NeuralTextures,train,1
FaceForensics++_C23\NeuralTextures/659_749.mp4,693,684,9,3,6,True,9,"[67, 3, 5, 214, 91, 348, 0, 670, 662]",NeuralTextures,train,1
FaceForensics++_C23\NeuralTextures/660_634.mp4,338,148,190,57,133,False,20,"[154, 146, 317, 111, 155, 158, 156, 114, 116, 112, 311, 166, 319, 113, 157, 147, 119, 320, 105, 312]",NeuralTextures,test,1
FaceForensics++_C23\NeuralTextures/661_670.mp4,481,477,4,1,3,True,4,"[90, 401, 205, 0]",NeuralTextures,test,1
FaceForensics++_C23\NeuralTextures/662_641.mp4,350,348,2,1,1,True,2,"[52, 0]",NeuralTextures,train,1
FaceForensics++_C23\NeuralTextures/663_231.mp4,316,315,1,0,1,True,1,[0],NeuralTextures,train,1
FaceForensics++_C23\NeuralTextures/664_668.mp4,293,292,1,0,1,True,1,[0],NeuralTextures,val,1
FaceForensics++_C23\NeuralTextures/665_679.mp4,324,323,1,0,1,True,1,[0],NeuralTextures,train,1
FaceForensics++_C23\NeuralTextures/666_656.mp4,383,382,1,0,1,True,1,[0],NeuralTextures,val,1
FaceForensics++_C23\NeuralTextures/667_446.mp4,423,389,34,10,24,False,20,"[301, 302, 313, 311, 111, 300, 0, 318, 310, 315, 118, 316, 116, 304, 113, 312, 117, 112, 122, 114]",NeuralTextures,train,1
FaceForensics++_C23\NeuralTextures/668_664.mp4,293,292,1,0,1,True,1,[0],NeuralTextures,val,1
FaceForensics++_C23\NeuralTextures/669_682.mp4,489,488,1,0,1,True,1,[0],NeuralTextures,test,1
FaceForensics++_C23\NeuralTextures/670_661.mp4,481,479,2,1,1,True,2,"[96, 0]",NeuralTextures,test,1
FaceForensics++_C23\NeuralTextures/671_677.mp4,314,313,1,0,1,True,1,[0],NeuralTextures,train,1
FaceForensics++_C23\NeuralTextures/672_720.mp4,541,540,1,0,1,True,1,[0],NeuralTextures,val,1
FaceForensics++_C23\NeuralTextures/673_728.mp4,568,567,1,0,1,True,1,[0],NeuralTextures,train,1
FaceForensics++_C23\NeuralTextures/674_744.mp4,294,290,4,1,3,True,4,"[0, 151, 160, 159]",NeuralTextures,train,1
FaceForensics++_C23\NeuralTextures/675_608.mp4,421,420,1,0,1,True,1,[0],NeuralTextures,test,1
FaceForensics++_C23\NeuralTextures/676_776.mp4,331,326,5,2,3,True,5,"[304, 199, 303, 109, 0]",NeuralTextures,train,1
FaceForensics++_C23\NeuralTextures/677_671.mp4,314,312,2,1,1,True,2,"[264, 0]",NeuralTextures,train,1
FaceForensics++_C23\NeuralTextures/678_460.mp4,400,325,75,23,52,False,20,"[78, 30, 0, 40, 114, 48, 39, 29, 49, 41, 50, 32, 52, 36, 116, 33, 53, 43, 34, 28]",NeuralTextures,train,1
FaceForensics++_C23\NeuralTextures/679_665.mp4,324,323,1,0,1,True,1,[0],NeuralTextures,train,1
FaceForensics++_C23\NeuralTextures/680_486.mp4,300,299,1,0,1,True,1,[0],NeuralTextures,train,1
FaceForensics++_C23\NeuralTextures/681_711.mp4,292,291,1,0,1,True,1,[0],NeuralTextures,train,1
FaceForensics++_C23\NeuralTextures/682_669.mp4,489,488,1,0,1,True,1,[0],NeuralTextures,test,1
FaceForensics++_C23\NeuralTextures/683_607.mp4,302,301,1,0,1,True,1,[0],NeuralTextures,test,1
FaceForensics++_C23\NeuralTextures/684_717.mp4,374,373,1,0,1,True,1,[0],NeuralTextures,train,1
FaceForensics++_C23\NeuralTextures/685_613.mp4,415,414,1,0,1,True,1,[0],NeuralTextures,train,1
FaceForensics++_C23\NeuralTextures/686_696.mp4,342,341,1,0,1,True,1,[0],NeuralTextures,train,1
FaceForensics++_C23\NeuralTextures/687_615.mp4,452,451,1,0,1,True,1,[0],NeuralTextures,train,1
FaceForensics++_C23\NeuralTextures/688_645.mp4,554,547,7,2,5,True,7,"[521, 522, 0, 523, 524, 525, 526]",NeuralTextures,train,1
FaceForensics++_C23\NeuralTextures/689_690.mp4,331,330,1,0,1,True,1,[0],NeuralTextures,train,1
FaceForensics++_C23\NeuralTextures/690_689.mp4,331,328,3,1,2,True,3,"[329, 330, 0]",NeuralTextures,train,1
FaceForensics++_C23\NeuralTextures/691_732.mp4,426,425,1,0,1,True,1,[0],NeuralTextures,test,1
FaceForensics++_C23\NeuralTextures/692_610.mp4,354,345,9,3,6,True,9,"[12, 36, 351, 305, 0, 352, 24, 350, 341]",NeuralTextures,train,1
FaceForensics++_C23\NeuralTextures/693_698.mp4,304,292,12,4,8,True,12,"[185, 186, 29, 31, 30, 187, 32, 28, 0, 188, 190, 189]",NeuralTextures,train,1
FaceForensics++_C23\NeuralTextures/694_767.mp4,299,298,1,0,1,True,1,[0],NeuralTextures,train,1
FaceForensics++_C23\NeuralTextures/695_422.mp4,310,308,2,1,1,True,2,"[184, 0]",NeuralTextures,test,1
FaceForensics++_C23\NeuralTextures/696_686.mp4,342,341,1,0,1,True,1,[0],NeuralTextures,train,1
FaceForensics++_C23\NeuralTextures/697_581.mp4,382,381,1,0,1,True,1,[0],NeuralTextures,train,1
FaceForensics++_C23\NeuralTextures/698_693.mp4,304,303,1,0,1,True,1,[0],NeuralTextures,train,1
FaceForensics++_C23\NeuralTextures/699_734.mp4,524,523,1,0,1,True,1,[0],NeuralTextures,train,1
FaceForensics++_C23\NeuralTextures/700_813.mp4,333,332,1,0,1,True,1,[0],NeuralTextures,train,1
FaceForensics++_C23\NeuralTextures/701_579.mp4,393,392,1,0,1,True,1,[0],NeuralTextures,test,1
FaceForensics++_C23\NeuralTextures/702_612.mp4,420,413,7,2,5,True,7,"[0, 392, 386, 393, 384, 385, 383]",NeuralTextures,val,1
FaceForensics++_C23\NeuralTextures/703_604.mp4,375,374,1,0,1,True,1,[0],NeuralTextures,train,1
FaceForensics++_C23\NeuralTextures/704_723.mp4,450,449,1,0,1,True,1,[0],NeuralTextures,train,1
FaceForensics++_C23\NeuralTextures/705_707.mp4,473,472,1,0,1,True,1,[0],NeuralTextures,test,1
FaceForensics++_C23\NeuralTextures/706_479.mp4,328,321,7,2,5,True,7,"[239, 118, 238, 0, 69, 327, 68]",NeuralTextures,test,1
FaceForensics++_C23\NeuralTextures/707_705.mp4,473,462,11,3,8,True,11,"[202, 199, 227, 0, 224, 219, 225, 220, 226, 228, 236]",NeuralTextures,test,1
FaceForensics++_C23\NeuralTextures/708_772.mp4,341,340,1,0,1,True,1,[0],NeuralTextures,train,1
FaceForensics++_C23\NeuralTextures/709_390.mp4,300,294,6,2,4,True,6,"[0, 36, 37, 38, 39, 40]",NeuralTextures,train,1
FaceForensics++_C23\NeuralTextures/710_788.mp4,378,377,1,0,1,True,1,[0],NeuralTextures,train,1
FaceForensics++_C23\NeuralTextures/711_681.mp4,292,291,1,0,1,True,1,[0],NeuralTextures,train,1
FaceForensics++_C23\NeuralTextures/712_716.mp4,550,549,1,0,1,True,1,[0],NeuralTextures,train,1
FaceForensics++_C23\NeuralTextures/713_726.mp4,410,298,112,34,78,False,20,"[0, 338, 336, 87, 85, 250, 79, 42, 83, 337, 32, 339, 81, 34, 40, 355, 36, 334, 218, 222]",NeuralTextures,train,1
FaceForensics++_C23\NeuralTextures/714_842.mp4,447,446,1,0,1,True,1,[0],NeuralTextures,test,1
FaceForensics++_C23\NeuralTextures/715_721.mp4,581,578,3,1,2,True,3,"[0, 16, 17]",NeuralTextures,train,1
FaceForensics++_C23\NeuralTextures/716_712.mp4,550,549,1,0,1,True,1,[0],NeuralTextures,train,1
FaceForensics++_C23\NeuralTextures/717_684.mp4,374,373,1,0,1,True,1,[0],NeuralTextures,train,1
FaceForensics++_C23\NeuralTextures/718_972.mp4,311,299,12,4,8,True,12,"[47, 0, 255, 282, 283, 254, 253, 247, 252, 208, 225, 209]",NeuralTextures,train,1
FaceForensics++_C23\NeuralTextures/719_737.mp4,369,368,1,0,1,True,1,[0],NeuralTextures,train,1
FaceForensics++_C23\NeuralTextures/720_672.mp4,541,540,1,0,1,True,1,[0],NeuralTextures,val,1
FaceForensics++_C23\NeuralTextures/721_715.mp4,581,578,3,1,2,True,3,"[249, 533, 0]",NeuralTextures,train,1
FaceForensics++_C23\NeuralTextures/722_458.mp4,351,327,24,7,17,True,20,"[255, 254, 256, 257, 258, 259, 260, 0, 261, 262, 263, 264, 265, 287, 266, 267, 268, 269, 270, 272]",NeuralTextures,train,1
FaceForensics++_C23\NeuralTextures/723_704.mp4,450,449,1,0,1,True,1,[0],NeuralTextures,train,1
FaceForensics++_C23\NeuralTextures/724_725.mp4,600,599,1,0,1,True,1,[0],NeuralTextures,test,1
FaceForensics++_C23\NeuralTextures/725_724.mp4,600,599,1,0,1,True,1,[0],NeuralTextures,test,1
FaceForensics++_C23\NeuralTextures/726_713.mp4,410,407,3,1,2,True,3,"[0, 392, 391]",NeuralTextures,train,1
FaceForensics++_C23\NeuralTextures/727_729.mp4,554,553,1,0,1,True,1,[0],NeuralTextures,val,1
FaceForensics++_C23\NeuralTextures/728_673.mp4,568,549,19,6,13,True,19,"[530, 314, 535, 538, 536, 534, 531, 537, 138, 532, 43, 33, 141, 315, 533, 32, 139, 140, 0]",NeuralTextures,train,1
FaceForensics++_C23\NeuralTextures/729_727.mp4,554,551,3,1,2,True,3,"[0, 275, 121]",NeuralTextures,val,1
FaceForensics++_C23\NeuralTextures/730_815.mp4,452,450,2,1,1,True,2,"[0, 325]",NeuralTextures,train,1
FaceForensics++_C23\NeuralTextures/731_741.mp4,370,369,1,0,1,True,1,[0],NeuralTextures,test,1
FaceForensics++_C23\NeuralTextures/732_691.mp4,426,405,21,6,15,True,20,"[24, 0, 19, 17, 21, 23, 8, 20, 22, 6, 2, 18, 4, 11, 25, 1, 9, 7, 5, 50]",NeuralTextures,test,1
FaceForensics++_C23\NeuralTextures/733_935.mp4,518,509,9,3,6,True,9,"[331, 380, 330, 333, 332, 334, 273, 0, 2]",NeuralTextures,train,1
FaceForensics++_C23\NeuralTextures/734_699.mp4,524,523,1,0,1,True,1,[0],NeuralTextures,train,1
FaceForensics++_C23\NeuralTextures/735_774.mp4,313,312,1,0,1,True,1,[0],NeuralTextures,train,1
FaceForensics++_C23\NeuralTextures/736_785.mp4,413,412,1,0,1,True,1,[0],NeuralTextures,train,1
FaceForensics++_C23\NeuralTextures/737_719.mp4,369,359,10,3,7,True,10,"[0, 265, 272, 24, 268, 363, 21, 364, 365, 367]",NeuralTextures,train,1
FaceForensics++_C23\NeuralTextures/738_804.mp4,359,347,12,4,8,True,12,"[0, 152, 151, 301, 150, 339, 337, 338, 149, 52, 51, 148]",NeuralTextures,train,1
FaceForensics++_C23\NeuralTextures/739_865.mp4,304,303,1,0,1,True,1,[0],NeuralTextures,test,1
FaceForensics++_C23\NeuralTextures/740_796.mp4,348,346,2,1,1,True,2,"[347, 0]",NeuralTextures,train,1
FaceForensics++_C23\NeuralTextures/741_731.mp4,370,369,1,0,1,True,1,[0],NeuralTextures,test,1
FaceForensics++_C23\NeuralTextures/742_775.mp4,559,558,1,0,1,True,1,[0],NeuralTextures,val,1
FaceForensics++_C23\NeuralTextures/743_750.mp4,311,310,1,0,1,True,1,[0],NeuralTextures,train,1
FaceForensics++_C23\NeuralTextures/744_674.mp4,294,277,17,5,12,True,17,"[53, 65, 64, 63, 62, 19, 0, 274, 54, 66, 61, 78, 79, 81, 77, 84, 83]",NeuralTextures,train,1
FaceForensics++_C23\NeuralTextures/745_777.mp4,325,324,1,0,1,True,1,[0],NeuralTextures,val,1
FaceForensics++_C23\NeuralTextures/746_571.mp4,493,492,1,0,1,True,1,[0],NeuralTextures,val,1
FaceForensics++_C23\NeuralTextures/747_854.mp4,294,293,1,0,1,True,1,[0],NeuralTextures,train,1
FaceForensics++_C23\NeuralTextures/748_355.mp4,318,291,27,8,19,True,20,"[260, 262, 212, 258, 234, 230, 236, 224, 228, 218, 238, 264, 240, 216, 248, 214, 0, 282, 272, 280]",NeuralTextures,train,1
FaceForensics++_C23\NeuralTextures/749_659.mp4,693,692,1,0,1,True,1,[0],NeuralTextures,train,1
FaceForensics++_C23\NeuralTextures/750_743.mp4,311,290,21,6,15,True,20,"[0, 183, 184, 117, 122, 116, 114, 185, 283, 258, 115, 153, 284, 124, 201, 278, 123, 285, 277, 154]",NeuralTextures,train,1
FaceForensics++_C23\NeuralTextures/751_752.mp4,331,274,57,17,40,False,20,"[0, 3, 14, 21, 19, 18, 152, 158, 212, 165, 134, 255, 154, 226, 213, 303, 133, 321, 129, 136]",NeuralTextures,train,1
FaceForensics++_C23\NeuralTextures/752_751.mp4,331,327,4,1,3,True,4,"[0, 280, 323, 19]",NeuralTextures,train,1
FaceForensics++_C23\NeuralTextures/753_789.mp4,567,565,2,1,1,True,2,"[1, 0]",NeuralTextures,train,1
FaceForensics++_C23\NeuralTextures/754_758.mp4,391,390,1,0,1,True,1,[0],NeuralTextures,train,1
FaceForensics++_C23\NeuralTextures/755_759.mp4,336,335,1,0,1,True,1,[0],NeuralTextures,test,1
FaceForensics++_C23\NeuralTextures/756_503.mp4,570,568,2,1,1,True,2,"[0, 188]",NeuralTextures,train,1
FaceForensics++_C23\NeuralTextures/757_573.mp4,441,440,1,0,1,True,1,[0],NeuralTextures,train,1
FaceForensics++_C23\NeuralTextures/758_754.mp4,391,389,2,1,1,True,2,"[0, 336]",NeuralTextures,train,1
FaceForensics++_C23\NeuralTextures/759_755.mp4,336,335,1,0,1,True,1,[0],NeuralTextures,test,1
FaceForensics++_C23\NeuralTextures/760_611.mp4,306,305,1,0,1,True,1,[0],NeuralTextures,train,1
FaceForensics++_C23\NeuralTextures/761_766.mp4,343,333,10,3,7,True,10,"[33, 16, 13, 17, 8, 9, 10, 21, 20, 0]",NeuralTextures,train,1
FaceForensics++_C23\NeuralTextures/762_832.mp4,416,415,1,0,1,True,1,[0],NeuralTextures,val,1
FaceForensics++_C23\NeuralTextures/763_930.mp4,448,447,1,0,1,True,1,[0],NeuralTextures,train,1
FaceForensics++_C23\NeuralTextures/764_850.mp4,369,368,1,0,1,True,1,[0],NeuralTextures,train,1
FaceForensics++_C23\NeuralTextures/765_867.mp4,388,387,1,0,1,True,1,[0],NeuralTextures,train,1
FaceForensics++_C23\NeuralTextures/766_761.mp4,343,342,1,0,1,True,1,[0],NeuralTextures,train,1
FaceForensics++_C23\NeuralTextures/767_694.mp4,299,298,1,0,1,True,1,[0],NeuralTextures,train,1
FaceForensics++_C23\NeuralTextures/768_793.mp4,330,329,1,0,1,True,1,[0],NeuralTextures,val,1
FaceForensics++_C23\NeuralTextures/769_784.mp4,484,483,1,0,1,True,1,[0],NeuralTextures,train,1
FaceForensics++_C23\NeuralTextures/770_791.mp4,333,332,1,0,1,True,1,[0],NeuralTextures,train,1
FaceForensics++_C23\NeuralTextures/771_849.mp4,322,321,1,0,1,True,1,[0],NeuralTextures,train,1
FaceForensics++_C23\NeuralTextures/772_708.mp4,341,340,1,0,1,True,1,[0],NeuralTextures,train,1
FaceForensics++_C23\NeuralTextures/773_652.mp4,456,455,1,0,1,True,1,[0],NeuralTextures,train,1
FaceForensics++_C23\NeuralTextures/774_735.mp4,313,312,1,0,1,True,1,[0],NeuralTextures,train,1
FaceForensics++_C23\NeuralTextures/775_742.mp4,559,558,1,0,1,True,1,[0],NeuralTextures,val,1
FaceForensics++_C23\NeuralTextures/776_676.mp4,331,262,69,21,48,False,20,"[266, 272, 115, 267, 270, 195, 191, 268, 197, 300, 193, 275, 192, 225, 273, 271, 47, 200, 198, 196]",NeuralTextures,train,1
FaceForensics++_C23\NeuralTextures/777_745.mp4,325,324,1,0,1,True,1,[0],NeuralTextures,val,1
FaceForensics++_C23\NeuralTextures/778_798.mp4,328,327,1,0,1,True,1,[0],NeuralTextures,train,1
FaceForensics++_C23\NeuralTextures/779_794.mp4,306,305,1,0,1,True,1,[0],NeuralTextures,val,1
FaceForensics++_C23\NeuralTextures/780_869.mp4,333,332,1,0,1,True,1,[0],NeuralTextures,train,1
FaceForensics++_C23\NeuralTextures/781_806.mp4,301,300,1,0,1,True,1,[0],NeuralTextures,train,1
FaceForensics++_C23\NeuralTextures/782_787.mp4,502,501,1,0,1,True,1,[0],NeuralTextures,train,1
FaceForensics++_C23\NeuralTextures/783_916.mp4,403,402,1,0,1,True,1,[0],NeuralTextures,train,1
FaceForensics++_C23\NeuralTextures/784_769.mp4,484,483,1,0,1,True,1,[0],NeuralTextures,train,1
FaceForensics++_C23\NeuralTextures/785_736.mp4,413,412,1,0,1,True,1,[0],NeuralTextures,train,1
FaceForensics++_C23\NeuralTextures/786_819.mp4,520,424,96,29,67,False,20,"[0, 100, 244, 26, 433, 110, 175, 140, 33, 36, 35, 34, 141, 172, 109, 245, 174, 173, 176, 37]",NeuralTextures,train,1
FaceForensics++_C23\NeuralTextures/787_782.mp4,502,493,9,3,6,True,9,"[0, 414, 321, 411, 413, 409, 320, 412, 410]",NeuralTextures,train,1
FaceForensics++_C23\NeuralTextures/788_710.mp4,378,179,199,60,139,False,20,"[369, 318, 348, 371, 276, 10, 130, 277, 278, 352, 346, 328, 274, 280, 16, 127, 22, 344, 320, 314]",NeuralTextures,train,1
FaceForensics++_C23\NeuralTextures/789_753.mp4,567,544,23,7,16,True,20,"[405, 403, 400, 398, 404, 399, 401, 406, 411, 391, 470, 301, 396, 393, 473, 395, 530, 408, 0, 394]",NeuralTextures,train,1
FaceForensics++_C23\NeuralTextures/790_014.mp4,676,675,1,0,1,True,1,[0],NeuralTextures,train,1
FaceForensics++_C23\NeuralTextures/791_770.mp4,333,329,4,1,3,True,4,"[46, 67, 66, 0]",NeuralTextures,train,1
FaceForensics++_C23\NeuralTextures/792_903.mp4,383,382,1,0,1,True,1,[0],NeuralTextures,train,1
FaceForensics++_C23\NeuralTextures/793_768.mp4,330,329,1,0,1,True,1,[0],NeuralTextures,val,1
FaceForensics++_C23\NeuralTextures/794_779.mp4,306,302,4,1,3,True,4,"[0, 157, 66, 232]",NeuralTextures,val,1
FaceForensics++_C23\NeuralTextures/795_907.mp4,525,524,1,0,1,True,1,[0],NeuralTextures,train,1
FaceForensics++_C23\NeuralTextures/796_740.mp4,348,347,1,0,1,True,1,[0],NeuralTextures,train,1
FaceForensics++_C23\NeuralTextures/797_844.mp4,434,429,5,2,3,True,5,"[29, 272, 0, 415, 271]",NeuralTextures,train,1
FaceForensics++_C23\NeuralTextures/798_778.mp4,328,327,1,0,1,True,1,[0],NeuralTextures,train,1
FaceForensics++_C23\NeuralTextures/799_809.mp4,367,358,9,3,6,True,9,"[314, 70, 241, 0, 46, 8, 45, 9, 21]",NeuralTextures,train,1
FaceForensics++_C23\NeuralTextures/800_840.mp4,338,337,1,0,1,True,1,[0],NeuralTextures,train,1
FaceForensics++_C23\NeuralTextures/801_855.mp4,444,443,1,0,1,True,1,[0],NeuralTextures,test,1
FaceForensics++_C23\NeuralTextures/802_885.mp4,329,328,1,0,1,True,1,[0],NeuralTextures,train,1
FaceForensics++_C23\NeuralTextures/803_017.mp4,297,291,6,2,4,True,6,"[0, 257, 138, 137, 256, 255]",NeuralTextures,train,1
FaceForensics++_C23\NeuralTextures/804_738.mp4,359,352,7,2,5,True,7,"[356, 0, 358, 357, 355, 41, 42]",NeuralTextures,train,1
FaceForensics++_C23\NeuralTextures/805_011.mp4,411,394,17,5,12,True,17,"[0, 375, 327, 177, 221, 326, 146, 159, 147, 158, 148, 145, 149, 150, 151, 153, 319]",NeuralTextures,train,1
FaceForensics++_C23\NeuralTextures/806_781.mp4,301,300,1,0,1,True,1,[0],NeuralTextures,train,1
FaceForensics++_C23\NeuralTextures/807_273.mp4,322,315,7,2,5,True,7,"[68, 194, 306, 69, 195, 0, 307]",NeuralTextures,val,1
FaceForensics++_C23\NeuralTextures/808_829.mp4,637,633,4,1,3,True,4,"[384, 0, 383, 398]",NeuralTextures,train,1
FaceForensics++_C23\NeuralTextures/809_799.mp4,367,366,1,0,1,True,1,[0],NeuralTextures,train,1
FaceForensics++_C23\NeuralTextures/810_838.mp4,457,455,2,1,1,True,2,"[225, 0]",NeuralTextures,train,1
FaceForensics++_C23\NeuralTextures/811_920.mp4,371,370,1,0,1,True,1,[0],NeuralTextures,train,1
FaceForensics++_C23\NeuralTextures/812_821.mp4,423,422,1,0,1,True,1,[0],NeuralTextures,test,1
FaceForensics++_C23\NeuralTextures/813_700.mp4,333,247,86,26,60,False,20,"[273, 262, 286, 272, 37, 274, 34, 271, 168, 139, 76, 155, 35, 28, 255, 275, 71, 36, 30, 144]",NeuralTextures,train,1
FaceForensics++_C23\NeuralTextures/814_871.mp4,348,347,1,0,1,True,1,[0],NeuralTextures,train,1
FaceForensics++_C23\NeuralTextures/815_730.mp4,452,451,1,0,1,True,1,[0],NeuralTextures,train,1
FaceForensics++_C23\NeuralTextures/816_649.mp4,411,410,1,0,1,True,1,[0],NeuralTextures,val,1
FaceForensics++_C23\NeuralTextures/817_827.mp4,311,310,1,0,1,True,1,[0],NeuralTextures,val,1
FaceForensics++_C23\NeuralTextures/818_820.mp4,466,465,1,0,1,True,1,[0],NeuralTextures,val,1
FaceForensics++_C23\NeuralTextures/819_786.mp4,520,519,1,0,1,True,1,[0],NeuralTextures,train,1
FaceForensics++_C23\NeuralTextures/820_818.mp4,466,465,1,0,1,True,1,[0],NeuralTextures,val,1
FaceForensics++_C23\NeuralTextures/821_812.mp4,423,422,1,0,1,True,1,[0],NeuralTextures,test,1
FaceForensics++_C23\NeuralTextures/822_244.mp4,297,296,1,0,1,True,1,[0],NeuralTextures,train,1
FaceForensics++_C23\NeuralTextures/823_584.mp4,475,417,58,18,40,False,20,"[399, 349, 389, 325, 326, 336, 387, 397, 332, 430, 335, 431, 398, 388, 313, 406, 414, 318, 321, 400]",NeuralTextures,val,1
FaceForensics++_C23\NeuralTextures/824_419.mp4,487,383,104,31,73,False,20,"[0, 3, 1, 9, 2, 6, 15, 5, 12, 4, 18, 8, 29, 7, 11, 17, 26, 21, 24, 10]",NeuralTextures,val,1
FaceForensics++_C23\NeuralTextures/825_074.mp4,345,344,1,0,1,True,1,[0],NeuralTextures,train,1
FaceForensics++_C23\NeuralTextures/826_833.mp4,355,354,1,0,1,True,1,[0],NeuralTextures,train,1
FaceForensics++_C23\NeuralTextures/827_817.mp4,311,310,1,0,1,True,1,[0],NeuralTextures,val,1
FaceForensics++_C23\NeuralTextures/828_830.mp4,319,318,1,0,1,True,1,[0],NeuralTextures,train,1
FaceForensics++_C23\NeuralTextures/829_808.mp4,637,634,3,1,2,True,3,"[0, 144, 145]",NeuralTextures,train,1
FaceForensics++_C23\NeuralTextures/830_828.mp4,319,318,1,0,1,True,1,[0],NeuralTextures,train,1
FaceForensics++_C23\NeuralTextures/831_508.mp4,327,322,5,2,3,True,5,"[313, 315, 314, 0, 108]",NeuralTextures,train,1
FaceForensics++_C23\NeuralTextures/832_762.mp4,416,415,1,0,1,True,1,[0],NeuralTextures,val,1
FaceForensics++_C23\NeuralTextures/833_826.mp4,355,354,1,0,1,True,1,[0],NeuralTextures,train,1
FaceForensics++_C23\NeuralTextures/834_852.mp4,303,291,12,4,8,True,12,"[115, 120, 176, 119, 186, 20, 7, 10, 6, 0, 3, 5]",NeuralTextures,val,1
FaceForensics++_C23\NeuralTextures/835_651.mp4,380,379,1,0,1,True,1,[0],NeuralTextures,train,1
FaceForensics++_C23\NeuralTextures/836_950.mp4,343,342,1,0,1,True,1,[0],NeuralTextures,train,1
FaceForensics++_C23\NeuralTextures/837_890.mp4,341,340,1,0,1,True,1,[0],NeuralTextures,val,1
FaceForensics++_C23\NeuralTextures/838_810.mp4,457,456,1,0,1,True,1,[0],NeuralTextures,train,1
FaceForensics++_C23\NeuralTextures/839_864.mp4,326,325,1,0,1,True,1,[0],NeuralTextures,train,1
FaceForensics++_C23\NeuralTextures/840_800.mp4,338,336,2,1,1,True,2,"[73, 0]",NeuralTextures,train,1
FaceForensics++_C23\NeuralTextures/841_639.mp4,519,518,1,0,1,True,1,[0],NeuralTextures,train,1
FaceForensics++_C23\NeuralTextures/842_714.mp4,447,277,170,51,119,False,20,"[0, 44, 54, 62, 55, 42, 43, 56, 63, 64, 61, 65, 66, 57, 124, 131, 159, 145, 151, 193]",NeuralTextures,test,1
FaceForensics++_C23\NeuralTextures/843_859.mp4,318,317,1,0,1,True,1,[0],NeuralTextures,train,1
FaceForensics++_C23\NeuralTextures/844_797.mp4,434,433,1,0,1,True,1,[0],NeuralTextures,train,1
FaceForensics++_C23\NeuralTextures/845_846.mp4,353,352,1,0,1,True,1,[0],NeuralTextures,train,1
FaceForensics++_C23\NeuralTextures/846_845.mp4,353,344,9,3,6,True,9,"[352, 351, 331, 0, 4, 2, 3, 6, 5]",NeuralTextures,train,1
FaceForensics++_C23\NeuralTextures/847_906.mp4,301,292,9,3,6,True,9,"[0, 78, 79, 71, 73, 74, 72, 70, 69]",NeuralTextures,test,1
FaceForensics++_C23\NeuralTextures/848_894.mp4,328,327,1,0,1,True,1,[0],NeuralTextures,train,1
FaceForensics++_C23\NeuralTextures/849_771.mp4,322,320,2,1,1,True,2,"[66, 0]",NeuralTextures,train,1
FaceForensics++_C23\NeuralTextures/850_764.mp4,369,368,1,0,1,True,1,[0],NeuralTextures,train,1
FaceForensics++_C23\NeuralTextures/851_552.mp4,303,301,2,1,1,True,2,"[167, 0]",NeuralTextures,test,1
FaceForensics++_C23\NeuralTextures/852_834.mp4,303,302,1,0,1,True,1,[0],NeuralTextures,val,1
FaceForensics++_C23\NeuralTextures/853_863.mp4,513,512,1,0,1,True,1,[0],NeuralTextures,train,1
FaceForensics++_C23\NeuralTextures/854_747.mp4,294,293,1,0,1,True,1,[0],NeuralTextures,train,1
FaceForensics++_C23\NeuralTextures/855_801.mp4,444,443,1,0,1,True,1,[0],NeuralTextures,test,1
FaceForensics++_C23\NeuralTextures/856_881.mp4,638,637,1,0,1,True,1,[0],NeuralTextures,train,1
FaceForensics++_C23\NeuralTextures/857_909.mp4,637,636,1,0,1,True,1,[0],NeuralTextures,val,1
FaceForensics++_C23\NeuralTextures/858_861.mp4,483,482,1,0,1,True,1,[0],NeuralTextures,train,1
FaceForensics++_C23\NeuralTextures/859_843.mp4,318,317,1,0,1,True,1,[0],NeuralTextures,train,1
FaceForensics++_C23\NeuralTextures/860_905.mp4,382,359,23,7,16,True,20,"[192, 191, 190, 189, 186, 175, 174, 187, 185, 184, 188, 176, 182, 181, 183, 173, 178, 180, 177, 179]",NeuralTextures,train,1
FaceForensics++_C23\NeuralTextures/861_858.mp4,483,311,172,52,120,False,20,"[156, 35, 360, 205, 427, 417, 333, 404, 8, 34, 416, 357, 415, 11, 356, 359, 10, 9, 424, 354]",NeuralTextures,train,1
FaceForensics++_C23\NeuralTextures/862_047.mp4,319,318,1,0,1,True,1,[0],NeuralTextures,test,1
FaceForensics++_C23\NeuralTextures/863_853.mp4,513,509,4,1,3,True,4,"[408, 409, 0, 34]",NeuralTextures,train,1
FaceForensics++_C23\NeuralTextures/864_839.mp4,326,325,1,0,1,True,1,[0],NeuralTextures,train,1
FaceForensics++_C23\NeuralTextures/865_739.mp4,304,303,1,0,1,True,1,[0],NeuralTextures,test,1
FaceForensics++_C23\NeuralTextures/866_878.mp4,509,508,1,0,1,True,1,[0],NeuralTextures,train,1
FaceForensics++_C23\NeuralTextures/867_765.mp4,388,387,1,0,1,True,1,[0],NeuralTextures,train,1
FaceForensics++_C23\NeuralTextures/868_949.mp4,431,429,2,1,1,True,2,"[0, 53]",NeuralTextures,test,1
FaceForensics++_C23\NeuralTextures/869_780.mp4,333,329,4,1,3,True,4,"[0, 87, 192, 270]",NeuralTextures,train,1
FaceForensics++_C23\NeuralTextures/870_001.mp4,460,456,4,1,3,True,4,"[69, 68, 70, 0]",NeuralTextures,train,1
FaceForensics++_C23\NeuralTextures/871_814.mp4,348,344,4,1,3,True,4,"[14, 13, 32, 0]",NeuralTextures,train,1
FaceForensics++_C23\NeuralTextures/872_873.mp4,474,473,1,0,1,True,1,[0],NeuralTextures,train,1
FaceForensics++_C23\NeuralTextures/873_872.mp4,474,473,1,0,1,True,1,[0],NeuralTextures,train,1
FaceForensics++_C23\NeuralTextures/874_291.mp4,330,325,5,2,3,True,5,"[0, 20, 96, 21, 22]",NeuralTextures,train,1
FaceForensics++_C23\NeuralTextures/875_979.mp4,335,334,1,0,1,True,1,[0],NeuralTextures,val,1
FaceForensics++_C23\NeuralTextures/876_891.mp4,296,295,1,0,1,True,1,[0],NeuralTextures,train,1
FaceForensics++_C23\NeuralTextures/877_886.mp4,525,524,1,0,1,True,1,[0],NeuralTextures,train,1
FaceForensics++_C23\NeuralTextures/878_866.mp4,509,508,1,0,1,True,1,[0],NeuralTextures,train,1
FaceForensics++_C23\NeuralTextures/879_963.mp4,692,691,1,0,1,True,1,[0],NeuralTextures,train,1
FaceForensics++_C23\NeuralTextures/880_135.mp4,327,326,1,0,1,True,1,[0],NeuralTextures,test,1
FaceForensics++_C23\NeuralTextures/881_856.mp4,638,637,1,0,1,True,1,[0],NeuralTextures,train,1
FaceForensics++_C23\NeuralTextures/882_952.mp4,333,317,16,5,11,True,16,"[70, 229, 143, 174, 144, 142, 173, 35, 0, 156, 145, 175, 176, 146, 224, 36]",NeuralTextures,train,1
FaceForensics++_C23\NeuralTextures/883_013.mp4,332,315,17,5,12,True,17,"[235, 233, 236, 232, 231, 311, 312, 313, 230, 237, 93, 0, 14, 16, 17, 13, 11]",NeuralTextures,train,1
FaceForensics++_C23\NeuralTextures/884_968.mp4,300,273,27,8,19,True,20,"[9, 10, 86, 158, 82, 81, 83, 13, 11, 200, 85, 201, 7, 8, 84, 12, 202, 198, 203, 0]",NeuralTextures,train,1
FaceForensics++_C23\NeuralTextures/885_802.mp4,329,328,1,0,1,True,1,[0],NeuralTextures,train,1
FaceForensics++_C23\NeuralTextures/886_877.mp4,525,524,1,0,1,True,1,[0],NeuralTextures,train,1
FaceForensics++_C23\NeuralTextures/887_275.mp4,339,335,4,1,3,True,4,"[0, 135, 159, 160]",NeuralTextures,train,1
FaceForensics++_C23\NeuralTextures/888_937.mp4,307,306,1,0,1,True,1,[0],NeuralTextures,train,1
FaceForensics++_C23\NeuralTextures/889_045.mp4,329,283,46,14,32,False,20,"[159, 154, 182, 184, 153, 181, 240, 83, 84, 48, 87, 94, 88, 51, 55, 133, 0, 53, 134, 52]",NeuralTextures,train,1
FaceForensics++_C23\NeuralTextures/890_837.mp4,341,336,5,2,3,True,5,"[4, 0, 3, 1, 2]",NeuralTextures,val,1
FaceForensics++_C23\NeuralTextures/891_876.mp4,296,295,1,0,1,True,1,[0],NeuralTextures,train,1
FaceForensics++_C23\NeuralTextures/892_112.mp4,311,307,4,1,3,True,4,"[19, 17, 18, 0]",NeuralTextures,train,1
FaceForensics++_C23\NeuralTextures/893_913.mp4,537,536,1,0,1,True,1,[0],NeuralTextures,train,1
FaceForensics++_C23\NeuralTextures/894_848.mp4,328,327,1,0,1,True,1,[0],NeuralTextures,train,1
FaceForensics++_C23\NeuralTextures/895_915.mp4,294,293,1,0,1,True,1,[0],NeuralTextures,val,1
FaceForensics++_C23\NeuralTextures/896_128.mp4,531,530,1,0,1,True,1,[0],NeuralTextures,test,1
FaceForensics++_C23\NeuralTextures/897_969.mp4,333,332,1,0,1,True,1,[0],NeuralTextures,train,1
FaceForensics++_C23\NeuralTextures/898_922.mp4,349,348,1,0,1,True,1,[0],NeuralTextures,val,1
FaceForensics++_C23\NeuralTextures/899_914.mp4,307,306,1,0,1,True,1,[0],NeuralTextures,train,1
FaceForensics++_C23\NeuralTextures/900_926.mp4,333,332,1,0,1,True,1,[0],NeuralTextures,val,1
FaceForensics++_C23\NeuralTextures/901_902.mp4,295,294,1,0,1,True,1,[0],NeuralTextures,train,1
FaceForensics++_C23\NeuralTextures/902_901.mp4,295,294,1,0,1,True,1,[0],NeuralTextures,train,1
FaceForensics++_C23\NeuralTextures/903_792.mp4,383,368,15,5,10,True,15,"[1, 2, 0, 346, 16, 20, 19, 17, 18, 360, 21, 358, 359, 357, 356]",NeuralTextures,train,1
FaceForensics++_C23\NeuralTextures/904_046.mp4,359,358,1,0,1,True,1,[0],NeuralTextures,val,1
FaceForensics++_C23\NeuralTextures/905_860.mp4,382,375,7,2,5,True,7,"[169, 0, 376, 375, 246, 377, 381]",NeuralTextures,train,1
FaceForensics++_C23\NeuralTextures/906_847.mp4,301,300,1,0,1,True,1,[0],NeuralTextures,test,1
FaceForensics++_C23\NeuralTextures/907_795.mp4,525,524,1,0,1,True,1,[0],NeuralTextures,train,1
FaceForensics++_C23\NeuralTextures/908_207.mp4,346,344,2,1,1,True,2,"[0, 316]",NeuralTextures,train,1
FaceForensics++_C23\NeuralTextures/909_857.mp4,637,636,1,0,1,True,1,[0],NeuralTextures,val,1
FaceForensics++_C23\NeuralTextures/910_911.mp4,292,291,1,0,1,True,1,[0],NeuralTextures,train,1
FaceForensics++_C23\NeuralTextures/911_910.mp4,292,291,1,0,1,True,1,[0],NeuralTextures,train,1
FaceForensics++_C23\NeuralTextures/912_927.mp4,647,646,1,0,1,True,1,[0],NeuralTextures,val,1
FaceForensics++_C23\NeuralTextures/913_893.mp4,537,536,1,0,1,True,1,[0],NeuralTextures,train,1
FaceForensics++_C23\NeuralTextures/914_899.mp4,307,306,1,0,1,True,1,[0],NeuralTextures,train,1
FaceForensics++_C23\NeuralTextures/915_895.mp4,294,293,1,0,1,True,1,[0],NeuralTextures,val,1
FaceForensics++_C23\NeuralTextures/916_783.mp4,403,396,7,2,5,True,7,"[134, 0, 2, 4, 3, 5, 6]",NeuralTextures,train,1
FaceForensics++_C23\NeuralTextures/917_924.mp4,448,442,6,2,4,True,6,"[447, 77, 78, 80, 76, 0]",NeuralTextures,test,1
FaceForensics++_C23\NeuralTextures/918_934.mp4,377,376,1,0,1,True,1,[0],NeuralTextures,train,1
FaceForensics++_C23\NeuralTextures/919_015.mp4,437,436,1,0,1,True,1,[0],NeuralTextures,test,1
FaceForensics++_C23\NeuralTextures/920_811.mp4,371,363,8,3,5,True,8,"[0, 142, 136, 138, 139, 133, 141, 140]",NeuralTextures,train,1
FaceForensics++_C23\NeuralTextures/921_569.mp4,296,295,1,0,1,True,1,[0],NeuralTextures,train,1
FaceForensics++_C23\NeuralTextures/922_898.mp4,349,344,5,2,3,True,5,"[242, 166, 90, 334, 0]",NeuralTextures,val,1
FaceForensics++_C23\NeuralTextures/923_023.mp4,553,552,1,0,1,True,1,[0],NeuralTextures,val,1
FaceForensics++_C23\NeuralTextures/924_917.mp4,448,447,1,0,1,True,1,[0],NeuralTextures,test,1
FaceForensics++_C23\NeuralTextures/925_933.mp4,356,355,1,0,1,True,1,[0],NeuralTextures,val,1
FaceForensics++_C23\NeuralTextures/926_900.mp4,333,332,1,0,1,True,1,[0],NeuralTextures,val,1
FaceForensics++_C23\NeuralTextures/927_912.mp4,647,646,1,0,1,True,1,[0],NeuralTextures,val,1
FaceForensics++_C23\NeuralTextures/928_160.mp4,376,375,1,0,1,True,1,[0],NeuralTextures,train,1
FaceForensics++_C23\NeuralTextures/929_962.mp4,460,458,2,1,1,True,2,"[0, 421]",NeuralTextures,train,1
FaceForensics++_C23\NeuralTextures/930_763.mp4,448,190,258,78,180,False,20,"[379, 0, 377, 374, 371, 375, 290, 286, 292, 372, 296, 370, 282, 376, 366, 12, 2, 373, 288, 208]",NeuralTextures,train,1
FaceForensics++_C23\NeuralTextures/931_936.mp4,297,296,1,0,1,True,1,[0],NeuralTextures,train,1
FaceForensics++_C23\NeuralTextures/932_384.mp4,462,425,37,11,26,False,20,"[0, 346, 347, 416, 348, 415, 350, 349, 352, 351, 353, 116, 288, 287, 286, 71, 285, 72, 52, 426]",NeuralTextures,test,1
FaceForensics++_C23\NeuralTextures/933_925.mp4,356,355,1,0,1,True,1,[0],NeuralTextures,val,1
FaceForensics++_C23\NeuralTextures/934_918.mp4,377,376,1,0,1,True,1,[0],NeuralTextures,train,1
FaceForensics++_C23\NeuralTextures/935_733.mp4,518,514,4,1,3,True,4,"[0, 303, 302, 309]",NeuralTextures,train,1
FaceForensics++_C23\NeuralTextures/936_931.mp4,297,284,13,4,9,True,13,"[158, 159, 176, 168, 166, 167, 160, 161, 165, 0, 164, 162, 163]",NeuralTextures,train,1
FaceForensics++_C23\NeuralTextures/937_888.mp4,307,278,29,9,20,False,20,"[0, 241, 162, 32, 161, 25, 160, 26, 27, 168, 24, 156, 31, 155, 163, 23, 167, 159, 166, 22]",NeuralTextures,train,1
FaceForensics++_C23\NeuralTextures/938_987.mp4,369,352,17,5,12,True,17,"[272, 0, 106, 101, 5, 155, 177, 170, 166, 165, 169, 168, 15, 167, 171, 176, 175]",NeuralTextures,train,1
FaceForensics++_C23\NeuralTextures/939_115.mp4,320,319,1,0,1,True,1,[0],NeuralTextures,val,1
FaceForensics++_C23\NeuralTextures/940_941.mp4,309,308,1,0,1,True,1,[0],NeuralTextures,train,1
FaceForensics++_C23\NeuralTextures/941_940.mp4,309,308,1,0,1,True,1,[0],NeuralTextures,train,1
FaceForensics++_C23\NeuralTextures/942_943.mp4,470,469,1,0,1,True,1,[0],NeuralTextures,train,1
FaceForensics++_C23\NeuralTextures/943_942.mp4,470,469,1,0,1,True,1,[0],NeuralTextures,train,1
FaceForensics++_C23\NeuralTextures/944_032.mp4,310,309,1,0,1,True,1,[0],NeuralTextures,train,1
FaceForensics++_C23\NeuralTextures/945_044.mp4,335,332,3,1,2,True,3,"[0, 50, 53]",NeuralTextures,test,1
FaceForensics++_C23\NeuralTextures/946_049.mp4,360,359,1,0,1,True,1,[0],NeuralTextures,train,1
FaceForensics++_C23\NeuralTextures/947_951.mp4,641,640,1,0,1,True,1,[0],NeuralTextures,val,1
FaceForensics++_C23\NeuralTextures/948_965.mp4,348,347,1,0,1,True,1,[0],NeuralTextures,train,1
FaceForensics++_C23\NeuralTextures/949_868.mp4,431,430,1,0,1,True,1,[0],NeuralTextures,test,1
FaceForensics++_C23\NeuralTextures/950_836.mp4,343,342,1,0,1,True,1,[0],NeuralTextures,train,1
FaceForensics++_C23\NeuralTextures/951_947.mp4,641,639,2,1,1,True,2,"[0, 152]",NeuralTextures,val,1
FaceForensics++_C23\NeuralTextures/952_882.mp4,333,329,4,1,3,True,4,"[0, 98, 100, 99]",NeuralTextures,train,1
FaceForensics++_C23\NeuralTextures/953_974.mp4,318,314,4,1,3,True,4,"[91, 217, 257, 0]",NeuralTextures,test,1
FaceForensics++_C23\NeuralTextures/954_976.mp4,328,327,1,0,1,True,1,[0],NeuralTextures,train,1
FaceForensics++_C23\NeuralTextures/955_078.mp4,523,515,8,3,5,True,8,"[520, 495, 499, 496, 497, 500, 498, 0]",NeuralTextures,test,1
FaceForensics++_C23\NeuralTextures/956_958.mp4,392,391,1,0,1,True,1,[0],NeuralTextures,val,1
FaceForensics++_C23\NeuralTextures/957_959.mp4,418,346,72,22,50,False,20,"[381, 402, 401, 399, 403, 12, 412, 380, 405, 400, 31, 14, 20, 18, 16, 385, 411, 33, 22, 29]",NeuralTextures,train,1
FaceForensics++_C23\NeuralTextures/958_956.mp4,392,374,18,6,12,True,18,"[0, 5, 7, 16, 17, 274, 279, 26, 304, 25, 28, 24, 340, 320, 325, 284, 335, 289]",NeuralTextures,val,1
FaceForensics++_C23\NeuralTextures/959_957.mp4,418,412,6,2,4,True,6,"[240, 241, 242, 245, 244, 0]",NeuralTextures,train,1
FaceForensics++_C23\NeuralTextures/960_999.mp4,335,334,1,0,1,True,1,[0],NeuralTextures,train,1
FaceForensics++_C23\NeuralTextures/961_069.mp4,323,321,2,1,1,True,2,"[0, 18]",NeuralTextures,train,1
FaceForensics++_C23\NeuralTextures/962_929.mp4,460,459,1,0,1,True,1,[0],NeuralTextures,train,1
FaceForensics++_C23\NeuralTextures/963_879.mp4,692,691,1,0,1,True,1,[0],NeuralTextures,train,1
FaceForensics++_C23\NeuralTextures/964_174.mp4,414,413,1,0,1,True,1,[0],NeuralTextures,train,1
FaceForensics++_C23\NeuralTextures/965_948.mp4,348,347,1,0,1,True,1,[0],NeuralTextures,train,1
FaceForensics++_C23\NeuralTextures/966_988.mp4,364,351,13,4,9,True,13,"[291, 292, 362, 290, 363, 1, 0, 74, 73, 72, 270, 32, 68]",NeuralTextures,train,1
FaceForensics++_C23\NeuralTextures/967_984.mp4,339,335,4,1,3,True,4,"[0, 6, 4, 3]",NeuralTextures,train,1
FaceForensics++_C23\NeuralTextures/968_884.mp4,300,297,3,1,2,True,3,"[0, 172, 173]",NeuralTextures,train,1
FaceForensics++_C23\NeuralTextures/969_897.mp4,333,332,1,0,1,True,1,[0],NeuralTextures,train,1
FaceForensics++_C23\NeuralTextures/970_973.mp4,476,475,1,0,1,True,1,[0],NeuralTextures,test,1
FaceForensics++_C23\NeuralTextures/971_564.mp4,354,353,1,0,1,True,1,[0],NeuralTextures,val,1
FaceForensics++_C23\NeuralTextures/972_718.mp4,311,310,1,0,1,True,1,[0],NeuralTextures,train,1
FaceForensics++_C23\NeuralTextures/973_970.mp4,476,475,1,0,1,True,1,[0],NeuralTextures,test,1
FaceForensics++_C23\NeuralTextures/974_953.mp4,318,314,4,1,3,True,4,"[0, 242, 244, 243]",NeuralTextures,test,1
FaceForensics++_C23\NeuralTextures/975_978.mp4,304,303,1,0,1,True,1,[0],NeuralTextures,train,1
FaceForensics++_C23\NeuralTextures/976_954.mp4,328,324,4,1,3,True,4,"[0, 23, 37, 225]",NeuralTextures,train,1
FaceForensics++_C23\NeuralTextures/977_075.mp4,613,598,15,5,10,True,15,"[427, 429, 502, 501, 444, 500, 499, 100, 99, 121, 101, 120, 0, 122, 510]",NeuralTextures,train,1
FaceForensics++_C23\NeuralTextures/978_975.mp4,304,303,1,0,1,True,1,[0],NeuralTextures,train,1
FaceForensics++_C23\NeuralTextures/979_875.mp4,335,334,1,0,1,True,1,[0],NeuralTextures,val,1
FaceForensics++_C23\NeuralTextures/980_992.mp4,383,382,1,0,1,True,1,[0],NeuralTextures,val,1
FaceForensics++_C23\NeuralTextures/981_985.mp4,343,342,1,0,1,True,1,[0],NeuralTextures,train,1
FaceForensics++_C23\NeuralTextures/982_004.mp4,309,308,1,0,1,True,1,[0],NeuralTextures,val,1
FaceForensics++_C23\NeuralTextures/983_113.mp4,406,405,1,0,1,True,1,[0],NeuralTextures,train,1
FaceForensics++_C23\NeuralTextures/984_967.mp4,339,338,1,0,1,True,1,[0],NeuralTextures,train,1
FaceForensics++_C23\NeuralTextures/985_981.mp4,343,341,2,1,1,True,2,"[0, 8]",NeuralTextures,train,1
FaceForensics++_C23\NeuralTextures/986_994.mp4,316,315,1,0,1,True,1,[0],NeuralTextures,train,1
FaceForensics++_C23\NeuralTextures/987_938.mp4,369,368,1,0,1,True,1,[0],NeuralTextures,train,1
FaceForensics++_C23\NeuralTextures/988_966.mp4,364,363,1,0,1,True,1,[0],NeuralTextures,train,1
FaceForensics++_C23\NeuralTextures/989_993.mp4,409,408,1,0,1,True,1,[0],NeuralTextures,train,1
FaceForensics++_C23\NeuralTextures/990_008.mp4,305,302,3,1,2,True,3,"[0, 174, 289]",NeuralTextures,train,1
FaceForensics++_C23\NeuralTextures/991_064.mp4,402,401,1,0,1,True,1,[0],NeuralTextures,val,1
FaceForensics++_C23\NeuralTextures/992_980.mp4,383,0,383,115,268,False,20,"[212, 215, 209, 328, 211, 221, 331, 193, 344, 222, 219, 214, 217, 382, 347, 225, 196, 379, 336, 350]",NeuralTextures,val,1
FaceForensics++_C23\NeuralTextures/993_989.mp4,409,408,1,0,1,True,1,[0],NeuralTextures,train,1
FaceForensics++_C23\NeuralTextures/994_986.mp4,316,306,10,3,7,True,10,"[144, 57, 253, 299, 146, 143, 92, 139, 140, 0]",NeuralTextures,train,1
FaceForensics++_C23\NeuralTextures/995_233.mp4,548,547,1,0,1,True,1,[0],NeuralTextures,test,1
FaceForensics++_C23\NeuralTextures/996_056.mp4,312,309,3,1,2,True,3,"[246, 0, 291]",NeuralTextures,train,1
FaceForensics++_C23\NeuralTextures/997_040.mp4,438,436,2,1,1,True,2,"[0, 118]",NeuralTextures,train,1
FaceForensics++_C23\NeuralTextures/998_561.mp4,344,343,1,0,1,True,1,[0],NeuralTextures,train,1
FaceForensics++_C23\NeuralTextures/999_960.mp4,335,334,1,0,1,True,1,[0],NeuralTextures,train,1
FaceForensics++_C23\original/002.mp4,693,691,2,1,1,True,2,"[82, 0]",original,train,0
FaceForensics++_C23\original/003.mp4,303,302,1,0,1,True,1,[0],original,test,0
FaceForensics++_C23\original/004.mp4,309,305,4,1,3,True,4,"[0, 126, 30, 238]",original,val,0
FaceForensics++_C23\original/005.mp4,385,283,102,31,71,False,20,"[311, 363, 365, 366, 378, 303, 380, 360, 369, 310, 376, 364, 358, 372, 357, 375, 362, 321, 250, 368]",original,train,0
FaceForensics++_C23\original/006.mp4,310,309,1,0,1,True,1,[0],original,train,0
FaceForensics++_C23\original/007.mp4,505,503,2,1,1,True,2,"[34, 0]",original,train,0
FaceForensics++_C23\original/008.mp4,637,636,1,0,1,True,1,[0],original,train,0
FaceForensics++_C23\original/009.mp4,588,585,3,1,2,True,3,"[0, 586, 587]",original,train,0
FaceForensics++_C23\original/010.mp4,474,472,2,1,1,True,2,"[373, 0]",original,train,0
FaceForensics++_C23\original/011.mp4,632,626,6,2,4,True,6,"[134, 215, 0, 120, 135, 488]",original,train,0
FaceForensics++_C23\original/012.mp4,363,351,12,4,8,True,12,"[34, 3, 7, 11, 8, 13, 4, 12, 5, 15, 16, 0]",original,test,0
FaceForensics++_C23\original/013.mp4,332,320,12,4,8,True,12,"[0, 239, 238, 237, 236, 50, 47, 49, 45, 235, 48, 46]",original,train,0
FaceForensics++_C23\original/014.mp4,676,0,676,203,473,False,20,"[141, 140, 120, 128, 142, 122, 126, 121, 127, 112, 139, 119, 110, 136, 341, 100, 135, 118, 130, 134]",original,train,0
FaceForensics++_C23\original/015.mp4,437,434,3,1,2,True,3,"[0, 253, 233]",original,test,0
FaceForensics++_C23\original/016.mp4,678,676,2,1,1,True,2,"[0, 677]",original,train,0
FaceForensics++_C23\original/017.mp4,398,395,3,1,2,True,3,"[117, 0, 190]",original,train,0
FaceForensics++_C23\original/018.mp4,432,431,1,0,1,True,1,[0],original,train,0
FaceForensics++_C23\original/019.mp4,1385,1384,1,0,1,True,1,[0],original,train,0
FaceForensics++_C23\original/020.mp4,390,389,1,0,1,True,1,[0],original,train,0
FaceForensics++_C23\original/021.mp4,431,430,1,0,1,True,1,[0],original,train,0
FaceForensics++_C23\original/022.mp4,325,323,2,1,1,True,2,"[0, 324]",original,train,0
FaceForensics++_C23\original/023.mp4,553,475,78,24,54,False,20,"[0, 1, 2, 3, 457, 4, 472, 6, 433, 452, 427, 482, 462, 425, 8, 385, 548, 387, 467, 5]",original,val,0
FaceForensics++_C23\original/024.mp4,306,301,5,2,3,True,5,"[228, 225, 0, 227, 224]",original,test,0
FaceForensics++_C23\original/025.mp4,747,746,1,0,1,True,1,[0],original,train,0
FaceForensics++_C23\original/026.mp4,322,321,1,0,1,True,1,[0],original,test,0
FaceForensics++_C23\original/027.mp4,315,308,7,2,5,True,7,"[211, 0, 264, 270, 265, 263, 161]",original,train,0
FaceForensics++_C23\original/028.mp4,434,433,1,0,1,True,1,[0],original,train,0
FaceForensics++_C23\original/029.mp4,416,415,1,0,1,True,1,[0],original,test,0
FaceForensics++_C23\original/030.mp4,297,196,101,30,71,False,20,"[239, 238, 30, 237, 286, 39, 19, 20, 98, 10, 241, 277, 283, 247, 22, 151, 284, 99, 278, 282]",original,train,0
FaceForensics++_C23\original/031.mp4,482,481,1,0,1,True,1,[0],original,train,0
FaceForensics++_C23\original/032.mp4,310,287,23,7,16,True,20,"[108, 0, 296, 298, 299, 297, 300, 301, 302, 303, 246, 158, 157, 304, 159, 305, 306, 307, 243, 308]",original,train,0
FaceForensics++_C23\original/033.mp4,809,804,5,2,3,True,5,"[215, 485, 758, 0, 214]",original,train,0
FaceForensics++_C23\original/034.mp4,407,403,4,1,3,True,4,"[189, 328, 143, 0]",original,train,0
FaceForensics++_C23\original/035.mp4,423,422,1,0,1,True,1,[0],original,test,0
FaceForensics++_C23\original/036.mp4,337,317,20,6,14,True,20,"[302, 307, 292, 297, 317, 312, 336, 237, 232, 0, 227, 222, 151, 10, 30, 15, 35, 20, 146, 111]",original,test,0
FaceForensics++_C23\original/037.mp4,454,453,1,0,1,True,1,[0],original,train,0
FaceForensics++_C23\original/038.mp4,305,303,2,1,1,True,2,"[0, 294]",original,train,0
FaceForensics++_C23\original/039.mp4,609,606,3,1,2,True,3,"[0, 159, 156]",original,train,0
FaceForensics++_C23\original/040.mp4,548,545,3,1,2,True,3,"[422, 185, 0]",original,train,0
FaceForensics++_C23\original/041.mp4,349,348,1,0,1,True,1,[0],original,train,0
FaceForensics++_C23\original/042.mp4,338,305,33,10,23,False,20,"[0, 239, 240, 316, 303, 313, 241, 312, 101, 304, 325, 288, 100, 318, 311, 65, 317, 291, 262, 302]",original,val,0
FaceForensics++_C23\original/043.mp4,495,491,4,1,3,True,4,"[71, 72, 0, 73]",original,train,0
FaceForensics++_C23\original/044.mp4,335,329,6,2,4,True,6,"[174, 175, 176, 0, 236, 235]",original,test,0
FaceForensics++_C23\original/045.mp4,350,349,1,0,1,True,1,[0],original,train,0
FaceForensics++_C23\original/046.mp4,504,500,4,1,3,True,4,"[0, 501, 502, 503]",original,val,0
FaceForensics++_C23\original/047.mp4,319,317,2,1,1,True,2,"[0, 23]",original,test,0
FaceForensics++_C23\original/048.mp4,485,484,1,0,1,True,1,[0],original,test,0
FaceForensics++_C23\original/049.mp4,360,355,5,2,3,True,5,"[0, 355, 356, 354, 353]",original,train,0
FaceForensics++_C23\original/050.mp4,530,527,3,1,2,True,3,"[153, 0, 152]",original,train,0
FaceForensics++_C23\original/051.mp4,717,716,1,0,1,True,1,[0],original,train,0
FaceForensics++_C23\original/052.mp4,323,322,1,0,1,True,1,[0],original,train,0
FaceForensics++_C23\original/053.mp4,417,416,1,0,1,True,1,[0],original,train,0
FaceForensics++_C23\original/054.mp4,368,367,1,0,1,True,1,[0],original,train,0
FaceForensics++_C23\original/055.mp4,394,393,1,0,1,True,1,[0],original,train,0
FaceForensics++_C23\original/056.mp4,373,372,1,0,1,True,1,[0],original,train,0
FaceForensics++_C23\original/057.mp4,431,427,4,1,3,True,4,"[0, 1, 2, 43]",original,train,0
FaceForensics++_C23\original/058.mp4,669,668,1,0,1,True,1,[0],original,train,0
FaceForensics++_C23\original/059.mp4,721,720,1,0,1,True,1,[0],original,train,0
FaceForensics++_C23\original/060.mp4,844,206,638,192,446,False,20,"[531, 185, 556, 555, 353, 488, 208, 357, 354, 656, 181, 355, 358, 519, 623, 492, 606, 588, 356, 362]",original,train,0
FaceForensics++_C23\original/061.mp4,337,336,1,0,1,True,1,[0],original,train,0
FaceForensics++_C23\original/062.mp4,423,422,1,0,1,True,1,[0],original,train,0
FaceForensics++_C23\original/063.mp4,930,929,1,0,1,True,1,[0],original,train,0
FaceForensics++_C23\original/064.mp4,402,398,4,1,3,True,4,"[65, 60, 0, 10]",original,val,0
FaceForensics++_C23\original/065.mp4,442,434,8,3,5,True,8,"[150, 151, 155, 154, 152, 156, 153, 0]",original,train,0
FaceForensics++_C23\original/066.mp4,435,317,118,36,82,False,20,"[387, 384, 339, 386, 338, 350, 340, 383, 351, 336, 348, 335, 388, 341, 334, 396, 330, 248, 371, 333]",original,train,0
FaceForensics++_C23\original/067.mp4,538,537,1,0,1,True,1,[0],original,train,0
FaceForensics++_C23\original/068.mp4,401,389,12,4,8,True,12,"[171, 174, 173, 0, 172, 185, 186, 187, 184, 278, 276, 277]",original,train,0
FaceForensics++_C23\original/069.mp4,774,640,134,40,94,False,20,"[567, 566, 201, 200, 199, 569, 565, 302, 571, 572, 139, 108, 487, 103, 133, 290, 278, 573, 0, 296]",original,train,0
FaceForensics++_C23\original/070.mp4,367,342,25,8,17,True,20,"[0, 287, 277, 284, 268, 279, 288, 265, 264, 228, 276, 286, 261, 285, 283, 281, 269, 267, 278, 266]",original,train,0
FaceForensics++_C23\original/071.mp4,453,421,32,10,22,False,20,"[0, 206, 208, 340, 18, 234, 271, 266, 236, 274, 272, 290, 278, 235, 284, 151, 178, 176, 175, 148]",original,train,0
FaceForensics++_C23\original/072.mp4,311,307,4,1,3,True,4,"[0, 225, 226, 227]",original,train,0
FaceForensics++_C23\original/073.mp4,703,702,1,0,1,True,1,[0],original,test,0
FaceForensics++_C23\original/074.mp4,345,344,1,0,1,True,1,[0],original,train,0
FaceForensics++_C23\original/075.mp4,613,564,49,15,34,False,20,"[0, 2, 1, 44, 279, 43, 36, 410, 411, 29, 412, 413, 32, 31, 415, 417, 30, 574, 414, 416]",original,train,0
FaceForensics++_C23\original/076.mp4,329,328,1,0,1,True,1,[0],original,train,0
FaceForensics++_C23\original/077.mp4,611,610,1,0,1,True,1,[0],original,train,0
FaceForensics++_C23\original/078.mp4,523,522,1,0,1,True,1,[0],original,test,0
FaceForensics++_C23\original/079.mp4,424,423,1,0,1,True,1,[0],original,train,0
FaceForensics++_C23\original/080.mp4,483,482,1,0,1,True,1,[0],original,train,0
FaceForensics++_C23\original/081.mp4,1170,1165,5,2,3,True,5,"[0, 198, 82, 1027, 1162]",original,train,0
FaceForensics++_C23\original/082.mp4,316,315,1,0,1,True,1,[0],original,train,0
FaceForensics++_C23\original/083.mp4,545,544,1,0,1,True,1,[0],original,train,0
FaceForensics++_C23\original/084.mp4,375,374,1,0,1,True,1,[0],original,val,0
FaceForensics++_C23\original/085.mp4,329,328,1,0,1,True,1,[0],original,train,0
FaceForensics++_C23\original/086.mp4,935,934,1,0,1,True,1,[0],original,train,0
FaceForensics++_C23\original/087.mp4,309,308,1,0,1,True,1,[0],original,train,0
FaceForensics++_C23\original/088.mp4,665,618,47,14,33,False,20,"[121, 232, 212, 122, 123, 120, 215, 125, 126, 217, 192, 453, 327, 457, 45, 127, 133, 235, 86, 237]",original,train,0
FaceForensics++_C23\original/089.mp4,751,750,1,0,1,True,1,[0],original,train,0
FaceForensics++_C23\original/090.mp4,687,569,118,36,82,False,20,"[58, 208, 291, 232, 209, 289, 124, 133, 77, 287, 74, 171, 148, 227, 48, 262, 658, 677, 373, 129]",original,train,0
FaceForensics++_C23\original/091.mp4,639,635,4,1,3,True,4,"[0, 31, 542, 465]",original,val,0
FaceForensics++_C23\original/092.mp4,460,459,1,0,1,True,1,[0],original,train,0
FaceForensics++_C23\original/093.mp4,308,307,1,0,1,True,1,[0],original,train,0
FaceForensics++_C23\original/094.mp4,559,558,1,0,1,True,1,[0],original,train,0
FaceForensics++_C23\original/095.mp4,1006,1005,1,0,1,True,1,[0],original,train,0
FaceForensics++_C23\original/096.mp4,504,503,1,0,1,True,1,[0],original,train,0
FaceForensics++_C23\original/097.mp4,478,472,6,2,4,True,6,"[29, 28, 27, 26, 0, 25]",original,train,0
FaceForensics++_C23\original/098.mp4,299,298,1,0,1,True,1,[0],original,train,0
FaceForensics++_C23\original/099.mp4,613,586,27,8,19,True,20,"[113, 151, 0, 152, 328, 326, 327, 524, 463, 521, 518, 527, 525, 424, 520, 496, 514, 519, 515, 423]",original,train,0
FaceForensics++_C23\original/100.mp4,423,422,1,0,1,True,1,[0],original,train,0
FaceForensics++_C23\original/101.mp4,1148,1147,1,0,1,True,1,[0],original,train,0
FaceForensics++_C23\original/102.mp4,389,388,1,0,1,True,1,[0],original,test,0
FaceForensics++_C23\original/103.mp4,595,589,6,2,4,True,6,"[0, 279, 275, 276, 277, 278]",original,train,0
FaceForensics++_C23\original/104.mp4,462,310,152,46,106,False,20,"[248, 250, 247, 363, 339, 338, 38, 340, 337, 333, 335, 244, 334, 246, 380, 420, 253, 341, 362, 347]",original,val,0
FaceForensics++_C23\original/105.mp4,300,267,33,10,23,False,20,"[38, 120, 0, 135, 138, 139, 140, 141, 142, 177, 237, 172, 260, 187, 278, 217, 197, 232, 167, 207]",original,train,0
FaceForensics++_C23\original/106.mp4,356,355,1,0,1,True,1,[0],original,val,0
FaceForensics++_C23\original/107.mp4,556,549,7,2,5,True,7,"[507, 509, 511, 506, 503, 504, 0]",original,train,0
FaceForensics++_C23\original/108.mp4,300,287,13,4,9,True,13,"[294, 295, 296, 297, 299, 298, 140, 115, 116, 110, 111, 112, 0]",original,train,0
FaceForensics++_C23\original/109.mp4,298,297,1,0,1,True,1,[0],original,train,0
FaceForensics++_C23\original/110.mp4,565,564,1,0,1,True,1,[0],original,train,0
FaceForensics++_C23\original/111.mp4,433,432,1,0,1,True,1,[0],original,train,0
FaceForensics++_C23\original/112.mp4,418,329,89,27,62,False,20,"[190, 366, 189, 264, 367, 191, 214, 216, 365, 217, 213, 283, 215, 285, 207, 192, 266, 332, 287, 282]",original,train,0
FaceForensics++_C23\original/113.mp4,841,837,4,1,3,True,4,"[747, 827, 14, 0]",original,train,0
FaceForensics++_C23\original/114.mp4,1269,1268,1,0,1,True,1,[0],original,test,0
FaceForensics++_C23\original/115.mp4,320,319,1,0,1,True,1,[0],original,val,0
FaceForensics++_C23\original/116.mp4,327,326,1,0,1,True,1,[0],original,val,0
FaceForensics++_C23\original/117.mp4,548,492,56,17,39,False,20,"[431, 424, 460, 432, 508, 423, 422, 451, 543, 429, 452, 506, 16, 12, 512, 82, 254, 430, 507, 286]",original,train,0
FaceForensics++_C23\original/118.mp4,352,346,6,2,4,True,6,"[0, 14, 15, 16, 139, 138]",original,train,0
FaceForensics++_C23\original/119.mp4,502,500,2,1,1,True,2,"[0, 501]",original,train,0
FaceForensics++_C23\original/120.mp4,405,404,1,0,1,True,1,[0],original,train,0
FaceForensics++_C23\original/121.mp4,553,550,3,1,2,True,3,"[0, 192, 307]",original,train,0
FaceForensics++_C23\original/122.mp4,309,290,19,6,13,True,19,"[293, 294, 246, 0, 238, 295, 247, 296, 248, 31, 32, 216, 215, 214, 212, 33, 213, 35, 34]",original,train,0
FaceForensics++_C23\original/123.mp4,514,513,1,0,1,True,1,[0],original,train,0
FaceForensics++_C23\original/124.mp4,318,292,26,8,18,True,20,"[165, 164, 17, 166, 167, 16, 15, 14, 25, 11, 0, 24, 12, 59, 44, 13, 51, 18, 47, 58]",original,train,0
FaceForensics++_C23\original/125.mp4,500,490,10,3,7,True,10,"[149, 150, 148, 299, 301, 300, 451, 452, 450, 0]",original,train,0
FaceForensics++_C23\original/126.mp4,328,266,62,19,43,False,20,"[69, 260, 257, 256, 94, 285, 2, 317, 130, 90, 254, 110, 108, 252, 113, 261, 318, 92, 19, 123]",original,val,0
FaceForensics++_C23\original/127.mp4,864,863,1,0,1,True,1,[0],original,train,0
FaceForensics++_C23\original/128.mp4,735,734,1,0,1,True,1,[0],original,test,0
FaceForensics++_C23\original/129.mp4,330,328,2,1,1,True,2,"[263, 0]",original,train,0
FaceForensics++_C23\original/130.mp4,662,598,64,19,45,False,20,"[84, 0, 572, 597, 436, 53, 657, 573, 574, 65, 658, 66, 438, 61, 64, 63, 54, 439, 434, 62]",original,train,0
FaceForensics++_C23\original/131.mp4,306,305,1,0,1,True,1,[0],original,train,0
FaceForensics++_C23\original/132.mp4,413,412,1,0,1,True,1,[0],original,train,0
FaceForensics++_C23\original/133.mp4,767,766,1,0,1,True,1,[0],original,train,0
FaceForensics++_C23\original/134.mp4,346,342,4,1,3,True,4,"[0, 228, 226, 227]",original,val,0
FaceForensics++_C23\original/135.mp4,327,326,1,0,1,True,1,[0],original,test,0
FaceForensics++_C23\original/136.mp4,611,609,2,1,1,True,2,"[0, 342]",original,train,0
FaceForensics++_C23\original/137.mp4,606,535,71,21,50,False,20,"[470, 467, 460, 296, 500, 472, 522, 527, 432, 335, 336, 250, 34, 557, 29, 381, 492, 433, 386, 301]",original,train,0
FaceForensics++_C23\original/138.mp4,410,409,1,0,1,True,1,[0],original,test,0
FaceForensics++_C23\original/139.mp4,378,377,1,0,1,True,1,[0],original,train,0
FaceForensics++_C23\original/140.mp4,485,434,51,15,36,False,20,"[391, 153, 151, 383, 148, 386, 149, 451, 152, 456, 390, 458, 147, 460, 476, 462, 150, 385, 450, 4]",original,train,0
FaceForensics++_C23\original/141.mp4,508,501,7,2,5,True,7,"[138, 0, 463, 392, 24, 20, 23]",original,test,0
FaceForensics++_C23\original/142.mp4,962,961,1,0,1,True,1,[0],original,test,0
FaceForensics++_C23\original/143.mp4,414,413,1,0,1,True,1,[0],original,train,0
FaceForensics++_C23\original/144.mp4,344,343,1,0,1,True,1,[0],original,train,0
FaceForensics++_C23\original/145.mp4,475,474,1,0,1,True,1,[0],original,val,0
FaceForensics++_C23\original/146.mp4,1003,974,29,9,20,False,20,"[3, 0, 7, 5, 52, 51, 109, 53, 97, 31, 117, 113, 111, 29, 115, 119, 57, 63, 54, 114]",original,train,0
FaceForensics++_C23\original/147.mp4,667,626,41,12,29,False,20,"[154, 488, 458, 403, 445, 114, 156, 108, 644, 120, 265, 78, 536, 638, 361, 168, 150, 180, 17, 385]",original,train,0
FaceForensics++_C23\original/148.mp4,475,474,1,0,1,True,1,[0],original,train,0
FaceForensics++_C23\original/149.mp4,363,362,1,0,1,True,1,[0],original,train,0
FaceForensics++_C23\original/150.mp4,456,454,2,1,1,True,2,"[0, 146]",original,train,0
FaceForensics++_C23\original/151.mp4,347,345,2,1,1,True,2,"[0, 20]",original,train,0
FaceForensics++_C23\original/152.mp4,313,312,1,0,1,True,1,[0],original,train,0
FaceForensics++_C23\original/153.mp4,732,725,7,2,5,True,7,"[574, 55, 54, 53, 0, 579, 581]",original,train,0
FaceForensics++_C23\original/154.mp4,594,582,12,4,8,True,12,"[338, 334, 332, 336, 327, 337, 322, 335, 333, 321, 320, 0]",original,test,0
FaceForensics++_C23\original/155.mp4,829,828,1,0,1,True,1,[0],original,train,0
FaceForensics++_C23\original/156.mp4,518,516,2,1,1,True,2,"[0, 106]",original,train,0
FaceForensics++_C23\original/157.mp4,486,485,1,0,1,True,1,[0],original,val,0
FaceForensics++_C23\original/158.mp4,444,443,1,0,1,True,1,[0],original,test,0
FaceForensics++_C23\original/159.mp4,325,318,7,2,5,True,7,"[0, 211, 56, 123, 57, 16, 25]",original,val,0
FaceForensics++_C23\original/160.mp4,534,528,6,2,4,True,6,"[0, 522, 531, 527, 526, 530]",original,train,0
FaceForensics++_C23\original/161.mp4,369,368,1,0,1,True,1,[0],original,test,0
FaceForensics++_C23\original/162.mp4,685,665,20,6,14,True,20,"[0, 168, 288, 213, 163, 164, 165, 167, 243, 210, 244, 162, 245, 212, 161, 211, 668, 250, 669, 670]",original,train,0
FaceForensics++_C23\original/163.mp4,304,303,1,0,1,True,1,[0],original,train,0
FaceForensics++_C23\original/164.mp4,1021,1016,5,2,3,True,5,"[0, 288, 787, 287, 785]",original,train,0
FaceForensics++_C23\original/165.mp4,387,386,1,0,1,True,1,[0],original,train,0
FaceForensics++_C23\original/166.mp4,756,755,1,0,1,True,1,[0],original,train,0
FaceForensics++_C23\original/167.mp4,341,340,1,0,1,True,1,[0],original,train,0
FaceForensics++_C23\original/168.mp4,1228,1227,1,0,1,True,1,[0],original,train,0
FaceForensics++_C23\original/169.mp4,649,648,1,0,1,True,1,[0],original,test,0
FaceForensics++_C23\original/170.mp4,504,479,25,8,17,True,20,"[265, 268, 266, 264, 267, 298, 263, 285, 277, 278, 299, 284, 280, 283, 279, 282, 281, 489, 300, 0]",original,test,0
FaceForensics++_C23\original/171.mp4,541,540,1,0,1,True,1,[0],original,train,0
FaceForensics++_C23\original/172.mp4,752,751,1,0,1,True,1,[0],original,train,0
FaceForensics++_C23\original/173.mp4,721,607,114,34,80,False,20,"[587, 544, 585, 583, 702, 586, 375, 701, 580, 376, 534, 535, 531, 533, 606, 622, 625, 624, 574, 607]",original,train,0
FaceForensics++_C23\original/174.mp4,414,412,2,1,1,True,2,"[200, 0]",original,train,0
FaceForensics++_C23\original/175.mp4,504,501,3,1,2,True,3,"[0, 121, 120]",original,val,0
FaceForensics++_C23\original/176.mp4,376,303,73,22,51,False,20,"[374, 153, 235, 178, 234, 236, 233, 145, 281, 350, 176, 179, 345, 356, 349, 351, 358, 175, 144, 278]",original,test,0
FaceForensics++_C23\original/177.mp4,410,388,22,7,15,True,20,"[2, 5, 1, 7, 6, 0, 8, 386, 352, 409, 351, 312, 310, 306, 318, 305, 319, 311, 309, 308]",original,train,0
FaceForensics++_C23\original/178.mp4,521,520,1,0,1,True,1,[0],original,train,0
FaceForensics++_C23\original/179.mp4,1260,1244,16,5,11,True,16,"[278, 464, 363, 249, 691, 302, 846, 390, 0, 230, 792, 770, 99, 204, 1023, 966]",original,train,0
FaceForensics++_C23\original/180.mp4,569,566,3,1,2,True,3,"[38, 307, 0]",original,train,0
FaceForensics++_C23\original/181.mp4,478,477,1,0,1,True,1,[0],original,train,0
FaceForensics++_C23\original/182.mp4,620,619,1,0,1,True,1,[0],original,train,0
FaceForensics++_C23\original/183.mp4,390,389,1,0,1,True,1,[0],original,train,0
FaceForensics++_C23\original/184.mp4,1254,1253,1,0,1,True,1,[0],original,train,0
FaceForensics++_C23\original/185.mp4,875,837,38,12,26,False,20,"[826, 781, 874, 869, 871, 779, 605, 0, 873, 866, 249, 824, 782, 825, 868, 872, 816, 253, 626, 664]",original,train,0
FaceForensics++_C23\original/186.mp4,334,333,1,0,1,True,1,[0],original,test,0
FaceForensics++_C23\original/187.mp4,986,832,154,46,108,False,20,"[841, 922, 750, 876, 436, 836, 717, 296, 437, 431, 719, 918, 920, 919, 926, 430, 287, 762, 455, 753]",original,train,0
FaceForensics++_C23\original/188.mp4,310,300,10,3,7,True,10,"[0, 307, 309, 308, 306, 305, 304, 303, 302, 301]",original,train,0
FaceForensics++_C23\original/189.mp4,512,506,6,2,4,True,6,"[88, 86, 87, 85, 0, 511]",original,train,0
FaceForensics++_C23\original/190.mp4,331,328,3,1,2,True,3,"[328, 150, 0]",original,test,0
FaceForensics++_C23\original/191.mp4,372,371,1,0,1,True,1,[0],original,train,0
FaceForensics++_C23\original/192.mp4,287,285,2,1,1,True,2,"[0, 286]",original,val,0
FaceForensics++_C23\original/193.mp4,372,370,2,1,1,True,2,"[1, 0]",original,train,0
FaceForensics++_C23\original/194.mp4,567,561,6,2,4,True,6,"[63, 60, 59, 0, 149, 150]",original,train,0
FaceForensics++_C23\original/195.mp4,333,332,1,0,1,True,1,[0],original,train,0
FaceForensics++_C23\original/196.mp4,426,425,1,0,1,True,1,[0],original,train,0
FaceForensics++_C23\original/197.mp4,880,879,1,0,1,True,1,[0],original,train,0
FaceForensics++_C23\original/198.mp4,392,391,1,0,1,True,1,[0],original,val,0
FaceForensics++_C23\original/199.mp4,368,367,1,0,1,True,1,[0],original,train,0
FaceForensics++_C23\original/200.mp4,719,685,34,10,24,False,20,"[250, 252, 254, 240, 251, 237, 236, 253, 354, 500, 84, 489, 504, 502, 490, 353, 351, 503, 501, 506]",original,train,0
FaceForensics++_C23\original/201.mp4,863,862,1,0,1,True,1,[0],original,train,0
FaceForensics++_C23\original/202.mp4,323,321,2,1,1,True,2,"[0, 322]",original,train,0
FaceForensics++_C23\original/203.mp4,446,393,53,16,37,False,20,"[153, 136, 140, 135, 141, 138, 139, 137, 258, 254, 259, 252, 255, 253, 173, 260, 251, 250, 261, 264]",original,train,0
FaceForensics++_C23\original/204.mp4,515,506,9,3,6,True,9,"[0, 333, 249, 184, 466, 509, 508, 185, 491]",original,train,0
FaceForensics++_C23\original/205.mp4,307,300,7,2,5,True,7,"[3, 4, 0, 2, 6, 1, 5]",original,train,0
FaceForensics++_C23\original/206.mp4,714,713,1,0,1,True,1,[0],original,train,0
FaceForensics++_C23\original/207.mp4,346,344,2,1,1,True,2,"[213, 0]",original,train,0
FaceForensics++_C23\original/208.mp4,465,463,2,1,1,True,2,"[119, 0]",original,train,0
FaceForensics++_C23\original/209.mp4,337,263,74,22,52,False,20,"[230, 236, 233, 242, 224, 239, 245, 227, 0, 221, 248, 229, 235, 120, 238, 260, 241, 232, 254, 244]",original,train,0
FaceForensics++_C23\original/210.mp4,839,832,7,2,5,True,7,"[0, 835, 838, 837, 250, 48, 247]",original,train,0
FaceForensics++_C23\original/211.mp4,527,526,1,0,1,True,1,[0],original,train,0
FaceForensics++_C23\original/212.mp4,415,412,3,1,2,True,3,"[265, 266, 0]",original,train,0
FaceForensics++_C23\original/213.mp4,378,371,7,2,5,True,7,"[0, 314, 318, 312, 310, 313, 354]",original,train,0
FaceForensics++_C23\original/214.mp4,462,457,5,2,3,True,5,"[0, 10, 11, 13, 12]",original,test,0
FaceForensics++_C23\original/215.mp4,588,587,1,0,1,True,1,[0],original,train,0
FaceForensics++_C23\original/216.mp4,476,474,2,1,1,True,2,"[411, 0]",original,train,0
FaceForensics++_C23\original/217.mp4,702,661,41,12,29,False,20,"[59, 31, 211, 38, 0, 35, 37, 99, 58, 36, 69, 70, 71, 193, 72, 194, 540, 198, 197, 195]",original,train,0
FaceForensics++_C23\original/218.mp4,353,352,1,0,1,True,1,[0],original,train,0
FaceForensics++_C23\original/219.mp4,350,339,11,3,8,True,11,"[269, 259, 267, 235, 237, 170, 0, 153, 152, 151, 150]",original,test,0
FaceForensics++_C23\original/220.mp4,357,354,3,1,2,True,3,"[0, 356, 355]",original,test,0
FaceForensics++_C23\original/221.mp4,718,717,1,0,1,True,1,[0],original,train,0
FaceForensics++_C23\original/222.mp4,407,402,5,2,3,True,5,"[0, 37, 36, 20, 131]",original,train,0
FaceForensics++_C23\original/223.mp4,336,335,1,0,1,True,1,[0],original,val,0
FaceForensics++_C23\original/224.mp4,488,487,1,0,1,True,1,[0],original,train,0
FaceForensics++_C23\original/225.mp4,304,303,1,0,1,True,1,[0],original,train,0
FaceForensics++_C23\original/226.mp4,328,321,7,2,5,True,7,"[17, 18, 0, 19, 327, 21, 20]",original,train,0
FaceForensics++_C23\original/227.mp4,441,439,2,1,1,True,2,"[230, 0]",original,test,0
FaceForensics++_C23\original/228.mp4,556,555,1,0,1,True,1,[0],original,train,0
FaceForensics++_C23\original/229.mp4,392,388,4,1,3,True,4,"[49, 48, 47, 0]",original,train,0
FaceForensics++_C23\original/230.mp4,372,370,2,1,1,True,2,"[0, 371]",original,train,0
FaceForensics++_C23\original/231.mp4,573,572,1,0,1,True,1,[0],original,train,0
FaceForensics++_C23\original/232.mp4,574,573,1,0,1,True,1,[0],original,train,0
FaceForensics++_C23\original/233.mp4,675,671,4,1,3,True,4,"[0, 51, 50, 39]",original,test,0
FaceForensics++_C23\original/234.mp4,528,527,1,0,1,True,1,[0],original,train,0
FaceForensics++_C23\original/235.mp4,312,264,48,15,33,False,20,"[262, 250, 282, 134, 281, 113, 283, 114, 286, 115, 288, 284, 285, 287, 58, 72, 60, 59, 76, 48]",original,train,0
FaceForensics++_C23\original/236.mp4,651,645,6,2,4,True,6,"[346, 510, 625, 225, 0, 170]",original,train,0
FaceForensics++_C23\original/237.mp4,757,756,1,0,1,True,1,[0],original,train,0
FaceForensics++_C23\original/238.mp4,622,621,1,0,1,True,1,[0],original,train,0
FaceForensics++_C23\original/239.mp4,588,582,6,2,4,True,6,"[0, 3, 5, 2, 6, 4]",original,train,0
FaceForensics++_C23\original/240.mp4,1274,1273,1,0,1,True,1,[0],original,train,0
FaceForensics++_C23\original/241.mp4,292,278,14,4,10,True,14,"[273, 277, 269, 274, 278, 272, 275, 271, 276, 270, 0, 266, 268, 267]",original,train,0
FaceForensics++_C23\original/242.mp4,331,330,1,0,1,True,1,[0],original,train,0
FaceForensics++_C23\original/243.mp4,387,375,12,4,8,True,12,"[76, 77, 75, 86, 100, 356, 35, 0, 71, 70, 69, 131]",original,train,0
FaceForensics++_C23\original/244.mp4,557,556,1,0,1,True,1,[0],original,train,0
FaceForensics++_C23\original/245.mp4,334,333,1,0,1,True,1,[0],original,val,0
FaceForensics++_C23\original/246.mp4,496,495,1,0,1,True,1,[0],original,train,0
FaceForensics++_C23\original/247.mp4,399,360,39,12,27,False,20,"[222, 203, 204, 208, 205, 220, 209, 223, 207, 206, 211, 224, 219, 221, 210, 250, 225, 252, 226, 253]",original,train,0
FaceForensics++_C23\original/248.mp4,496,494,2,1,1,True,2,"[0, 48]",original,train,0
FaceForensics++_C23\original/249.mp4,632,613,19,6,13,True,19,"[169, 0, 546, 554, 557, 549, 552, 558, 542, 544, 551, 548, 555, 545, 627, 541, 539, 629, 630]",original,test,0
FaceForensics++_C23\original/250.mp4,564,563,1,0,1,True,1,[0],original,train,0
FaceForensics++_C23\original/251.mp4,346,345,1,0,1,True,1,[0],original,train,0
FaceForensics++_C23\original/252.mp4,572,521,51,15,36,False,20,"[306, 323, 325, 311, 324, 326, 327, 313, 305, 333, 328, 338, 339, 341, 340, 353, 342, 167, 428, 466]",original,train,0
FaceForensics++_C23\original/253.mp4,501,498,3,1,2,True,3,"[176, 0, 364]",original,train,0
FaceForensics++_C23\original/254.mp4,427,426,1,0,1,True,1,[0],original,val,0
FaceForensics++_C23\original/255.mp4,470,468,2,1,1,True,2,"[188, 0]",original,test,0
FaceForensics++_C23\original/256.mp4,546,528,18,6,12,True,18,"[465, 467, 463, 457, 507, 481, 505, 509, 479, 462, 459, 460, 458, 461, 456, 545, 455, 0]",original,train,0
FaceForensics++_C23\original/257.mp4,763,402,361,108,253,False,20,"[682, 721, 688, 719, 723, 686, 725, 720, 722, 724, 684, 690, 689, 699, 749, 713, 750, 683, 757, 685]",original,test,0
FaceForensics++_C23\original/258.mp4,498,355,143,43,100,False,20,"[150, 147, 146, 149, 13, 14, 165, 12, 164, 15, 176, 175, 178, 18, 16, 161, 162, 171, 0, 167]",original,train,0
FaceForensics++_C23\original/259.mp4,444,438,6,2,4,True,6,"[405, 288, 0, 157, 351, 222]",original,train,0
FaceForensics++_C23\original/260.mp4,302,301,1,0,1,True,1,[0],original,train,0
FaceForensics++_C23\original/261.mp4,677,675,2,1,1,True,2,"[676, 0]",original,val,0
FaceForensics++_C23\original/262.mp4,397,396,1,0,1,True,1,[0],original,train,0
FaceForensics++_C23\original/263.mp4,300,260,40,12,28,False,20,"[188, 176, 194, 174, 193, 195, 168, 150, 183, 192, 81, 196, 126, 180, 132, 128, 121, 123, 181, 116]",original,val,0
FaceForensics++_C23\original/264.mp4,455,453,2,1,1,True,2,"[454, 0]",original,train,0
FaceForensics++_C23\original/265.mp4,552,551,1,0,1,True,1,[0],original,train,0
FaceForensics++_C23\original/266.mp4,465,427,38,12,26,False,20,"[434, 429, 424, 419, 414, 409, 67, 404, 384, 87, 72, 378, 363, 399, 389, 82, 77, 66, 394, 63]",original,train,0
FaceForensics++_C23\original/267.mp4,306,305,1,0,1,True,1,[0],original,train,0
FaceForensics++_C23\original/268.mp4,1465,1457,8,3,5,True,8,"[694, 693, 362, 736, 735, 0, 253, 252]",original,train,0
FaceForensics++_C23\original/269.mp4,387,386,1,0,1,True,1,[0],original,train,0
FaceForensics++_C23\original/270.mp4,311,303,8,3,5,True,8,"[45, 151, 0, 147, 1, 150, 16, 17]",original,train,0
FaceForensics++_C23\original/271.mp4,490,488,2,1,1,True,2,"[137, 0]",original,train,0
FaceForensics++_C23\original/272.mp4,323,320,3,1,2,True,3,"[51, 242, 0]",original,train,0
FaceForensics++_C23\original/273.mp4,322,317,5,2,3,True,5,"[0, 266, 265, 264, 263]",original,val,0
FaceForensics++_C23\original/274.mp4,474,473,1,0,1,True,1,[0],original,train,0
FaceForensics++_C23\original/275.mp4,424,384,40,12,28,False,20,"[404, 149, 406, 409, 154, 159, 305, 18, 144, 195, 389, 139, 112, 414, 13, 6, 411, 0, 117, 188]",original,train,0
FaceForensics++_C23\original/276.mp4,331,300,31,9,22,False,20,"[244, 314, 317, 316, 325, 310, 308, 234, 301, 318, 319, 303, 315, 0, 306, 323, 311, 330, 302, 305]",original,train,0
FaceForensics++_C23\original/277.mp4,966,958,8,3,5,True,8,"[407, 414, 415, 409, 413, 408, 412, 0]",original,train,0
FaceForensics++_C23\original/278.mp4,449,448,1,0,1,True,1,[0],original,test,0
FaceForensics++_C23\original/279.mp4,906,902,4,1,3,True,4,"[0, 1, 13, 14]",original,train,0
FaceForensics++_C23\original/280.mp4,606,605,1,0,1,True,1,[0],original,test,0
FaceForensics++_C23\original/281.mp4,309,308,1,0,1,True,1,[0],original,train,0
FaceForensics++_C23\original/282.mp4,594,593,1,0,1,True,1,[0],original,train,0
FaceForensics++_C23\original/283.mp4,966,965,1,0,1,True,1,[0],original,train,0
FaceForensics++_C23\original/284.mp4,483,433,50,15,35,False,20,"[114, 112, 113, 42, 119, 120, 63, 1, 246, 62, 65, 220, 0, 2, 3, 64, 61, 66, 430, 228]",original,val,0
FaceForensics++_C23\original/285.mp4,383,382,1,0,1,True,1,[0],original,train,0
FaceForensics++_C23\original/286.mp4,668,667,1,0,1,True,1,[0],original,train,0
FaceForensics++_C23\original/287.mp4,475,440,35,11,24,False,20,"[0, 72, 73, 74, 436, 75, 76, 44, 45, 354, 374, 355, 375, 376, 377, 226, 380, 381, 382, 383]",original,train,0
FaceForensics++_C23\original/288.mp4,543,542,1,0,1,True,1,[0],original,test,0
FaceForensics++_C23\original/289.mp4,597,596,1,0,1,True,1,[0],original,train,0
FaceForensics++_C23\original/290.mp4,422,412,10,3,7,True,10,"[0, 136, 153, 25, 39, 41, 24, 40, 22, 23]",original,train,0
FaceForensics++_C23\original/291.mp4,330,327,3,1,2,True,3,"[0, 58, 59]",original,train,0
FaceForensics++_C23\original/292.mp4,425,424,1,0,1,True,1,[0],original,train,0
FaceForensics++_C23\original/293.mp4,758,742,16,5,11,True,16,"[209, 210, 141, 211, 140, 139, 137, 124, 128, 125, 129, 0, 131, 127, 126, 130]",original,train,0
FaceForensics++_C23\original/294.mp4,604,603,1,0,1,True,1,[0],original,train,0
FaceForensics++_C23\original/295.mp4,411,410,1,0,1,True,1,[0],original,train,0
FaceForensics++_C23\original/296.mp4,336,335,1,0,1,True,1,[0],original,train,0
FaceForensics++_C23\original/297.mp4,390,389,1,0,1,True,1,[0],original,train,0
FaceForensics++_C23\original/298.mp4,569,567,2,1,1,True,2,"[0, 568]",original,train,0
FaceForensics++_C23\original/299.mp4,314,309,5,2,3,True,5,"[0, 117, 116, 203, 198]",original,val,0
FaceForensics++_C23\original/300.mp4,598,594,4,1,3,True,4,"[61, 63, 398, 0]",original,train,0
FaceForensics++_C23\original/301.mp4,763,753,10,3,7,True,10,"[101, 65, 272, 554, 0, 17, 267, 207, 666, 123]",original,train,0
FaceForensics++_C23\original/302.mp4,875,874,1,0,1,True,1,[0],original,train,0
FaceForensics++_C23\original/303.mp4,571,569,2,1,1,True,2,"[0, 290]",original,train,0
FaceForensics++_C23\original/304.mp4,610,609,1,0,1,True,1,[0],original,train,0
FaceForensics++_C23\original/305.mp4,843,842,1,0,1,True,1,[0],original,train,0
FaceForensics++_C23\original/306.mp4,728,727,1,0,1,True,1,[0],original,test,0
FaceForensics++_C23\original/307.mp4,378,377,1,0,1,True,1,[0],original,train,0
FaceForensics++_C23\original/308.mp4,502,500,2,1,1,True,2,"[0, 350]",original,test,0
FaceForensics++_C23\original/309.mp4,850,849,1,0,1,True,1,[0],original,train,0
FaceForensics++_C23\original/310.mp4,375,374,1,0,1,True,1,[0],original,train,0
FaceForensics++_C23\original/311.mp4,368,367,1,0,1,True,1,[0],original,train,0
FaceForensics++_C23\original/312.mp4,428,426,2,1,1,True,2,"[287, 0]",original,train,0
FaceForensics++_C23\original/313.mp4,481,477,4,1,3,True,4,"[0, 10, 11, 12]",original,train,0
FaceForensics++_C23\original/314.mp4,413,412,1,0,1,True,1,[0],original,test,0
FaceForensics++_C23\original/315.mp4,304,296,8,3,5,True,8,"[294, 289, 0, 295, 114, 113, 288, 112]",original,train,0
FaceForensics++_C23\original/316.mp4,566,565,1,0,1,True,1,[0],original,val,0
FaceForensics++_C23\original/317.mp4,682,681,1,0,1,True,1,[0],original,train,0
FaceForensics++_C23\original/318.mp4,475,473,2,1,1,True,2,"[0, 474]",original,train,0
FaceForensics++_C23\original/319.mp4,717,716,1,0,1,True,1,[0],original,test,0
FaceForensics++_C23\original/320.mp4,504,480,24,7,17,True,20,"[331, 265, 470, 460, 472, 412, 469, 408, 291, 352, 409, 358, 442, 346, 267, 7, 56, 340, 55, 285]",original,train,0
FaceForensics++_C23\original/321.mp4,567,566,1,0,1,True,1,[0],original,test,0
FaceForensics++_C23\original/322.mp4,313,312,1,0,1,True,1,[0],original,train,0
FaceForensics++_C23\original/323.mp4,456,455,1,0,1,True,1,[0],original,train,0
FaceForensics++_C23\original/324.mp4,1249,1217,32,10,22,False,20,"[878, 1231, 0, 316, 1040, 319, 1041, 1048, 1044, 332, 1043, 318, 334, 1155, 1039, 1046, 333, 331, 1042, 320]",original,train,0
FaceForensics++_C23\original/325.mp4,1421,1281,140,42,98,False,20,"[814, 813, 595, 594, 322, 319, 325, 327, 962, 329, 328, 310, 1069, 331, 330, 681, 961, 241, 242, 357]",original,val,0
FaceForensics++_C23\original/326.mp4,914,912,2,1,1,True,2,"[163, 0]",original,train,0
FaceForensics++_C23\original/327.mp4,495,489,6,2,4,True,6,"[0, 277, 143, 275, 140, 417]",original,train,0
FaceForensics++_C23\original/328.mp4,319,315,4,1,3,True,4,"[147, 148, 149, 0]",original,train,0
FaceForensics++_C23\original/329.mp4,415,414,1,0,1,True,1,[0],original,train,0
FaceForensics++_C23\original/330.mp4,407,399,8,3,5,True,8,"[0, 350, 349, 402, 403, 405, 404, 406]",original,train,0
FaceForensics++_C23\original/331.mp4,469,468,1,0,1,True,1,[0],original,train,0
FaceForensics++_C23\original/332.mp4,695,502,193,58,135,False,20,"[0, 412, 628, 461, 311, 322, 320, 321, 316, 312, 317, 313, 314, 318, 323, 319, 566, 315, 324, 219]",original,train,0
FaceForensics++_C23\original/333.mp4,429,426,3,1,2,True,3,"[0, 427, 428]",original,train,0
FaceForensics++_C23\original/334.mp4,1339,1338,1,0,1,True,1,[0],original,train,0
FaceForensics++_C23\original/335.mp4,384,383,1,0,1,True,1,[0],original,train,0
FaceForensics++_C23\original/336.mp4,507,506,1,0,1,True,1,[0],original,train,0
FaceForensics++_C23\original/337.mp4,331,324,7,2,5,True,7,"[0, 4, 136, 39, 311, 34, 49]",original,train,0
FaceForensics++_C23\original/338.mp4,889,888,1,0,1,True,1,[0],original,train,0
FaceForensics++_C23\original/339.mp4,457,454,3,1,2,True,3,"[373, 0, 372]",original,train,0
FaceForensics++_C23\original/340.mp4,293,291,2,2,0,True,2,"[292, 0]",original,train,0
FaceForensics++_C23\original/341.mp4,827,783,44,13,31,False,20,"[0, 52, 53, 826, 51, 512, 750, 496, 42, 41, 709, 710, 755, 753, 40, 38, 711, 754, 756, 688]",original,train,0
FaceForensics++_C23\original/342.mp4,302,301,1,0,1,True,1,[0],original,val,0
FaceForensics++_C23\original/343.mp4,299,298,1,0,1,True,1,[0],original,train,0
FaceForensics++_C23\original/344.mp4,631,630,1,0,1,True,1,[0],original,train,0
FaceForensics++_C23\original/345.mp4,423,422,1,0,1,True,1,[0],original,train,0
FaceForensics++_C23\original/346.mp4,615,614,1,0,1,True,1,[0],original,train,0
FaceForensics++_C23\original/347.mp4,458,457,1,0,1,True,1,[0],original,test,0
FaceForensics++_C23\original/348.mp4,414,413,1,0,1,True,1,[0],original,train,0
FaceForensics++_C23\original/349.mp4,471,470,1,0,1,True,1,[0],original,val,0
FaceForensics++_C23\original/350.mp4,405,404,1,0,1,True,1,[0],original,val,0
FaceForensics++_C23\original/351.mp4,684,683,1,0,1,True,1,[0],original,train,0
FaceForensics++_C23\original/352.mp4,421,419,2,1,1,True,2,"[151, 0]",original,test,0
FaceForensics++_C23\original/353.mp4,358,357,1,0,1,True,1,[0],original,train,0
FaceForensics++_C23\original/354.mp4,460,459,1,0,1,True,1,[0],original,val,0
FaceForensics++_C23\original/355.mp4,499,485,14,4,10,True,14,"[449, 0, 39, 37, 38, 33, 36, 35, 28, 30, 32, 27, 29, 26]",original,train,0
FaceForensics++_C23\original/356.mp4,558,524,34,10,24,False,20,"[233, 232, 463, 0, 205, 204, 203, 201, 202, 256, 200, 198, 199, 197, 193, 206, 191, 192, 190, 83]",original,train,0
FaceForensics++_C23\original/357.mp4,346,345,1,0,1,True,1,[0],original,train,0
FaceForensics++_C23\original/358.mp4,534,533,1,0,1,True,1,[0],original,test,0
FaceForensics++_C23\original/359.mp4,456,454,2,1,1,True,2,"[0, 224]",original,train,0
FaceForensics++_C23\original/360.mp4,385,372,13,4,9,True,13,"[355, 194, 339, 103, 102, 337, 338, 303, 0, 302, 301, 176, 177]",original,train,0
FaceForensics++_C23\original/361.mp4,455,414,41,12,29,False,20,"[0, 172, 166, 140, 170, 167, 171, 39, 37, 38, 36, 364, 443, 444, 445, 365, 446, 454, 448, 447]",original,train,0
FaceForensics++_C23\original/362.mp4,455,454,1,0,1,True,1,[0],original,val,0
FaceForensics++_C23\original/363.mp4,473,463,10,3,7,True,10,"[15, 132, 0, 341, 343, 344, 342, 340, 339, 345]",original,train,0
FaceForensics++_C23\original/364.mp4,648,647,1,0,1,True,1,[0],original,val,0
FaceForensics++_C23\original/365.mp4,369,368,1,0,1,True,1,[0],original,train,0
FaceForensics++_C23\original/366.mp4,404,397,7,2,5,True,7,"[50, 0, 370, 369, 403, 373, 371]",original,train,0
FaceForensics++_C23\original/367.mp4,649,648,1,0,1,True,1,[0],original,test,0
FaceForensics++_C23\original/368.mp4,761,758,3,1,2,True,3,"[0, 538, 541]",original,train,0
FaceForensics++_C23\original/369.mp4,320,319,1,0,1,True,1,[0],original,val,0
FaceForensics++_C23\original/370.mp4,396,371,25,8,17,True,20,"[0, 249, 250, 251, 252, 253, 254, 255, 277, 256, 276, 275, 274, 257, 273, 272, 258, 271, 270, 259]",original,val,0
FaceForensics++_C23\original/371.mp4,718,717,1,0,1,True,1,[0],original,test,0
FaceForensics++_C23\original/372.mp4,486,485,1,0,1,True,1,[0],original,train,0
FaceForensics++_C23\original/373.mp4,602,601,1,0,1,True,1,[0],original,train,0
FaceForensics++_C23\original/374.mp4,586,585,1,0,1,True,1,[0],original,train,0
FaceForensics++_C23\original/375.mp4,353,352,1,0,1,True,1,[0],original,train,0
FaceForensics++_C23\original/376.mp4,515,512,3,1,2,True,3,"[513, 0, 514]",original,test,0
FaceForensics++_C23\original/377.mp4,398,397,1,0,1,True,1,[0],original,train,0
FaceForensics++_C23\original/378.mp4,761,757,4,1,3,True,4,"[304, 699, 0, 529]",original,train,0
FaceForensics++_C23\original/379.mp4,341,319,22,7,15,True,20,"[47, 257, 259, 258, 198, 195, 196, 194, 55, 199, 260, 54, 53, 261, 0, 197, 50, 254, 262, 67]",original,test,0
FaceForensics++_C23\original/380.mp4,455,454,1,0,1,True,1,[0],original,test,0
FaceForensics++_C23\original/381.mp4,578,576,2,1,1,True,2,"[571, 0]",original,test,0
FaceForensics++_C23\original/382.mp4,313,312,1,0,1,True,1,[0],original,train,0
FaceForensics++_C23\original/383.mp4,465,464,1,0,1,True,1,[0],original,train,0
FaceForensics++_C23\original/384.mp4,462,461,1,0,1,True,1,[0],original,test,0
FaceForensics++_C23\original/385.mp4,349,326,23,7,16,True,20,"[348, 253, 254, 252, 0, 232, 251, 246, 247, 231, 248, 249, 230, 229, 255, 227, 256, 228, 257, 258]",original,train,0
FaceForensics++_C23\original/386.mp4,449,446,3,1,2,True,3,"[447, 448, 0]",original,test,0
FaceForensics++_C23\original/387.mp4,528,527,1,0,1,True,1,[0],original,train,0
FaceForensics++_C23\original/388.mp4,636,631,5,2,3,True,5,"[0, 69, 75, 74, 158]",original,test,0
FaceForensics++_C23\original/389.mp4,314,313,1,0,1,True,1,[0],original,test,0
FaceForensics++_C23\original/390.mp4,809,752,57,17,40,False,20,"[410, 422, 535, 742, 778, 657, 330, 650, 356, 599, 386, 357, 382, 603, 390, 539, 56, 611, 125, 121]",original,train,0
FaceForensics++_C23\original/391.mp4,547,546,1,0,1,True,1,[0],original,train,0
FaceForensics++_C23\original/392.mp4,1496,1490,6,2,4,True,6,"[284, 443, 0, 814, 815, 1495]",original,train,0
FaceForensics++_C23\original/393.mp4,579,578,1,0,1,True,1,[0],original,train,0
FaceForensics++_C23\original/394.mp4,420,419,1,0,1,True,1,[0],original,train,0
FaceForensics++_C23\original/395.mp4,448,446,2,1,1,True,2,"[0, 447]",original,train,0
FaceForensics++_C23\original/396.mp4,525,524,1,0,1,True,1,[0],original,train,0
FaceForensics++_C23\original/397.mp4,355,304,51,15,36,False,20,"[279, 0, 283, 281, 255, 282, 285, 81, 284, 287, 257, 169, 83, 256, 286, 98, 82, 46, 298, 65]",original,train,0
FaceForensics++_C23\original/398.mp4,582,581,1,0,1,True,1,[0],original,train,0
FaceForensics++_C23\original/399.mp4,862,861,1,0,1,True,1,[0],original,test,0
FaceForensics++_C23\original/400.mp4,357,356,1,0,1,True,1,[0],original,train,0
FaceForensics++_C23\original/401.mp4,492,491,1,0,1,True,1,[0],original,train,0
FaceForensics++_C23\original/402.mp4,423,401,22,7,15,True,20,"[132, 133, 300, 0, 127, 131, 51, 59, 66, 299, 55, 50, 129, 53, 60, 57, 128, 52, 54, 58]",original,val,0
FaceForensics++_C23\original/403.mp4,707,596,111,33,78,False,20,"[0, 5, 3, 533, 302, 414, 503, 265, 301, 318, 527, 300, 298, 203, 508, 90, 241, 506, 614, 526]",original,train,0
FaceForensics++_C23\original/404.mp4,798,515,283,85,198,False,20,"[267, 283, 287, 285, 173, 282, 284, 286, 6, 7, 4, 5, 3, 2, 711, 708, 0, 731, 1, 712]",original,test,0
FaceForensics++_C23\original/405.mp4,531,530,1,0,1,True,1,[0],original,train,0
FaceForensics++_C23\original/406.mp4,512,504,8,3,5,True,8,"[505, 0, 14, 17, 12, 13, 15, 16]",original,train,0
FaceForensics++_C23\original/407.mp4,504,503,1,0,1,True,1,[0],original,train,0
FaceForensics++_C23\original/408.mp4,306,166,140,42,98,False,20,"[48, 98, 71, 97, 72, 108, 78, 63, 73, 80, 75, 42, 81, 76, 83, 67, 53, 79, 99, 82]",original,train,0
FaceForensics++_C23\original/409.mp4,361,360,1,0,1,True,1,[0],original,train,0
FaceForensics++_C23\original/410.mp4,459,458,1,0,1,True,1,[0],original,train,0
FaceForensics++_C23\original/411.mp4,529,452,77,23,54,False,20,"[181, 179, 65, 177, 217, 216, 182, 178, 218, 183, 491, 475, 500, 222, 223, 227, 469, 0, 226, 225]",original,train,0
FaceForensics++_C23\original/412.mp4,572,570,2,1,1,True,2,"[571, 0]",original,train,0
FaceForensics++_C23\original/413.mp4,379,378,1,0,1,True,1,[0],original,train,0
FaceForensics++_C23\original/414.mp4,587,586,1,0,1,True,1,[0],original,train,0
FaceForensics++_C23\original/415.mp4,563,562,1,0,1,True,1,[0],original,train,0
FaceForensics++_C23\original/416.mp4,313,312,1,0,1,True,1,[0],original,val,0
FaceForensics++_C23\original/417.mp4,861,825,36,11,25,False,20,"[0, 3, 256, 4, 274, 14, 13, 255, 6, 595, 581, 5, 299, 624, 7, 305, 273, 306, 307, 584]",original,train,0
FaceForensics++_C23\original/418.mp4,319,318,1,0,1,True,1,[0],original,test,0
FaceForensics++_C23\original/419.mp4,487,486,1,0,1,True,1,[0],original,val,0
FaceForensics++_C23\original/420.mp4,1126,1121,5,2,3,True,5,"[535, 0, 561, 536, 562]",original,test,0
FaceForensics++_C23\original/421.mp4,1038,1037,1,0,1,True,1,[0],original,test,0
FaceForensics++_C23\original/422.mp4,316,263,53,16,37,False,20,"[191, 193, 169, 122, 189, 124, 190, 194, 192, 121, 123, 125, 14, 12, 6, 8, 43, 10, 11, 13]",original,test,0
FaceForensics++_C23\original/423.mp4,1814,1813,1,0,1,True,1,[0],original,test,0
FaceForensics++_C23\original/424.mp4,311,309,2,1,1,True,2,"[0, 10]",original,train,0
FaceForensics++_C23\original/425.mp4,336,333,3,1,2,True,3,"[334, 335, 0]",original,test,0
FaceForensics++_C23\original/426.mp4,335,295,40,12,28,False,20,"[0, 125, 307, 224, 89, 128, 95, 309, 91, 306, 100, 93, 127, 90, 225, 297, 94, 98, 232, 97]",original,train,0
FaceForensics++_C23\original/427.mp4,468,467,1,0,1,True,1,[0],original,train,0
FaceForensics++_C23\original/428.mp4,540,539,1,0,1,True,1,[0],original,train,0
FaceForensics++_C23\original/429.mp4,457,454,3,1,2,True,3,"[317, 0, 318]",original,test,0
FaceForensics++_C23\original/430.mp4,357,355,2,1,1,True,2,"[0, 162]",original,train,0
FaceForensics++_C23\original/431.mp4,616,615,1,0,1,True,1,[0],original,train,0
FaceForensics++_C23\original/432.mp4,360,359,1,0,1,True,1,[0],original,train,0
FaceForensics++_C23\original/433.mp4,532,531,1,0,1,True,1,[0],original,train,0
FaceForensics++_C23\original/434.mp4,337,336,1,0,1,True,1,[0],original,train,0
FaceForensics++_C23\original/435.mp4,476,463,13,4,9,True,13,"[111, 110, 22, 20, 21, 395, 18, 19, 17, 396, 16, 14, 0]",original,train,0
FaceForensics++_C23\original/436.mp4,518,475,43,13,30,False,20,"[497, 291, 339, 348, 351, 353, 317, 310, 331, 325, 319, 329, 333, 315, 320, 396, 311, 324, 314, 334]",original,train,0
FaceForensics++_C23\original/437.mp4,593,531,62,19,43,False,20,"[292, 505, 0, 529, 192, 367, 472, 196, 363, 504, 187, 176, 537, 189, 313, 180, 355, 531, 259, 547]",original,train,0
FaceForensics++_C23\original/438.mp4,542,541,1,0,1,True,1,[0],original,train,0
FaceForensics++_C23\original/439.mp4,462,460,2,1,1,True,2,"[174, 0]",original,train,0
FaceForensics++_C23\original/440.mp4,419,414,5,2,3,True,5,"[97, 76, 77, 98, 0]",original,val,0
FaceForensics++_C23\original/441.mp4,305,298,7,2,5,True,7,"[124, 53, 0, 63, 57, 67, 76]",original,train,0
FaceForensics++_C23\original/442.mp4,355,308,47,14,33,False,20,"[10, 9, 0, 1, 8, 4, 2, 11, 3, 7, 5, 6, 13, 19, 16, 22, 15, 20, 17, 14]",original,train,0
FaceForensics++_C23\original/443.mp4,1146,1145,1,0,1,True,1,[0],original,val,0
FaceForensics++_C23\original/444.mp4,437,436,1,0,1,True,1,[0],original,train,0
FaceForensics++_C23\original/445.mp4,1053,1052,1,0,1,True,1,[0],original,test,0
FaceForensics++_C23\original/446.mp4,423,414,9,3,6,True,9,"[1, 0, 359, 156, 155, 153, 154, 2, 220]",original,train,0
FaceForensics++_C23\original/447.mp4,326,325,1,0,1,True,1,[0],original,train,0
FaceForensics++_C23\original/448.mp4,528,527,1,0,1,True,1,[0],original,train,0
FaceForensics++_C23\original/449.mp4,306,304,2,2,0,True,2,"[305, 0]",original,train,0
FaceForensics++_C23\original/450.mp4,774,768,6,2,4,True,6,"[639, 0, 638, 637, 636, 635]",original,train,0
FaceForensics++_C23\original/451.mp4,383,382,1,0,1,True,1,[0],original,train,0
FaceForensics++_C23\original/452.mp4,606,605,1,0,1,True,1,[0],original,test,0
FaceForensics++_C23\original/453.mp4,645,643,2,1,1,True,2,"[186, 0]",original,val,0
FaceForensics++_C23\original/454.mp4,384,364,20,6,14,True,20,"[237, 236, 239, 238, 380, 381, 0, 382, 377, 376, 383, 374, 375, 368, 372, 370, 373, 369, 367, 366]",original,test,0
FaceForensics++_C23\original/455.mp4,370,154,216,65,151,False,20,"[0, 206, 219, 184, 282, 289, 281, 203, 14, 3, 355, 222, 205, 285, 212, 302, 12, 292, 295, 287]",original,val,0
FaceForensics++_C23\original/456.mp4,608,602,6,2,4,True,6,"[0, 322, 214, 90, 420, 502]",original,train,0
FaceForensics++_C23\original/457.mp4,528,526,2,1,1,True,2,"[192, 0]",original,train,0
FaceForensics++_C23\original/458.mp4,351,350,1,0,1,True,1,[0],original,train,0
FaceForensics++_C23\original/459.mp4,526,521,5,2,3,True,5,"[304, 302, 328, 303, 0]",original,train,0
FaceForensics++_C23\original/460.mp4,640,636,4,1,3,True,4,"[0, 603, 604, 605]",original,train,0
FaceForensics++_C23\original/461.mp4,612,610,2,1,1,True,2,"[611, 0]",original,train,0
FaceForensics++_C23\original/462.mp4,585,584,1,0,1,True,1,[0],original,test,0
FaceForensics++_C23\original/463.mp4,315,279,36,11,25,False,20,"[213, 203, 210, 201, 205, 204, 202, 82, 80, 211, 209, 216, 212, 208, 143, 207, 81, 272, 215, 214]",original,train,0
FaceForensics++_C23\original/464.mp4,404,402,2,1,1,True,2,"[0, 143]",original,train,0
FaceForensics++_C23\original/465.mp4,329,328,1,0,1,True,1,[0],original,val,0
FaceForensics++_C23\original/466.mp4,334,327,7,2,5,True,7,"[280, 283, 333, 332, 128, 0, 129]",original,train,0
FaceForensics++_C23\original/467.mp4,423,422,1,0,1,True,1,[0],original,test,0
FaceForensics++_C23\original/468.mp4,597,596,1,0,1,True,1,[0],original,val,0
FaceForensics++_C23\original/469.mp4,414,397,17,5,12,True,17,"[0, 44, 45, 386, 409, 330, 46, 327, 47, 328, 331, 51, 52, 388, 329, 35, 123]",original,train,0
FaceForensics++_C23\original/470.mp4,905,904,1,0,1,True,1,[0],original,val,0
FaceForensics++_C23\original/471.mp4,540,539,1,0,1,True,1,[0],original,val,0
FaceForensics++_C23\original/472.mp4,479,478,1,0,1,True,1,[0],original,val,0
FaceForensics++_C23\original/473.mp4,574,573,1,0,1,True,1,[0],original,train,0
FaceForensics++_C23\original/474.mp4,296,59,237,71,166,False,20,"[103, 105, 85, 83, 191, 113, 109, 88, 93, 193, 100, 107, 99, 104, 110, 90, 97, 179, 187, 169]",original,train,0
FaceForensics++_C23\original/475.mp4,337,332,5,2,3,True,5,"[50, 0, 19, 7, 20]",original,train,0
FaceForensics++_C23\original/476.mp4,310,237,73,22,51,False,20,"[115, 94, 89, 0, 120, 84, 119, 64, 113, 34, 114, 109, 91, 19, 289, 4, 253, 256, 255, 69]",original,train,0
FaceForensics++_C23\original/477.mp4,365,354,11,3,8,True,11,"[0, 320, 315, 23, 316, 321, 322, 318, 323, 319, 317]",original,train,0
FaceForensics++_C23\original/478.mp4,749,748,1,0,1,True,1,[0],original,train,0
FaceForensics++_C23\original/479.mp4,488,486,2,1,1,True,2,"[312, 0]",original,test,0
FaceForensics++_C23\original/480.mp4,485,484,1,0,1,True,1,[0],original,test,0
FaceForensics++_C23\original/481.mp4,414,400,14,4,10,True,14,"[0, 356, 355, 228, 227, 167, 51, 169, 49, 177, 168, 52, 50, 53]",original,train,0
FaceForensics++_C23\original/482.mp4,354,279,75,23,52,False,20,"[169, 333, 329, 168, 332, 211, 212, 336, 213, 214, 292, 334, 235, 290, 229, 291, 0, 335, 339, 230]",original,val,0
FaceForensics++_C23\original/483.mp4,375,374,1,0,1,True,1,[0],original,val,0
FaceForensics++_C23\original/484.mp4,319,318,1,0,1,True,1,[0],original,train,0
FaceForensics++_C23\original/485.mp4,803,802,1,0,1,True,1,[0],original,test,0
FaceForensics++_C23\original/486.mp4,564,563,1,0,1,True,1,[0],original,train,0
FaceForensics++_C23\original/487.mp4,319,318,1,0,1,True,1,[0],original,train,0
FaceForensics++_C23\original/488.mp4,518,510,8,3,5,True,8,"[64, 82, 514, 198, 144, 46, 205, 0]",original,test,0
FaceForensics++_C23\original/489.mp4,566,562,4,1,3,True,4,"[7, 3, 0, 1]",original,train,0
FaceForensics++_C23\original/490.mp4,635,634,1,0,1,True,1,[0],original,train,0
FaceForensics++_C23\original/491.mp4,427,426,1,0,1,True,1,[0],original,train,0
FaceForensics++_C23\original/492.mp4,347,346,1,0,1,True,1,[0],original,val,0
FaceForensics++_C23\original/493.mp4,395,392,3,1,2,True,3,"[387, 386, 0]",original,val,0
FaceForensics++_C23\original/494.mp4,802,801,1,0,1,True,1,[0],original,test,0
FaceForensics++_C23\original/495.mp4,573,571,2,1,1,True,2,"[0, 43]",original,train,0
FaceForensics++_C23\original/496.mp4,1496,1491,5,2,3,True,5,"[0, 1022, 882, 957, 1021]",original,train,0
FaceForensics++_C23\original/497.mp4,621,619,2,1,1,True,2,"[0, 145]",original,train,0
FaceForensics++_C23\original/498.mp4,317,316,1,0,1,True,1,[0],original,train,0
FaceForensics++_C23\original/499.mp4,514,509,5,2,3,True,5,"[302, 0, 38, 37, 36]",original,train,0
FaceForensics++_C23\original/500.mp4,292,291,1,0,1,True,1,[0],original,train,0
FaceForensics++_C23\original/501.mp4,522,521,1,0,1,True,1,[0],original,train,0
FaceForensics++_C23\original/502.mp4,317,315,2,1,1,True,2,"[36, 0]",original,train,0
FaceForensics++_C23\original/503.mp4,674,673,1,0,1,True,1,[0],original,train,0
FaceForensics++_C23\original/504.mp4,317,316,1,0,1,True,1,[0],original,train,0
FaceForensics++_C23\original/505.mp4,543,540,3,1,2,True,3,"[532, 0, 538]",original,train,0
FaceForensics++_C23\original/506.mp4,668,667,1,0,1,True,1,[0],original,train,0
FaceForensics++_C23\original/507.mp4,469,456,13,4,9,True,13,"[228, 227, 154, 278, 173, 174, 283, 153, 403, 280, 279, 409, 0]",original,test,0
FaceForensics++_C23\original/508.mp4,603,596,7,2,5,True,7,"[364, 362, 363, 590, 592, 589, 0]",original,train,0
FaceForensics++_C23\original/509.mp4,563,440,123,37,86,False,20,"[126, 128, 125, 116, 118, 122, 124, 127, 123, 138, 114, 146, 136, 144, 130, 166, 142, 120, 140, 121]",original,train,0
FaceForensics++_C23\original/510.mp4,340,252,88,27,61,False,20,"[0, 105, 104, 108, 107, 122, 60, 109, 84, 85, 112, 86, 315, 83, 88, 316, 307, 319, 317, 318]",original,train,0
FaceForensics++_C23\original/511.mp4,809,808,1,0,1,True,1,[0],original,val,0
FaceForensics++_C23\original/512.mp4,750,748,2,1,1,True,2,"[0, 146]",original,train,0
FaceForensics++_C23\original/513.mp4,494,488,6,2,4,True,6,"[0, 104, 102, 103, 105, 106]",original,train,0
FaceForensics++_C23\original/514.mp4,361,357,4,1,3,True,4,"[216, 0, 207, 179]",original,val,0
FaceForensics++_C23\original/515.mp4,766,765,1,0,1,True,1,[0],original,train,0
FaceForensics++_C23\original/516.mp4,354,352,2,1,1,True,2,"[0, 248]",original,train,0
FaceForensics++_C23\original/517.mp4,373,372,1,0,1,True,1,[0],original,test,0
FaceForensics++_C23\original/518.mp4,295,294,1,0,1,True,1,[0],original,train,0
FaceForensics++_C23\original/519.mp4,751,750,1,0,1,True,1,[0],original,train,0
FaceForensics++_C23\original/520.mp4,350,349,1,0,1,True,1,[0],original,train,0
FaceForensics++_C23\original/521.mp4,304,303,1,0,1,True,1,[0],original,test,0
FaceForensics++_C23\original/522.mp4,713,712,1,0,1,True,1,[0],original,train,0
FaceForensics++_C23\original/523.mp4,375,374,1,0,1,True,1,[0],original,train,0
FaceForensics++_C23\original/524.mp4,527,526,1,0,1,True,1,[0],original,train,0
FaceForensics++_C23\original/525.mp4,517,516,1,0,1,True,1,[0],original,train,0
FaceForensics++_C23\original/526.mp4,838,837,1,0,1,True,1,[0],original,train,0
FaceForensics++_C23\original/527.mp4,342,334,8,3,5,True,8,"[300, 301, 302, 284, 0, 303, 304, 18]",original,test,0
FaceForensics++_C23\original/528.mp4,377,336,41,12,29,False,20,"[114, 112, 217, 218, 224, 214, 223, 221, 222, 235, 225, 212, 236, 227, 237, 233, 230, 232, 238, 231]",original,train,0
FaceForensics++_C23\original/529.mp4,335,332,3,1,2,True,3,"[334, 10, 0]",original,test,0
FaceForensics++_C23\original/530.mp4,716,712,4,1,3,True,4,"[699, 201, 0, 436]",original,train,0
FaceForensics++_C23\original/531.mp4,319,313,6,2,4,True,6,"[1, 0, 36, 41, 46, 38]",original,train,0
FaceForensics++_C23\original/532.mp4,391,390,1,0,1,True,1,[0],original,train,0
FaceForensics++_C23\original/533.mp4,558,555,3,1,2,True,3,"[0, 536, 237]",original,train,0
FaceForensics++_C23\original/534.mp4,384,382,2,1,1,True,2,"[334, 0]",original,train,0
FaceForensics++_C23\original/535.mp4,667,664,3,1,2,True,3,"[664, 666, 0]",original,train,0
FaceForensics++_C23\original/536.mp4,603,602,1,0,1,True,1,[0],original,train,0
FaceForensics++_C23\original/537.mp4,385,383,2,1,1,True,2,"[0, 286]",original,train,0
FaceForensics++_C23\original/538.mp4,596,595,1,0,1,True,1,[0],original,val,0
FaceForensics++_C23\original/539.mp4,313,312,1,0,1,True,1,[0],original,train,0
FaceForensics++_C23\original/540.mp4,957,956,1,0,1,True,1,[0],original,train,0
FaceForensics++_C23\original/541.mp4,390,389,1,0,1,True,1,[0],original,train,0
FaceForensics++_C23\original/542.mp4,320,318,2,1,1,True,2,"[0, 319]",original,train,0
FaceForensics++_C23\original/543.mp4,718,713,5,2,3,True,5,"[46, 161, 160, 47, 0]",original,train,0
FaceForensics++_C23\original/544.mp4,355,352,3,1,2,True,3,"[0, 353, 354]",original,train,0
FaceForensics++_C23\original/545.mp4,436,432,4,1,3,True,4,"[0, 365, 364, 363]",original,train,0
FaceForensics++_C23\original/546.mp4,714,711,3,1,2,True,3,"[18, 522, 0]",original,train,0
FaceForensics++_C23\original/547.mp4,496,495,1,0,1,True,1,[0],original,train,0
FaceForensics++_C23\original/548.mp4,573,572,1,0,1,True,1,[0],original,val,0
FaceForensics++_C23\original/549.mp4,624,402,222,67,155,False,20,"[396, 398, 394, 542, 384, 529, 589, 541, 544, 539, 401, 561, 386, 533, 546, 551, 560, 559, 555, 557]",original,train,0
FaceForensics++_C23\original/550.mp4,444,441,3,1,2,True,3,"[0, 442, 443]",original,test,0
FaceForensics++_C23\original/551.mp4,727,726,1,0,1,True,1,[0],original,train,0
FaceForensics++_C23\original/552.mp4,303,300,3,1,2,True,3,"[302, 0, 234]",original,test,0
FaceForensics++_C23\original/553.mp4,364,363,1,0,1,True,1,[0],original,train,0
FaceForensics++_C23\original/554.mp4,828,827,1,0,1,True,1,[0],original,train,0
FaceForensics++_C23\original/555.mp4,572,571,1,0,1,True,1,[0],original,train,0
FaceForensics++_C23\original/556.mp4,372,371,1,0,1,True,1,[0],original,train,0
FaceForensics++_C23\original/557.mp4,509,506,3,1,2,True,3,"[444, 0, 445]",original,val,0
FaceForensics++_C23\original/558.mp4,535,464,71,21,50,False,20,"[8, 471, 9, 6, 7, 292, 4, 5, 250, 344, 3, 296, 75, 254, 0, 2, 251, 73, 348, 252]",original,val,0
FaceForensics++_C23\original/559.mp4,334,333,1,0,1,True,1,[0],original,train,0
FaceForensics++_C23\original/560.mp4,349,347,2,1,1,True,2,"[0, 276]",original,val,0
FaceForensics++_C23\original/561.mp4,416,415,1,0,1,True,1,[0],original,train,0
FaceForensics++_C23\original/562.mp4,467,463,4,1,3,True,4,"[38, 0, 39, 465]",original,train,0
FaceForensics++_C23\original/563.mp4,390,389,1,0,1,True,1,[0],original,train,0
FaceForensics++_C23\original/564.mp4,648,647,1,0,1,True,1,[0],original,val,0
FaceForensics++_C23\original/565.mp4,430,429,1,0,1,True,1,[0],original,val,0
FaceForensics++_C23\original/566.mp4,723,693,30,9,21,False,20,"[211, 574, 506, 55, 701, 649, 186, 705, 646, 666, 380, 449, 246, 471, 0, 277, 173, 158, 140, 155]",original,val,0
FaceForensics++_C23\original/567.mp4,340,339,1,0,1,True,1,[0],original,val,0
FaceForensics++_C23\original/568.mp4,570,569,1,0,1,True,1,[0],original,train,0
FaceForensics++_C23\original/569.mp4,335,334,1,0,1,True,1,[0],original,train,0
FaceForensics++_C23\original/570.mp4,430,429,1,0,1,True,1,[0],original,train,0
FaceForensics++_C23\original/571.mp4,576,575,1,0,1,True,1,[0],original,val,0
FaceForensics++_C23\original/572.mp4,347,345,2,1,1,True,2,"[24, 0]",original,train,0
FaceForensics++_C23\original/573.mp4,613,612,1,0,1,True,1,[0],original,train,0
FaceForensics++_C23\original/574.mp4,507,506,1,0,1,True,1,[0],original,train,0
FaceForensics++_C23\original/575.mp4,557,531,26,8,18,True,20,"[193, 194, 236, 192, 489, 309, 47, 310, 46, 41, 163, 488, 162, 40, 159, 161, 157, 518, 158, 45]",original,train,0
FaceForensics++_C23\original/576.mp4,461,438,23,7,16,True,20,"[0, 264, 261, 259, 260, 263, 262, 257, 265, 266, 258, 256, 272, 278, 268, 274, 267, 273, 270, 269]",original,train,0
FaceForensics++_C23\original/577.mp4,344,343,1,0,1,True,1,[0],original,train,0
FaceForensics++_C23\original/578.mp4,564,559,5,2,3,True,5,"[0, 344, 345, 346, 347]",original,train,0
FaceForensics++_C23\original/579.mp4,476,475,1,0,1,True,1,[0],original,test,0
FaceForensics++_C23\original/580.mp4,292,291,1,0,1,True,1,[0],original,train,0
FaceForensics++_C23\original/581.mp4,382,381,1,0,1,True,1,[0],original,train,0
FaceForensics++_C23\original/582.mp4,431,342,89,27,62,False,20,"[215, 253, 200, 201, 250, 203, 199, 248, 197, 179, 0, 2, 210, 329, 269, 205, 191, 4, 246, 185]",original,train,0
FaceForensics++_C23\original/583.mp4,475,474,1,0,1,True,1,[0],original,val,0
FaceForensics++_C23\original/584.mp4,475,474,1,0,1,True,1,[0],original,val,0
FaceForensics++_C23\original/585.mp4,359,358,1,0,1,True,1,[0],original,val,0
FaceForensics++_C23\original/586.mp4,379,376,3,1,2,True,3,"[0, 312, 106]",original,val,0
FaceForensics++_C23\original/587.mp4,626,623,3,1,2,True,3,"[0, 624, 625]",original,train,0
FaceForensics++_C23\original/588.mp4,544,543,1,0,1,True,1,[0],original,train,0
FaceForensics++_C23\original/589.mp4,686,683,3,1,2,True,3,"[71, 0, 66]",original,val,0
FaceForensics++_C23\original/590.mp4,600,597,3,1,2,True,3,"[245, 244, 0]",original,train,0
FaceForensics++_C23\original/591.mp4,541,533,8,3,5,True,8,"[0, 174, 173, 30, 27, 26, 28, 29]",original,train,0
FaceForensics++_C23\original/592.mp4,383,380,3,1,2,True,3,"[0, 381, 382]",original,train,0
FaceForensics++_C23\original/593.mp4,535,534,1,0,1,True,1,[0],original,train,0
FaceForensics++_C23\original/594.mp4,294,293,1,0,1,True,1,[0],original,train,0
FaceForensics++_C23\original/595.mp4,565,564,1,0,1,True,1,[0],original,val,0
FaceForensics++_C23\original/596.mp4,557,556,1,0,1,True,1,[0],original,train,0
FaceForensics++_C23\original/597.mp4,297,296,1,0,1,True,1,[0],original,val,0
FaceForensics++_C23\original/598.mp4,686,685,1,0,1,True,1,[0],original,train,0
FaceForensics++_C23\original/599.mp4,398,390,8,3,5,True,8,"[143, 142, 396, 0, 395, 350, 349, 348]",original,val,0
FaceForensics++_C23\original/600.mp4,388,387,1,0,1,True,1,[0],original,train,0
FaceForensics++_C23\original/601.mp4,364,363,1,0,1,True,1,[0],original,train,0
FaceForensics++_C23\original/602.mp4,667,666,1,0,1,True,1,[0],original,train,0
FaceForensics++_C23\original/603.mp4,296,295,1,0,1,True,1,[0],original,train,0
FaceForensics++_C23\original/604.mp4,825,824,1,0,1,True,1,[0],original,train,0
FaceForensics++_C23\original/605.mp4,664,663,1,0,1,True,1,[0],original,train,0
FaceForensics++_C23\original/606.mp4,387,386,1,0,1,True,1,[0],original,val,0
FaceForensics++_C23\original/607.mp4,454,453,1,0,1,True,1,[0],original,test,0
FaceForensics++_C23\original/608.mp4,1205,1204,1,0,1,True,1,[0],original,test,0
FaceForensics++_C23\original/609.mp4,489,371,118,36,82,False,20,"[164, 168, 166, 209, 206, 165, 211, 167, 203, 210, 207, 190, 208, 205, 201, 192, 204, 213, 199, 188]",original,train,0
FaceForensics++_C23\original/610.mp4,394,391,3,1,2,True,3,"[172, 0, 250]",original,train,0
FaceForensics++_C23\original/611.mp4,645,642,3,1,2,True,3,"[0, 532, 389]",original,train,0
FaceForensics++_C23\original/612.mp4,420,418,2,1,1,True,2,"[0, 324]",original,val,0
FaceForensics++_C23\original/613.mp4,415,414,1,0,1,True,1,[0],original,train,0
FaceForensics++_C23\original/614.mp4,507,504,3,1,2,True,3,"[505, 506, 0]",original,train,0
FaceForensics++_C23\original/615.mp4,452,451,1,0,1,True,1,[0],original,train,0
FaceForensics++_C23\original/616.mp4,663,639,24,7,17,True,20,"[25, 24, 26, 23, 28, 27, 30, 29, 31, 34, 32, 33, 662, 35, 37, 661, 36, 657, 21, 20]",original,train,0
FaceForensics++_C23\original/617.mp4,312,311,1,0,1,True,1,[0],original,val,0
FaceForensics++_C23\original/618.mp4,382,381,1,0,1,True,1,[0],original,train,0
FaceForensics++_C23\original/619.mp4,305,304,1,0,1,True,1,[0],original,train,0
FaceForensics++_C23\original/620.mp4,628,627,1,0,1,True,1,[0],original,train,0
FaceForensics++_C23\original/621.mp4,370,367,3,1,2,True,3,"[289, 0, 288]",original,train,0
FaceForensics++_C23\original/622.mp4,371,370,1,0,1,True,1,[0],original,val,0
FaceForensics++_C23\original/623.mp4,352,351,1,0,1,True,1,[0],original,test,0
FaceForensics++_C23\original/624.mp4,350,306,44,13,31,False,20,"[106, 202, 198, 204, 173, 175, 206, 176, 200, 171, 196, 201, 172, 141, 246, 205, 237, 321, 223, 174]",original,train,0
FaceForensics++_C23\original/625.mp4,332,326,6,2,4,True,6,"[195, 185, 54, 51, 43, 0]",original,test,0
FaceForensics++_C23\original/626.mp4,975,974,1,0,1,True,1,[0],original,train,0
FaceForensics++_C23\original/627.mp4,374,373,1,0,1,True,1,[0],original,train,0
FaceForensics++_C23\original/628.mp4,895,894,1,0,1,True,1,[0],original,train,0
FaceForensics++_C23\original/629.mp4,990,968,22,8,14,True,20,"[119, 786, 706, 48, 52, 289, 0, 39, 316, 318, 329, 328, 327, 357, 319, 320, 321, 322, 326, 325]",original,train,0
FaceForensics++_C23\original/630.mp4,423,353,70,21,49,False,20,"[262, 266, 307, 231, 261, 302, 267, 337, 312, 297, 263, 265, 264, 269, 296, 226, 275, 271, 272, 259]",original,test,0
FaceForensics++_C23\original/631.mp4,424,423,1,0,1,True,1,[0],original,train,0
FaceForensics++_C23\original/632.mp4,427,423,4,1,3,True,4,"[423, 424, 426, 0]",original,val,0
FaceForensics++_C23\original/633.mp4,512,511,1,0,1,True,1,[0],original,test,0
FaceForensics++_C23\original/634.mp4,338,337,1,0,1,True,1,[0],original,test,0
FaceForensics++_C23\original/635.mp4,764,763,1,0,1,True,1,[0],original,train,0
FaceForensics++_C23\original/636.mp4,335,321,14,4,10,True,14,"[199, 297, 93, 0, 47, 51, 33, 26, 8, 11, 10, 16, 2, 3]",original,train,0
FaceForensics++_C23\original/637.mp4,510,509,1,0,1,True,1,[0],original,train,0
FaceForensics++_C23\original/638.mp4,698,697,1,0,1,True,1,[0],original,val,0
FaceForensics++_C23\original/639.mp4,662,661,1,0,1,True,1,[0],original,train,0
FaceForensics++_C23\original/640.mp4,306,305,1,0,1,True,1,[0],original,val,0
FaceForensics++_C23\original/641.mp4,350,330,20,6,14,True,20,"[198, 197, 196, 72, 17, 296, 294, 276, 57, 19, 275, 58, 9, 56, 7, 18, 20, 0, 8, 59]",original,train,0
FaceForensics++_C23\original/642.mp4,573,572,1,0,1,True,1,[0],original,train,0
FaceForensics++_C23\original/643.mp4,364,363,1,0,1,True,1,[0],original,train,0
FaceForensics++_C23\original/644.mp4,413,406,7,2,5,True,7,"[0, 408, 411, 410, 412, 407, 409]",original,train,0
FaceForensics++_C23\original/645.mp4,554,493,61,18,43,False,20,"[152, 153, 53, 477, 44, 500, 19, 151, 150, 52, 48, 83, 18, 149, 36, 17, 37, 35, 211, 88]",original,train,0
FaceForensics++_C23\original/646.mp4,440,439,1,0,1,True,1,[0],original,train,0
FaceForensics++_C23\original/647.mp4,699,698,1,0,1,True,1,[0],original,val,0
FaceForensics++_C23\original/648.mp4,471,468,3,1,2,True,3,"[469, 0, 470]",original,train,0
FaceForensics++_C23\original/649.mp4,930,929,1,0,1,True,1,[0],original,val,0
FaceForensics++_C23\original/650.mp4,693,692,1,0,1,True,1,[0],original,test,0
FaceForensics++_C23\original/651.mp4,380,345,35,11,24,False,20,"[291, 271, 311, 294, 279, 304, 269, 339, 373, 376, 377, 374, 375, 369, 367, 372, 211, 208, 93, 209]",original,train,0
FaceForensics++_C23\original/652.mp4,456,441,15,5,10,True,15,"[215, 346, 213, 214, 216, 148, 147, 145, 129, 142, 144, 128, 143, 0, 127]",original,train,0
FaceForensics++_C23\original/653.mp4,731,700,31,10,21,False,20,"[0, 356, 261, 285, 355, 280, 250, 281, 41, 262, 251, 44, 260, 270, 249, 283, 282, 354, 284, 222]",original,train,0
FaceForensics++_C23\original/654.mp4,410,409,1,0,1,True,1,[0],original,train,0
FaceForensics++_C23\original/655.mp4,678,671,7,2,5,True,7,"[252, 632, 250, 0, 253, 251, 59]",original,train,0
FaceForensics++_C23\original/656.mp4,505,504,1,0,1,True,1,[0],original,val,0
FaceForensics++_C23\original/657.mp4,546,520,26,8,18,True,20,"[301, 297, 303, 305, 299, 27, 304, 300, 302, 298, 11, 10, 9, 7, 8, 6, 531, 0, 5, 3]",original,train,0
FaceForensics++_C23\original/658.mp4,404,403,1,0,1,True,1,[0],original,train,0
FaceForensics++_C23\original/659.mp4,1001,988,13,4,9,True,13,"[67, 158, 3, 214, 5, 348, 937, 91, 929, 0, 670, 662, 850]",original,train,0
FaceForensics++_C23\original/660.mp4,340,145,195,59,136,False,20,"[154, 146, 317, 312, 158, 114, 155, 311, 116, 112, 91, 113, 156, 157, 319, 166, 117, 147, 104, 202]",original,test,0
FaceForensics++_C23\original/661.mp4,513,509,4,1,3,True,4,"[90, 401, 205, 0]",original,test,0
FaceForensics++_C23\original/662.mp4,496,493,3,1,2,True,3,"[52, 427, 0]",original,train,0
FaceForensics++_C23\original/663.mp4,316,315,1,0,1,True,1,[0],original,train,0
FaceForensics++_C23\original/664.mp4,293,292,1,0,1,True,1,[0],original,val,0
FaceForensics++_C23\original/665.mp4,324,323,1,0,1,True,1,[0],original,train,0
FaceForensics++_C23\original/666.mp4,383,382,1,0,1,True,1,[0],original,val,0
FaceForensics++_C23\original/667.mp4,469,429,40,12,28,False,20,"[466, 467, 112, 302, 391, 113, 319, 116, 118, 311, 303, 111, 315, 114, 117, 304, 309, 300, 119, 122]",original,train,0
FaceForensics++_C23\original/668.mp4,398,397,1,0,1,True,1,[0],original,val,0
FaceForensics++_C23\original/669.mp4,489,488,1,0,1,True,1,[0],original,test,0
FaceForensics++_C23\original/670.mp4,481,479,2,1,1,True,2,"[96, 0]",original,test,0
FaceForensics++_C23\original/671.mp4,343,342,1,0,1,True,1,[0],original,train,0
FaceForensics++_C23\original/672.mp4,541,540,1,0,1,True,1,[0],original,val,0
FaceForensics++_C23\original/673.mp4,592,591,1,0,1,True,1,[0],original,train,0
FaceForensics++_C23\original/674.mp4,367,363,4,1,3,True,4,"[0, 151, 160, 159]",original,train,0
FaceForensics++_C23\original/675.mp4,421,420,1,0,1,True,1,[0],original,test,0
FaceForensics++_C23\original/676.mp4,515,509,6,2,4,True,6,"[304, 199, 455, 303, 109, 0]",original,train,0
FaceForensics++_C23\original/677.mp4,314,312,2,1,1,True,2,"[264, 0]",original,train,0
FaceForensics++_C23\original/678.mp4,400,321,79,24,55,False,20,"[78, 114, 30, 0, 40, 49, 48, 39, 29, 41, 45, 116, 50, 32, 36, 43, 28, 47, 33, 38]",original,train,0
FaceForensics++_C23\original/679.mp4,416,415,1,0,1,True,1,[0],original,train,0
FaceForensics++_C23\original/680.mp4,300,299,1,0,1,True,1,[0],original,train,0
FaceForensics++_C23\original/681.mp4,840,839,1,0,1,True,1,[0],original,train,0
FaceForensics++_C23\original/682.mp4,965,964,1,0,1,True,1,[0],original,test,0
FaceForensics++_C23\original/683.mp4,302,301,1,0,1,True,1,[0],original,test,0
FaceForensics++_C23\original/684.mp4,497,496,1,0,1,True,1,[0],original,train,0
FaceForensics++_C23\original/685.mp4,522,521,1,0,1,True,1,[0],original,train,0
FaceForensics++_C23\original/686.mp4,342,341,1,0,1,True,1,[0],original,train,0
FaceForensics++_C23\original/687.mp4,469,468,1,0,1,True,1,[0],original,train,0
FaceForensics++_C23\original/688.mp4,571,564,7,2,5,True,7,"[521, 522, 523, 524, 0, 526, 525]",original,train,0
FaceForensics++_C23\original/689.mp4,455,454,1,0,1,True,1,[0],original,train,0
FaceForensics++_C23\original/690.mp4,331,328,3,1,2,True,3,"[329, 330, 0]",original,train,0
FaceForensics++_C23\original/691.mp4,540,539,1,0,1,True,1,[0],original,test,0
FaceForensics++_C23\original/692.mp4,354,344,10,3,7,True,10,"[35, 36, 12, 351, 24, 350, 0, 352, 305, 341]",original,train,0
FaceForensics++_C23\original/693.mp4,595,576,19,6,13,True,19,"[186, 185, 29, 31, 30, 32, 187, 0, 28, 418, 188, 190, 429, 434, 189, 431, 430, 433, 432]",original,train,0
FaceForensics++_C23\original/694.mp4,299,298,1,0,1,True,1,[0],original,train,0
FaceForensics++_C23\original/695.mp4,310,308,2,1,1,True,2,"[184, 0]",original,test,0
FaceForensics++_C23\original/696.mp4,405,404,1,0,1,True,1,[0],original,train,0
FaceForensics++_C23\original/697.mp4,465,464,1,0,1,True,1,[0],original,train,0
FaceForensics++_C23\original/698.mp4,304,303,1,0,1,True,1,[0],original,train,0
FaceForensics++_C23\original/699.mp4,524,523,1,0,1,True,1,[0],original,train,0
FaceForensics++_C23\original/700.mp4,333,332,1,0,1,True,1,[0],original,train,0
FaceForensics++_C23\original/701.mp4,393,392,1,0,1,True,1,[0],original,test,0
FaceForensics++_C23\original/702.mp4,749,741,8,3,5,True,8,"[0, 392, 387, 393, 386, 385, 384, 383]",original,val,0
FaceForensics++_C23\original/703.mp4,375,374,1,0,1,True,1,[0],original,train,0
FaceForensics++_C23\original/704.mp4,450,449,1,0,1,True,1,[0],original,train,0
FaceForensics++_C23\original/705.mp4,473,472,1,0,1,True,1,[0],original,test,0
FaceForensics++_C23\original/706.mp4,328,321,7,2,5,True,7,"[118, 238, 0, 70, 69, 68, 327]",original,test,0
FaceForensics++_C23\original/707.mp4,1034,1001,33,10,23,False,20,"[199, 504, 824, 202, 528, 521, 804, 814, 527, 825, 526, 522, 538, 219, 501, 529, 813, 829, 833, 0]",original,test,0
FaceForensics++_C23\original/708.mp4,549,548,1,0,1,True,1,[0],original,train,0
FaceForensics++_C23\original/709.mp4,300,294,6,2,4,True,6,"[0, 37, 36, 39, 38, 40]",original,train,0
FaceForensics++_C23\original/710.mp4,378,377,1,0,1,True,1,[0],original,train,0
FaceForensics++_C23\original/711.mp4,292,291,1,0,1,True,1,[0],original,train,0
FaceForensics++_C23\original/712.mp4,550,549,1,0,1,True,1,[0],original,train,0
FaceForensics++_C23\original/713.mp4,527,365,162,49,113,False,20,"[524, 336, 334, 98, 333, 525, 338, 523, 518, 432, 0, 420, 417, 332, 521, 141, 250, 515, 428, 69]",original,train,0
FaceForensics++_C23\original/714.mp4,560,559,1,0,1,True,1,[0],original,test,0
FaceForensics++_C23\original/715.mp4,856,854,2,1,1,True,2,"[0, 17]",original,train,0
FaceForensics++_C23\original/716.mp4,628,627,1,0,1,True,1,[0],original,train,0
FaceForensics++_C23\original/717.mp4,374,373,1,0,1,True,1,[0],original,train,0
FaceForensics++_C23\original/718.mp4,578,545,33,10,23,False,20,"[47, 282, 418, 370, 391, 0, 349, 423, 348, 480, 255, 283, 347, 389, 390, 479, 388, 371, 346, 253]",original,train,0
FaceForensics++_C23\original/719.mp4,402,401,1,0,1,True,1,[0],original,train,0
FaceForensics++_C23\original/720.mp4,564,563,1,0,1,True,1,[0],original,val,0
FaceForensics++_C23\original/721.mp4,581,578,3,1,2,True,3,"[249, 533, 0]",original,train,0
FaceForensics++_C23\original/722.mp4,396,372,24,7,17,True,20,"[255, 254, 256, 257, 258, 259, 260, 0, 261, 262, 263, 264, 265, 287, 266, 267, 268, 269, 270, 271]",original,train,0
FaceForensics++_C23\original/723.mp4,730,729,1,0,1,True,1,[0],original,train,0
FaceForensics++_C23\original/724.mp4,600,599,1,0,1,True,1,[0],original,test,0
FaceForensics++_C23\original/725.mp4,699,698,1,0,1,True,1,[0],original,test,0
FaceForensics++_C23\original/726.mp4,410,407,3,1,2,True,3,"[0, 392, 391]",original,train,0
FaceForensics++_C23\original/727.mp4,554,553,1,0,1,True,1,[0],original,val,0
FaceForensics++_C23\original/728.mp4,568,548,20,6,14,True,20,"[530, 535, 538, 536, 33, 537, 314, 32, 534, 43, 531, 31, 532, 533, 138, 141, 315, 139, 0, 140]",original,train,0
FaceForensics++_C23\original/729.mp4,636,633,3,1,2,True,3,"[0, 275, 121]",original,val,0
FaceForensics++_C23\original/730.mp4,719,717,2,1,1,True,2,"[0, 325]",original,train,0
FaceForensics++_C23\original/731.mp4,778,777,1,0,1,True,1,[0],original,test,0
FaceForensics++_C23\original/732.mp4,426,405,21,6,15,True,20,"[20, 0, 23, 18, 8, 6, 4, 2, 22, 24, 19, 25, 17, 50, 11, 21, 9, 5, 7, 1]",original,test,0
FaceForensics++_C23\original/733.mp4,518,507,11,3,8,True,11,"[380, 335, 331, 332, 333, 330, 273, 318, 334, 0, 2]",original,train,0
FaceForensics++_C23\original/734.mp4,1098,1097,1,0,1,True,1,[0],original,train,0
FaceForensics++_C23\original/735.mp4,802,801,1,0,1,True,1,[0],original,train,0
FaceForensics++_C23\original/736.mp4,414,413,1,0,1,True,1,[0],original,train,0
FaceForensics++_C23\original/737.mp4,369,359,10,3,7,True,10,"[0, 265, 24, 272, 363, 268, 21, 364, 365, 367]",original,train,0
FaceForensics++_C23\original/738.mp4,417,405,12,4,8,True,12,"[0, 152, 301, 151, 337, 338, 150, 149, 52, 51, 148, 359]",original,train,0
FaceForensics++_C23\original/739.mp4,304,303,1,0,1,True,1,[0],original,test,0
FaceForensics++_C23\original/740.mp4,348,346,2,1,1,True,2,"[347, 0]",original,train,0
FaceForensics++_C23\original/741.mp4,370,369,1,0,1,True,1,[0],original,test,0
FaceForensics++_C23\original/742.mp4,623,622,1,0,1,True,1,[0],original,val,0
FaceForensics++_C23\original/743.mp4,311,310,1,0,1,True,1,[0],original,train,0
FaceForensics++_C23\original/744.mp4,294,276,18,6,12,True,18,"[53, 64, 65, 63, 62, 0, 169, 274, 19, 61, 54, 79, 77, 78, 66, 84, 81, 83]",original,train,0
FaceForensics++_C23\original/745.mp4,569,568,1,0,1,True,1,[0],original,val,0
FaceForensics++_C23\original/746.mp4,493,492,1,0,1,True,1,[0],original,val,0
FaceForensics++_C23\original/747.mp4,470,469,1,0,1,True,1,[0],original,train,0
FaceForensics++_C23\original/748.mp4,318,288,30,9,21,False,20,"[234, 244, 248, 240, 230, 226, 228, 238, 236, 224, 218, 0, 216, 212, 214, 304, 272, 282, 280, 260]",original,train,0
FaceForensics++_C23\original/749.mp4,693,692,1,0,1,True,1,[0],original,train,0
FaceForensics++_C23\original/750.mp4,441,398,43,13,30,False,20,"[440, 0, 183, 184, 340, 122, 185, 114, 341, 395, 391, 332, 331, 258, 124, 283, 284, 151, 116, 201]",original,train,0
FaceForensics++_C23\original/751.mp4,331,260,71,21,50,False,20,"[0, 3, 14, 25, 18, 21, 82, 80, 255, 266, 262, 129, 136, 134, 216, 140, 321, 226, 158, 133]",original,train,0
FaceForensics++_C23\original/752.mp4,1016,984,32,10,22,False,20,"[866, 862, 803, 730, 1004, 280, 0, 897, 832, 656, 1006, 652, 834, 842, 1007, 846, 838, 1008, 754, 323]",original,train,0
FaceForensics++_C23\original/753.mp4,686,684,2,1,1,True,2,"[1, 0]",original,train,0
FaceForensics++_C23\original/754.mp4,401,400,1,0,1,True,1,[0],original,train,0
FaceForensics++_C23\original/755.mp4,336,335,1,0,1,True,1,[0],original,test,0
FaceForensics++_C23\original/756.mp4,570,568,2,1,1,True,2,"[0, 188]",original,train,0
FaceForensics++_C23\original/757.mp4,441,440,1,0,1,True,1,[0],original,train,0
FaceForensics++_C23\original/758.mp4,391,389,2,1,1,True,2,"[0, 336]",original,train,0
FaceForensics++_C23\original/759.mp4,434,433,1,0,1,True,1,[0],original,test,0
FaceForensics++_C23\original/760.mp4,306,305,1,0,1,True,1,[0],original,train,0
FaceForensics++_C23\original/761.mp4,343,333,10,3,7,True,10,"[33, 16, 13, 17, 8, 9, 10, 21, 20, 0]",original,train,0
FaceForensics++_C23\original/762.mp4,416,415,1,0,1,True,1,[0],original,val,0
FaceForensics++_C23\original/763.mp4,812,811,1,0,1,True,1,[0],original,train,0
FaceForensics++_C23\original/764.mp4,369,368,1,0,1,True,1,[0],original,train,0
FaceForensics++_C23\original/765.mp4,388,387,1,0,1,True,1,[0],original,train,0
FaceForensics++_C23\original/766.mp4,860,859,1,0,1,True,1,[0],original,train,0
FaceForensics++_C23\original/767.mp4,407,406,1,0,1,True,1,[0],original,train,0
FaceForensics++_C23\original/768.mp4,330,329,1,0,1,True,1,[0],original,val,0
FaceForensics++_C23\original/769.mp4,484,483,1,0,1,True,1,[0],original,train,0
FaceForensics++_C23\original/770.mp4,653,652,1,0,1,True,1,[0],original,train,0
FaceForensics++_C23\original/771.mp4,634,633,1,0,1,True,1,[0],original,train,0
FaceForensics++_C23\original/772.mp4,341,340,1,0,1,True,1,[0],original,train,0
FaceForensics++_C23\original/773.mp4,579,578,1,0,1,True,1,[0],original,train,0
FaceForensics++_C23\original/774.mp4,313,312,1,0,1,True,1,[0],original,train,0
FaceForensics++_C23\original/775.mp4,559,558,1,0,1,True,1,[0],original,val,0
FaceForensics++_C23\original/776.mp4,331,262,69,21,48,False,20,"[266, 191, 267, 195, 272, 268, 270, 300, 197, 193, 192, 225, 47, 275, 150, 198, 196, 40, 283, 271]",original,train,0
FaceForensics++_C23\original/777.mp4,325,324,1,0,1,True,1,[0],original,val,0
FaceForensics++_C23\original/778.mp4,328,327,1,0,1,True,1,[0],original,train,0
FaceForensics++_C23\original/779.mp4,306,305,1,0,1,True,1,[0],original,val,0
FaceForensics++_C23\original/780.mp4,402,401,1,0,1,True,1,[0],original,train,0
FaceForensics++_C23\original/781.mp4,475,474,1,0,1,True,1,[0],original,train,0
FaceForensics++_C23\original/782.mp4,556,555,1,0,1,True,1,[0],original,train,0
FaceForensics++_C23\original/783.mp4,403,402,1,0,1,True,1,[0],original,train,0
FaceForensics++_C23\original/784.mp4,557,556,1,0,1,True,1,[0],original,train,0
FaceForensics++_C23\original/785.mp4,413,412,1,0,1,True,1,[0],original,train,0
FaceForensics++_C23\original/786.mp4,520,426,94,28,66,False,20,"[0, 100, 244, 26, 109, 34, 115, 35, 101, 111, 32, 110, 175, 33, 119, 117, 116, 36, 173, 107]",original,train,0
FaceForensics++_C23\original/787.mp4,502,494,8,3,5,True,8,"[0, 413, 409, 412, 414, 411, 410, 320]",original,train,0
FaceForensics++_C23\original/788.mp4,534,225,309,93,216,False,20,"[465, 461, 469, 463, 473, 460, 477, 480, 437, 459, 464, 457, 462, 369, 471, 455, 467, 474, 458, 318]",original,train,0
FaceForensics++_C23\original/789.mp4,567,544,23,7,16,True,20,"[399, 405, 401, 411, 403, 400, 398, 391, 404, 0, 473, 394, 531, 395, 406, 393, 530, 410, 396, 301]",original,train,0
FaceForensics++_C23\original/790.mp4,690,689,1,0,1,True,1,[0],original,train,0
FaceForensics++_C23\original/791.mp4,333,329,4,1,3,True,4,"[46, 67, 66, 0]",original,train,0
FaceForensics++_C23\original/792.mp4,383,381,2,1,1,True,2,"[0, 382]",original,train,0
FaceForensics++_C23\original/793.mp4,590,588,2,1,1,True,2,"[589, 0]",original,val,0
FaceForensics++_C23\original/794.mp4,879,868,11,3,8,True,11,"[0, 479, 810, 403, 157, 658, 734, 66, 327, 575, 232]",original,val,0
FaceForensics++_C23\original/795.mp4,550,549,1,0,1,True,1,[0],original,train,0
FaceForensics++_C23\original/796.mp4,1001,1000,1,0,1,True,1,[0],original,train,0
FaceForensics++_C23\original/797.mp4,434,429,5,2,3,True,5,"[29, 272, 0, 415, 271]",original,train,0
FaceForensics++_C23\original/798.mp4,371,370,1,0,1,True,1,[0],original,train,0
FaceForensics++_C23\original/799.mp4,1227,904,323,97,226,False,20,"[1082, 1076, 1085, 1069, 1077, 1074, 1071, 1079, 1089, 1092, 1075, 1083, 1054, 983, 1078, 1070, 1081, 1072, 1062, 1065]",original,train,0
FaceForensics++_C23\original/800.mp4,338,337,1,0,1,True,1,[0],original,train,0
FaceForensics++_C23\original/801.mp4,444,443,1,0,1,True,1,[0],original,test,0
FaceForensics++_C23\original/802.mp4,351,350,1,0,1,True,1,[0],original,train,0
FaceForensics++_C23\original/803.mp4,297,290,7,2,5,True,7,"[0, 257, 254, 137, 138, 256, 255]",original,train,0
FaceForensics++_C23\original/804.mp4,359,354,5,2,3,True,5,"[0, 358, 356, 357, 355]",original,train,0
FaceForensics++_C23\original/805.mp4,411,395,16,5,11,True,16,"[0, 177, 375, 328, 221, 327, 326, 158, 145, 146, 147, 148, 149, 159, 151, 150]",original,train,0
FaceForensics++_C23\original/806.mp4,301,300,1,0,1,True,1,[0],original,train,0
FaceForensics++_C23\original/807.mp4,650,641,9,3,6,True,9,"[521, 68, 194, 306, 69, 522, 0, 195, 307]",original,val,0
FaceForensics++_C23\original/808.mp4,637,633,4,1,3,True,4,"[384, 0, 383, 398]",original,train,0
FaceForensics++_C23\original/809.mp4,367,366,1,0,1,True,1,[0],original,train,0
FaceForensics++_C23\original/810.mp4,1052,1048,4,1,3,True,4,"[225, 573, 1050, 0]",original,train,0
FaceForensics++_C23\original/811.mp4,542,541,1,0,1,True,1,[0],original,train,0
FaceForensics++_C23\original/812.mp4,433,432,1,0,1,True,1,[0],original,test,0
FaceForensics++_C23\original/813.mp4,360,251,109,33,76,False,20,"[336, 259, 273, 272, 262, 286, 271, 37, 339, 34, 337, 155, 342, 341, 274, 30, 354, 28, 257, 349]",original,train,0
FaceForensics++_C23\original/814.mp4,550,549,1,0,1,True,1,[0],original,train,0
FaceForensics++_C23\original/815.mp4,452,451,1,0,1,True,1,[0],original,train,0
FaceForensics++_C23\original/816.mp4,411,410,1,0,1,True,1,[0],original,val,0
FaceForensics++_C23\original/817.mp4,419,418,1,0,1,True,1,[0],original,val,0
FaceForensics++_C23\original/818.mp4,466,465,1,0,1,True,1,[0],original,val,0
FaceForensics++_C23\original/819.mp4,927,926,1,0,1,True,1,[0],original,train,0
FaceForensics++_C23\original/820.mp4,665,664,1,0,1,True,1,[0],original,val,0
FaceForensics++_C23\original/821.mp4,423,422,1,0,1,True,1,[0],original,test,0
FaceForensics++_C23\original/822.mp4,297,296,1,0,1,True,1,[0],original,train,0
FaceForensics++_C23\original/823.mp4,672,566,106,32,74,False,20,"[653, 664, 636, 399, 559, 500, 582, 389, 516, 609, 635, 335, 613, 606, 608, 336, 616, 536, 325, 607]",original,val,0
FaceForensics++_C23\original/824.mp4,577,473,104,31,73,False,20,"[0, 4, 1, 2, 3, 8, 12, 24, 5, 20, 16, 28, 6, 7, 9, 10, 11, 26, 22, 27]",original,val,0
FaceForensics++_C23\original/825.mp4,547,546,1,0,1,True,1,[0],original,train,0
FaceForensics++_C23\original/826.mp4,355,354,1,0,1,True,1,[0],original,train,0
FaceForensics++_C23\original/827.mp4,311,310,1,0,1,True,1,[0],original,val,0
FaceForensics++_C23\original/828.mp4,319,318,1,0,1,True,1,[0],original,train,0
FaceForensics++_C23\original/829.mp4,801,798,3,1,2,True,3,"[0, 144, 145]",original,train,0
FaceForensics++_C23\original/830.mp4,511,510,1,0,1,True,1,[0],original,train,0
FaceForensics++_C23\original/831.mp4,327,321,6,2,4,True,6,"[0, 313, 108, 315, 314, 109]",original,train,0
FaceForensics++_C23\original/832.mp4,553,552,1,0,1,True,1,[0],original,val,0
FaceForensics++_C23\original/833.mp4,600,566,34,10,24,False,20,"[539, 547, 535, 515, 543, 503, 551, 537, 554, 513, 545, 514, 540, 536, 579, 512, 577, 549, 541, 546]",original,train,0
FaceForensics++_C23\original/834.mp4,303,292,11,3,8,True,11,"[115, 176, 119, 186, 20, 7, 10, 6, 0, 3, 5]",original,val,0
FaceForensics++_C23\original/835.mp4,426,425,1,0,1,True,1,[0],original,train,0
FaceForensics++_C23\original/836.mp4,343,342,1,0,1,True,1,[0],original,train,0
FaceForensics++_C23\original/837.mp4,443,442,1,0,1,True,1,[0],original,val,0
FaceForensics++_C23\original/838.mp4,457,456,1,0,1,True,1,[0],original,train,0
FaceForensics++_C23\original/839.mp4,385,384,1,0,1,True,1,[0],original,train,0
FaceForensics++_C23\original/840.mp4,840,838,2,1,1,True,2,"[73, 0]",original,train,0
FaceForensics++_C23\original/841.mp4,519,518,1,0,1,True,1,[0],original,train,0
FaceForensics++_C23\original/842.mp4,447,262,185,56,129,False,20,"[0, 44, 54, 55, 62, 56, 43, 63, 64, 136, 65, 124, 60, 192, 100, 61, 57, 118, 158, 374]",original,test,0
FaceForensics++_C23\original/843.mp4,318,317,1,0,1,True,1,[0],original,train,0
FaceForensics++_C23\original/844.mp4,852,851,1,0,1,True,1,[0],original,train,0
FaceForensics++_C23\original/845.mp4,356,355,1,0,1,True,1,[0],original,train,0
FaceForensics++_C23\original/846.mp4,353,344,9,3,6,True,9,"[352, 351, 0, 331, 3, 2, 5, 4, 6]",original,train,0
FaceForensics++_C23\original/847.mp4,301,292,9,3,6,True,9,"[0, 79, 78, 73, 74, 71, 72, 70, 69]",original,test,0
FaceForensics++_C23\original/848.mp4,360,359,1,0,1,True,1,[0],original,train,0
FaceForensics++_C23\original/849.mp4,322,320,2,1,1,True,2,"[0, 66]",original,train,0
FaceForensics++_C23\original/850.mp4,612,611,1,0,1,True,1,[0],original,train,0
FaceForensics++_C23\original/851.mp4,833,831,2,1,1,True,2,"[167, 0]",original,test,0
FaceForensics++_C23\original/852.mp4,427,426,1,0,1,True,1,[0],original,val,0
FaceForensics++_C23\original/853.mp4,616,615,1,0,1,True,1,[0],original,train,0
FaceForensics++_C23\original/854.mp4,294,293,1,0,1,True,1,[0],original,train,0
FaceForensics++_C23\original/855.mp4,630,629,1,0,1,True,1,[0],original,test,0
FaceForensics++_C23\original/856.mp4,1103,1102,1,0,1,True,1,[0],original,train,0
FaceForensics++_C23\original/857.mp4,640,639,1,0,1,True,1,[0],original,val,0
FaceForensics++_C23\original/858.mp4,483,482,1,0,1,True,1,[0],original,train,0
FaceForensics++_C23\original/859.mp4,333,332,1,0,1,True,1,[0],original,train,0
FaceForensics++_C23\original/860.mp4,459,436,23,7,16,True,20,"[192, 191, 190, 189, 175, 186, 174, 185, 187, 188, 176, 184, 182, 173, 181, 183, 178, 180, 177, 179]",original,train,0
FaceForensics++_C23\original/861.mp4,594,388,206,62,144,False,20,"[156, 504, 505, 527, 502, 503, 528, 524, 531, 506, 529, 360, 8, 520, 424, 416, 400, 523, 417, 359]",original,train,0
FaceForensics++_C23\original/862.mp4,470,468,2,1,1,True,2,"[0, 469]",original,test,0
FaceForensics++_C23\original/863.mp4,513,509,4,1,3,True,4,"[408, 409, 0, 34]",original,train,0
FaceForensics++_C23\original/864.mp4,326,325,1,0,1,True,1,[0],original,train,0
FaceForensics++_C23\original/865.mp4,347,346,1,0,1,True,1,[0],original,test,0
FaceForensics++_C23\original/866.mp4,509,508,1,0,1,True,1,[0],original,train,0
FaceForensics++_C23\original/867.mp4,1489,1488,1,0,1,True,1,[0],original,train,0
FaceForensics++_C23\original/868.mp4,431,429,2,1,1,True,2,"[0, 53]",original,test,0
FaceForensics++_C23\original/869.mp4,333,329,4,1,3,True,4,"[0, 87, 192, 270]",original,train,0
FaceForensics++_C23\original/870.mp4,604,600,4,1,3,True,4,"[69, 68, 70, 0]",original,train,0
FaceForensics++_C23\original/871.mp4,348,346,2,1,1,True,2,"[14, 0]",original,train,0
FaceForensics++_C23\original/872.mp4,474,473,1,0,1,True,1,[0],original,train,0
FaceForensics++_C23\original/873.mp4,884,883,1,0,1,True,1,[0],original,train,0
FaceForensics++_C23\original/874.mp4,469,461,8,3,5,True,8,"[0, 21, 377, 20, 96, 22, 376, 378]",original,train,0
FaceForensics++_C23\original/875.mp4,422,421,1,0,1,True,1,[0],original,val,0
FaceForensics++_C23\original/876.mp4,313,312,1,0,1,True,1,[0],original,train,0
FaceForensics++_C23\original/877.mp4,570,569,1,0,1,True,1,[0],original,train,0
FaceForensics++_C23\original/878.mp4,736,735,1,0,1,True,1,[0],original,train,0
FaceForensics++_C23\original/879.mp4,839,838,1,0,1,True,1,[0],original,train,0
FaceForensics++_C23\original/880.mp4,435,434,1,0,1,True,1,[0],original,test,0
FaceForensics++_C23\original/881.mp4,638,637,1,0,1,True,1,[0],original,train,0
FaceForensics++_C23\original/882.mp4,333,317,16,5,11,True,16,"[229, 143, 173, 70, 142, 0, 144, 35, 174, 156, 145, 146, 175, 224, 176, 36]",original,train,0
FaceForensics++_C23\original/883.mp4,433,415,18,6,12,True,18,"[236, 235, 233, 232, 311, 231, 230, 312, 313, 237, 432, 93, 0, 13, 14, 16, 17, 11]",original,train,0
FaceForensics++_C23\original/884.mp4,343,316,27,8,19,True,20,"[158, 9, 81, 82, 11, 7, 10, 200, 8, 83, 86, 85, 13, 202, 84, 201, 0, 199, 12, 176]",original,train,0
FaceForensics++_C23\original/885.mp4,329,328,1,0,1,True,1,[0],original,train,0
FaceForensics++_C23\original/886.mp4,525,524,1,0,1,True,1,[0],original,train,0
FaceForensics++_C23\original/887.mp4,339,335,4,1,3,True,4,"[0, 146, 159, 135]",original,train,0
FaceForensics++_C23\original/888.mp4,307,306,1,0,1,True,1,[0],original,train,0
FaceForensics++_C23\original/889.mp4,329,281,48,15,33,False,20,"[94, 153, 88, 133, 84, 159, 87, 154, 240, 83, 82, 0, 74, 99, 76, 63, 68, 134, 78, 80]",original,train,0
FaceForensics++_C23\original/890.mp4,341,338,3,1,2,True,3,"[3, 0, 2]",original,val,0
FaceForensics++_C23\original/891.mp4,296,295,1,0,1,True,1,[0],original,train,0
FaceForensics++_C23\original/892.mp4,311,307,4,1,3,True,4,"[17, 19, 18, 0]",original,train,0
FaceForensics++_C23\original/893.mp4,537,536,1,0,1,True,1,[0],original,train,0
FaceForensics++_C23\original/894.mp4,328,327,1,0,1,True,1,[0],original,train,0
FaceForensics++_C23\original/895.mp4,294,293,1,0,1,True,1,[0],original,val,0
FaceForensics++_C23\original/896.mp4,531,530,1,0,1,True,1,[0],original,test,0
FaceForensics++_C23\original/897.mp4,333,332,1,0,1,True,1,[0],original,train,0
FaceForensics++_C23\original/898.mp4,349,348,1,0,1,True,1,[0],original,val,0
FaceForensics++_C23\original/899.mp4,560,559,1,0,1,True,1,[0],original,train,0
FaceForensics++_C23\original/900.mp4,341,340,1,0,1,True,1,[0],original,val,0
FaceForensics++_C23\original/901.mp4,523,522,1,0,1,True,1,[0],original,train,0
FaceForensics++_C23\original/902.mp4,295,294,1,0,1,True,1,[0],original,train,0
FaceForensics++_C23\original/903.mp4,567,554,13,4,9,True,13,"[0, 19, 491, 17, 360, 20, 16, 18, 359, 21, 357, 358, 356]",original,train,0
FaceForensics++_C23\original/904.mp4,359,358,1,0,1,True,1,[0],original,val,0
FaceForensics++_C23\original/905.mp4,382,375,7,2,5,True,7,"[0, 169, 375, 296, 376, 377, 381]",original,train,0
FaceForensics++_C23\original/906.mp4,389,388,1,0,1,True,1,[0],original,test,0
FaceForensics++_C23\original/907.mp4,525,524,1,0,1,True,1,[0],original,train,0
FaceForensics++_C23\original/908.mp4,667,664,3,1,2,True,3,"[462, 0, 316]",original,train,0
FaceForensics++_C23\original/909.mp4,637,636,1,0,1,True,1,[0],original,val,0
FaceForensics++_C23\original/910.mp4,292,291,1,0,1,True,1,[0],original,train,0
FaceForensics++_C23\original/911.mp4,329,328,1,0,1,True,1,[0],original,train,0
FaceForensics++_C23\original/912.mp4,647,646,1,0,1,True,1,[0],original,val,0
FaceForensics++_C23\original/913.mp4,634,633,1,0,1,True,1,[0],original,train,0
FaceForensics++_C23\original/914.mp4,307,306,1,0,1,True,1,[0],original,train,0
FaceForensics++_C23\original/915.mp4,352,351,1,0,1,True,1,[0],original,val,0
FaceForensics++_C23\original/916.mp4,484,477,7,2,5,True,7,"[314, 0, 2, 4, 3, 5, 6]",original,train,0
FaceForensics++_C23\original/917.mp4,448,442,6,2,4,True,6,"[447, 77, 78, 80, 76, 0]",original,test,0
FaceForensics++_C23\original/918.mp4,472,471,1,0,1,True,1,[0],original,train,0
FaceForensics++_C23\original/919.mp4,534,532,2,1,1,True,2,"[533, 0]",original,test,0
FaceForensics++_C23\original/920.mp4,371,364,7,2,5,True,7,"[0, 138, 133, 139, 142, 140, 141]",original,train,0
FaceForensics++_C23\original/921.mp4,296,295,1,0,1,True,1,[0],original,train,0
FaceForensics++_C23\original/922.mp4,616,609,7,2,5,True,7,"[409, 242, 485, 166, 90, 334, 0]",original,val,0
FaceForensics++_C23\original/923.mp4,602,601,1,0,1,True,1,[0],original,val,0
FaceForensics++_C23\original/924.mp4,1248,1247,1,0,1,True,1,[0],original,test,0
FaceForensics++_C23\original/925.mp4,356,355,1,0,1,True,1,[0],original,val,0
FaceForensics++_C23\original/926.mp4,333,332,1,0,1,True,1,[0],original,val,0
FaceForensics++_C23\original/927.mp4,697,696,1,0,1,True,1,[0],original,val,0
FaceForensics++_C23\original/928.mp4,376,375,1,0,1,True,1,[0],original,train,0
FaceForensics++_C23\original/929.mp4,462,460,2,1,1,True,2,"[0, 421]",original,train,0
FaceForensics++_C23\original/930.mp4,448,191,257,77,180,False,20,"[0, 291, 377, 207, 373, 380, 12, 184, 200, 281, 288, 204, 160, 361, 257, 254, 355, 365, 196, 192]",original,train,0
FaceForensics++_C23\original/931.mp4,319,318,1,0,1,True,1,[0],original,train,0
FaceForensics++_C23\original/932.mp4,484,433,51,15,36,False,20,"[0, 345, 416, 346, 347, 415, 348, 351, 353, 117, 349, 350, 352, 289, 116, 288, 70, 287, 285, 72]",original,test,0
FaceForensics++_C23\original/933.mp4,494,493,1,0,1,True,1,[0],original,val,0
FaceForensics++_C23\original/934.mp4,377,376,1,0,1,True,1,[0],original,train,0
FaceForensics++_C23\original/935.mp4,540,537,3,1,2,True,3,"[0, 309, 302]",original,train,0
FaceForensics++_C23\original/936.mp4,297,284,13,4,9,True,13,"[159, 158, 168, 176, 166, 169, 160, 161, 0, 164, 165, 162, 163]",original,train,0
FaceForensics++_C23\original/937.mp4,455,426,29,9,20,False,20,"[241, 0, 162, 25, 32, 161, 26, 168, 160, 24, 27, 23, 167, 156, 31, 22, 166, 163, 159, 155]",original,train,0
FaceForensics++_C23\original/938.mp4,369,350,19,6,13,True,19,"[272, 0, 106, 38, 101, 5, 177, 166, 165, 155, 171, 168, 169, 15, 170, 167, 25, 176, 175]",original,train,0
FaceForensics++_C23\original/939.mp4,511,508,3,1,2,True,3,"[0, 509, 510]",original,val,0
FaceForensics++_C23\original/940.mp4,309,308,1,0,1,True,1,[0],original,train,0
FaceForensics++_C23\original/941.mp4,494,493,1,0,1,True,1,[0],original,train,0
FaceForensics++_C23\original/942.mp4,495,494,1,0,1,True,1,[0],original,train,0
FaceForensics++_C23\original/943.mp4,470,469,1,0,1,True,1,[0],original,train,0
FaceForensics++_C23\original/944.mp4,342,341,1,0,1,True,1,[0],original,train,0
FaceForensics++_C23\original/945.mp4,761,741,20,6,14,True,20,"[0, 445, 448, 444, 451, 436, 460, 469, 454, 450, 442, 468, 53, 462, 463, 466, 456, 474, 472, 50]",original,test,0
FaceForensics++_C23\original/946.mp4,462,461,1,0,1,True,1,[0],original,train,0
FaceForensics++_C23\original/947.mp4,641,640,1,0,1,True,1,[0],original,val,0
FaceForensics++_C23\original/948.mp4,434,432,2,1,1,True,2,"[0, 372]",original,train,0
FaceForensics++_C23\original/949.mp4,686,684,2,1,1,True,2,"[0, 207]",original,test,0
FaceForensics++_C23\original/950.mp4,763,755,8,3,5,True,8,"[0, 453, 736, 735, 724, 734, 733, 725]",original,train,0
FaceForensics++_C23\original/951.mp4,1176,1172,4,1,3,True,4,"[0, 1088, 152, 921]",original,val,0
FaceForensics++_C23\original/952.mp4,700,696,4,1,3,True,4,"[0, 99, 98, 100]",original,train,0
FaceForensics++_C23\original/953.mp4,351,346,5,2,3,True,5,"[91, 217, 257, 0, 350]",original,test,0
FaceForensics++_C23\original/954.mp4,376,375,1,0,1,True,1,[0],original,train,0
FaceForensics++_C23\original/955.mp4,531,521,10,3,7,True,10,"[521, 520, 519, 500, 495, 496, 497, 0, 498, 499]",original,test,0
FaceForensics++_C23\original/956.mp4,542,541,1,0,1,True,1,[0],original,val,0
FaceForensics++_C23\original/957.mp4,418,345,73,22,51,False,20,"[381, 402, 401, 400, 12, 411, 385, 380, 408, 384, 16, 20, 404, 32, 382, 36, 7, 413, 399, 412]",original,train,0
FaceForensics++_C23\original/958.mp4,392,375,17,5,12,True,17,"[0, 5, 7, 16, 274, 17, 26, 25, 304, 24, 28, 284, 320, 325, 340, 335, 289]",original,val,0
FaceForensics++_C23\original/959.mp4,482,477,5,2,3,True,5,"[240, 241, 242, 245, 0]",original,train,0
FaceForensics++_C23\original/960.mp4,345,344,1,0,1,True,1,[0],original,train,0
FaceForensics++_C23\original/961.mp4,323,321,2,1,1,True,2,"[0, 18]",original,train,0
FaceForensics++_C23\original/962.mp4,460,459,1,0,1,True,1,[0],original,train,0
FaceForensics++_C23\original/963.mp4,692,691,1,0,1,True,1,[0],original,train,0
FaceForensics++_C23\original/964.mp4,451,450,1,0,1,True,1,[0],original,train,0
FaceForensics++_C23\original/965.mp4,348,347,1,0,1,True,1,[0],original,train,0
FaceForensics++_C23\original/966.mp4,364,351,13,4,9,True,13,"[291, 292, 362, 363, 1, 290, 0, 74, 73, 72, 270, 68, 32]",original,train,0
FaceForensics++_C23\original/967.mp4,412,406,6,2,4,True,6,"[0, 411, 6, 4, 5, 3]",original,train,0
FaceForensics++_C23\original/968.mp4,300,297,3,1,2,True,3,"[0, 172, 173]",original,train,0
FaceForensics++_C23\original/969.mp4,356,355,1,0,1,True,1,[0],original,train,0
FaceForensics++_C23\original/970.mp4,476,475,1,0,1,True,1,[0],original,test,0
FaceForensics++_C23\original/971.mp4,354,353,1,0,1,True,1,[0],original,val,0
FaceForensics++_C23\original/972.mp4,311,310,1,0,1,True,1,[0],original,train,0
FaceForensics++_C23\original/973.mp4,533,532,1,0,1,True,1,[0],original,test,0
FaceForensics++_C23\original/974.mp4,318,314,4,1,3,True,4,"[0, 243, 244, 242]",original,test,0
FaceForensics++_C23\original/975.mp4,304,303,1,0,1,True,1,[0],original,train,0
FaceForensics++_C23\original/976.mp4,328,324,4,1,3,True,4,"[0, 23, 37, 225]",original,train,0
FaceForensics++_C23\original/977.mp4,651,638,13,4,9,True,13,"[427, 502, 501, 500, 499, 444, 99, 0, 120, 100, 101, 121, 122]",original,train,0
FaceForensics++_C23\original/978.mp4,757,756,1,0,1,True,1,[0],original,train,0
FaceForensics++_C23\original/979.mp4,335,334,1,0,1,True,1,[0],original,val,0
FaceForensics++_C23\original/980.mp4,383,382,1,0,1,True,1,[0],original,val,0
FaceForensics++_C23\original/981.mp4,372,371,1,0,1,True,1,[0],original,train,0
FaceForensics++_C23\original/982.mp4,845,844,1,0,1,True,1,[0],original,val,0
FaceForensics++_C23\original/983.mp4,406,405,1,0,1,True,1,[0],original,train,0
FaceForensics++_C23\original/984.mp4,339,338,1,0,1,True,1,[0],original,train,0
FaceForensics++_C23\original/985.mp4,343,341,2,1,1,True,2,"[0, 8]",original,train,0
FaceForensics++_C23\original/986.mp4,828,827,1,0,1,True,1,[0],original,train,0
FaceForensics++_C23\original/987.mp4,575,574,1,0,1,True,1,[0],original,train,0
FaceForensics++_C23\original/988.mp4,455,454,1,0,1,True,1,[0],original,train,0
FaceForensics++_C23\original/989.mp4,960,959,1,0,1,True,1,[0],original,train,0
FaceForensics++_C23\original/990.mp4,305,302,3,1,2,True,3,"[0, 289, 174]",original,train,0
FaceForensics++_C23\original/991.mp4,402,401,1,0,1,True,1,[0],original,val,0
FaceForensics++_C23\original/992.mp4,718,0,718,216,502,False,20,"[676, 650, 679, 644, 683, 649, 646, 648, 647, 643, 682, 677, 680, 681, 678, 665, 664, 645, 651, 663]",original,val,0
FaceForensics++_C23\original/993.mp4,409,408,1,0,1,True,1,[0],original,train,0
FaceForensics++_C23\original/994.mp4,316,307,9,3,6,True,9,"[57, 253, 92, 144, 299, 139, 143, 140, 0]",original,train,0
FaceForensics++_C23\original/995.mp4,548,547,1,0,1,True,1,[0],original,test,0
FaceForensics++_C23\original/996.mp4,312,309,3,1,2,True,3,"[0, 246, 291]",original,train,0
FaceForensics++_C23\original/997.mp4,438,436,2,1,1,True,2,"[0, 118]",original,train,0
FaceForensics++_C23\original/998.mp4,344,343,1,0,1,True,1,[0],original,train,0
FaceForensics++_C23\original/999.mp4,335,334,1,0,1,True,1,[0],original,train,0
